INFO:subject_assignment_engine:Semester 1 load: 34 periods — OK
INFO:subject_assignment_engine:Assignment phases: 0 priority standalone, 8 specialization standalone, 0 remaining standalone, 0 elective groups
INFO:subject_assignment_engine:  ✓ Mathematics for Information Science-1 → Dr. Mini Tom (ai) theory=1 weekly=5 [specialization]
INFO:subject_assignment_engine:  ✓ Mathematics for Information Science-1 → Dr. Sreelekha Menon (ds) theory=1 weekly=5 [specialization]
INFO:subject_assignment_engine:  ✓ Chemistry for Information Science → Ms. Surya K. A. (ai) theory=1 weekly=7 [specialization]
INFO:subject_assignment_engine:  ✓ Chemistry for Information Science → Ms. Reshma R (ds) theory=1 weekly=7 [specialization]
INFO:subject_assignment_engine:  ✓ Engineering Graphics and Computer-Aided Drawing → Dr. Praveensal C. J. (ai) theory=1 weekly=7 [specialization]
INFO:subject_assignment_engine:  ✓ Engineering Graphics and Computer-Aided Drawing → Mr. Francis Thomas (ds) theory=1 weekly=7 [specialization]
INFO:subject_assignment_engine:  ✓ Introduction to Electrical Engineering → Dr. Divya Nath K. (ai) theory=1 weekly=3 [specialization]
INFO:subject_assignment_engine:  ✓ Introduction to Electrical Engineering → Ms. Jayalakshmi S. (ds) theory=1 weekly=3 [specialization]
INFO:subject_assignment_engine:  ✓ Introduction to Electronics Engineering → Ms. Vrinda V. Gopal (ai) theory=1 weekly=3 [specialization]
INFO:subject_assignment_engine:  ✓ Introduction to Electronics Engineering → Ms. Praveena S. Kammath (ds) theory=1 weekly=3 [specialization]
INFO:subject_assignment_engine:  ✓ Algorithmic Thinking with Python → Dr. Sindhya K. Nambiar (ai) theory=1 weekly=5 [specialization]
INFO:subject_assignment_engine:  ✓ Algorithmic Thinking with Python → Dr. Sonal Ayyappan (ds) theory=1 weekly=5 [specialization]
INFO:subject_assignment_engine:  ✓ Health and Wellness → Dr. Nuja M. Unnikrishnan (ai) theory=1 weekly=2 [specialization]
INFO:subject_assignment_engine:  ✓ Health and Wellness → Ms. Sophia Cleetus (ds) theory=1 weekly=2 [specialization]
INFO:subject_assignment_engine:  + Assistant Dr. Deepak K. S. for ai
INFO:subject_assignment_engine:  + Assistant Ms. Retty George for ds
INFO:subject_assignment_engine:✓ Basic Electronics Engineering Workshop → Ms. Vrinda V. Gopal (ALL divs: ['ai', 'ds'], weekly=5) [specialization]
INFO:subject_assignment_engine:Total assignments before post-passes: 18
INFO:subject_assignment_engine:Total assignments (including dummies): 18
INFO:subject_assignment_engine:validate_before_timetable: PASSED (18 assignments, 142 teachers)
INFO:subject_assignment_engine:Semester 3 load: 44 periods — MISMATCH (expected 34, got 44)
WARNING:subject_assignment_engine:Load mismatch for semester 3: got 44, expected 34. Check HOURS_PER_WEEK values.
INFO:subject_assignment_engine:Assignment phases: 0 priority standalone, 10 specialization standalone, 0 remaining standalone, 0 elective groups
INFO:subject_assignment_engine:  ✓ Mathematics for Information Sciences-3 → Ms. Neenu Sebastian (ai) theory=1 weekly=4 [specialization]
INFO:subject_assignment_engine:  ✓ Mathematics for Information Sciences-3 → Ms. Binu John (ds) theory=1 weekly=4 [specialization]
INFO:subject_assignment_engine:  ✓ Theory of Computation → Ms.Asha S Rakesh (ai) theory=1 weekly=5 [specialization]
INFO:subject_assignment_engine:  ✓ Theory of Computation → Dr. Suresh Kumar V (ds) theory=1 weekly=5 [specialization]
INFO:subject_assignment_engine:  ✓ Data Structures and Algorithms → Ms.Shali Sara Abraham (ai) theory=1 weekly=5 [specialization]
INFO:subject_assignment_engine:  ✓ Data Structures and Algorithms → Ms.Aiswarya Menon (ds) theory=1 weekly=5 [specialization]
INFO:subject_assignment_engine:  ✓ Object Oriented Programming → Ms.Jisna Jaison T (ai) theory=1 weekly=5 [specialization]
INFO:subject_assignment_engine:  ✓ Object Oriented Programming → Ms. Anita Babu (ds) theory=1 weekly=5 [specialization]
INFO:subject_assignment_engine:  ✓ Digital Electronics and Logic Design → Ms. Anu Joseph (ai) theory=1 weekly=5 [specialization]
INFO:subject_assignment_engine:  ✓ Digital Electronics and Logic Design → Mr. Anvar Sadath A K (ds) theory=1 weekly=5 [specialization]
INFO:subject_assignment_engine:  ✓ Economics For Engineers → Dr. Sunny George (ai) theory=1 weekly=3 [specialization]
INFO:subject_assignment_engine:  ✓ Economics For Engineers → Ms. Jane Theresa (ds) theory=1 weekly=3 [specialization]
INFO:subject_assignment_engine:  ✓ Mathematics for Information Science-4 → Dr. Sindhya K. Nambiar (ai) theory=2 weekly=5 [specialization]
INFO:subject_assignment_engine:  ✓ Mathematics for Information Science-4 → Dr. Sonal Ayyappan (ds) theory=2 weekly=5 [specialization]
INFO:subject_assignment_engine:  ✓ Database Management Systems → Ms. Neenu Sebastian (ai) theory=2 weekly=9 [specialization]
INFO:subject_assignment_engine:  ✓ Database Management Systems → Ms. Binu John (ds) theory=2 weekly=9 [specialization]
INFO:subject_assignment_engine:  + Assistant Dr. Suresh Kumar V for ai
INFO:subject_assignment_engine:  + Assistant Ms.Asha S Rakesh for ds
INFO:subject_assignment_engine:✓ Data Structures Lab → Ms.Shali Sara Abraham (ALL divs: ['ai', 'ds'], weekly=8) [specialization]
INFO:subject_assignment_engine:  + Assistant Ms.Aiswarya Menon for ai
INFO:subject_assignment_engine:  + Assistant Ms. Anita Babu for ds
INFO:subject_assignment_engine:✓ Python Programming Lab → Ms.Jisna Jaison T (ALL divs: ['ai', 'ds'], weekly=8) [specialization]
INFO:subject_assignment_engine:PHASE 4: assigning 1 additional-responsibility subjects
INFO:subject_assignment_engine:  ✓ Y2P → Dr. Nithya Mohan [additional, single]
INFO:subject_assignment_engine:Total assignments before post-passes: 26
INFO:subject_assignment_engine:Total assignments (including dummies): 26
INFO:subject_assignment_engine:validate_before_timetable: PASSED (26 assignments, 142 teachers)
INFO:subject_assignment_engine:Semester 5 load: 48 periods — MISMATCH (expected 34, got 48)
WARNING:subject_assignment_engine:Load mismatch for semester 5: got 48, expected 34. Check HOURS_PER_WEEK values.
INFO:subject_assignment_engine:Assignment phases: 1 priority standalone, 11 specialization standalone, 0 remaining standalone, 0 elective groups
INFO:subject_assignment_engine:  ✓ Industrial Economics & Foreign Trade → Ms. Divya M. S. (ai) theory=1 weekly=3 [priority]
INFO:subject_assignment_engine:  ✓ Industrial Economics & Foreign Trade → Mr. Akhil Baby (ds) theory=1 weekly=3 [priority]
INFO:subject_assignment_engine:  ✓ Disaster Management → Dr. Anitha G. Pillai (ai) theory=1 weekly=2 [specialization]
INFO:subject_assignment_engine:  ✓ Disaster Management → Dr. Sanju Sreedharan (ds) theory=1 weekly=2 [specialization]
INFO:subject_assignment_engine:  ✓ Data Analytics → Ms.Asha S Rakesh (ds) theory=2 weekly=5 [specialization]
INFO:subject_assignment_engine:  ✓ Computer Networks → Dr. Suresh Kumar V (ai) theory=2 weekly=6 [specialization]
INFO:subject_assignment_engine:  ✓ Computer Networks → Ms.Aiswarya Menon (ds) theory=2 weekly=6 [specialization]
INFO:subject_assignment_engine:  ✓ Management of Software Systems → Ms. Anita Babu (ai) theory=2 weekly=3 [specialization]
INFO:subject_assignment_engine:  ✓ Management of Software Systems → Ms. Anu Joseph (ds) theory=2 weekly=3 [specialization]
INFO:subject_assignment_engine:  ✓ Introduction to Machine Learning → Mr. Anvar Sadath A K (ai) theory=2 weekly=5 [specialization]
INFO:subject_assignment_engine:  ✓ Introduction to Artificial Intelligence → Ms.Shali Sara Abraham (ai) theory=2 weekly=6 [specialization]
INFO:subject_assignment_engine:  ✓ Algorithm Analysis and design → Ms.Jisna Jaison T (ai) theory=2 weekly=6 [specialization]
WARNING:subject_assignment_engine:  ✗ Algorithm Analysis and design (ds): no teacher with capacity — queued for dummy
INFO:subject_assignment_engine:  + Assistant Ms. Neenu Sebastian for ds
INFO:subject_assignment_engine:✓ DMS Lab → Dr. Sindhya K. Nambiar (ALL divs: ['ds'], weekly=3) [specialization]
INFO:subject_assignment_engine:  + Assistant Ms. Binu John for ds
INFO:subject_assignment_engine:✓ Data Analytics Lab → Ms.Asha S Rakesh (ALL divs: ['ds'], weekly=8) [specialization]
INFO:subject_assignment_engine:  + Assistant Ms. Anita Babu for ai
INFO:subject_assignment_engine:✓ Python and Machine Learning Lab → Mr. Anvar Sadath A K (ALL divs: ['ai'], weekly=8) [specialization]
INFO:subject_assignment_engine:  + Assistant Ms. Anu Joseph for ai
INFO:subject_assignment_engine:✓ AI Algorithms Lab → Dr. Sonal Ayyappan (ALL divs: ['ai'], weekly=3) [specialization]
INFO:subject_assignment_engine:Total assignments before post-passes: 20
INFO:subject_assignment_engine:  Dummy dummy-AIDS-1 ← Algorithm Analysis and design (ds)
INFO:subject_assignment_engine:Dummy teachers created: 1
INFO:subject_assignment_engine:PHASE 6: created 1 dummy teacher(s) to cover 1 unassigned slots
INFO:subject_assignment_engine:Total assignments (including dummies): 21
ERROR:subject_assignment_engine:Assignment validation FAILED:
  • DMS Lab (ai): no main teacher assigned
  • Data Analytics (ai): no main teacher assigned
  • Introduction to Machine Learning (ds): no main teacher assigned
  • Introduction to Artificial Intelligence (ds): no main teacher assigned
  • Data Analytics Lab (ai): no main teacher assigned
  • Python and Machine Learning Lab (ds): no main teacher assigned
  • AI Algorithms Lab (ds): no main teacher assigned
INFO:subject_assignment_engine:Semester 7 load: 41 periods — MISMATCH (expected 29, got 41)
WARNING:subject_assignment_engine:Load mismatch for semester 7: got 41, expected 29. Check HOURS_PER_WEEK values.
INFO:subject_assignment_engine:Assignment phases: 1 priority standalone, 7 specialization standalone, 0 remaining standalone, 0 elective groups
WARNING:subject_assignment_engine:  ✗ Elective-III AI for Cyber Security (ai): no teacher with capacity — queued for dummy
WARNING:subject_assignment_engine:  ✗ Natural Disasters and Mitigation (ai): no teacher with capacity — queued for dummy
WARNING:subject_assignment_engine:  ✗ Natural Disasters and Mitigation (ds): no teacher with capacity — queued for dummy
WARNING:subject_assignment_engine:  ✗ Industrial Safety Engineering (ai): no teacher with capacity — queued for dummy
WARNING:subject_assignment_engine:  ✗ Industrial Safety Engineering (ds): no teacher with capacity — queued for dummy
WARNING:subject_assignment_engine:  ✗ Concepts in Cloud Computing (ds): no teacher with capacity — queued for dummy
WARNING:subject_assignment_engine:  ✗ Program Elective  II-Concepts in Artificial Intelligence (ds): no teacher with capacity — queued for dummy
WARNING:subject_assignment_engine:  ✗ Robotic Process Automation (ai): no teacher with capacity — queued for dummy
INFO:subject_assignment_engine:  + Assistant Dr. Suresh Kumar V for ai
INFO:subject_assignment_engine:✓ Deep Learning Lab → Ms. Neenu Sebastian (ALL divs: ['ai'], weekly=3) [specialization]
INFO:subject_assignment_engine:  + Assistant Ms.Asha S Rakesh for ds
INFO:subject_assignment_engine:✓ Cloud Computing Lab → Ms. Binu John (ALL divs: ['ds'], weekly=3) [specialization]
INFO:subject_assignment_engine:PHASE 4: assigning 2 additional-responsibility subjects
INFO:subject_assignment_engine:  ✓ Project Phase I → Dr. Suresh Kumar V (ai) [additional, main]
INFO:subject_assignment_engine:  ✓ Project Phase I → Ms.Aiswarya Menon (ai) [additional, co_supervisor]
INFO:subject_assignment_engine:  ✓ Project Phase I → Ms. Anita Babu (ai) [additional, co_supervisor]
INFO:subject_assignment_engine:  ✓ Project Phase I → Ms. Anu Joseph (ai) [additional, co_supervisor]
INFO:subject_assignment_engine:  ✓ Project Phase I → Dr. Sindhya K. Nambiar (ai) [additional, co_supervisor]
INFO:subject_assignment_engine:  ✓ Project Phase I → Dr. Suresh Kumar V (ds) [additional, main]
INFO:subject_assignment_engine:  ✓ Project Phase I → Ms.Aiswarya Menon (ds) [additional, co_supervisor]
INFO:subject_assignment_engine:  ✓ Project Phase I → Ms. Anita Babu (ds) [additional, co_supervisor]
INFO:subject_assignment_engine:  ✓ Project Phase I → Ms. Anu Joseph (ds) [additional, co_supervisor]
INFO:subject_assignment_engine:  ✓ Project Phase I → Dr. Sindhya K. Nambiar (ds) [additional, co_supervisor]
INFO:subject_assignment_engine:  ✓ Seminar → Ms. Neenu Sebastian [additional, single]
INFO:subject_assignment_engine:Total assignments before post-passes: 16
INFO:subject_assignment_engine:  Dummy dummy-AIDS-1 ← Concepts in Cloud Computing (ds)
INFO:subject_assignment_engine:  Dummy dummy-AIDS-1 ← Program Elective  II-Concepts in Artificial Intelligence (ds)
INFO:subject_assignment_engine:  Dummy dummy-AIDS-2 ← Robotic Process Automation (ai)
INFO:subject_assignment_engine:  Dummy dummy-AIDS-2 ← Natural Disasters and Mitigation (ai)
INFO:subject_assignment_engine:  Dummy dummy-AIDS-3 ← Natural Disasters and Mitigation (ds)
INFO:subject_assignment_engine:  Dummy dummy-AIDS-3 ← Elective-III AI for Cyber Security (ai)
INFO:subject_assignment_engine:  Dummy dummy-AIDS-4 ← Industrial Safety Engineering (ai)
INFO:subject_assignment_engine:  Dummy dummy-AIDS-4 ← Industrial Safety Engineering (ds)
INFO:subject_assignment_engine:Dummy teachers created: 4
INFO:subject_assignment_engine:PHASE 6: created 4 dummy teacher(s) to cover 8 unassigned slots
INFO:subject_assignment_engine:Total assignments (including dummies): 24
ERROR:subject_assignment_engine:Assignment validation FAILED:
  • Deep Learning Lab (ds): no main teacher assigned
  • Concepts in Cloud Computing (ai): no main teacher assigned
  • Program Elective  II-Concepts in Artificial Intelligence (ai): no main teacher assigned
  • Cloud Computing Lab (ai): no main teacher assigned
  • Robotic Process Automation (ds): no main teacher assigned
  • Elective-III AI for Cyber Security (ds): no main teacher assigned
INFO:subject_assignment_engine:Semester 1 load: 34 periods — OK
INFO:subject_assignment_engine:Assignment phases: 4 priority standalone, 5 specialization standalone, 0 remaining standalone, 0 elective groups
INFO:subject_assignment_engine:  ✓ Algorithmic Thinking with Python → Ms. Litty Koshy (AUTO) theory=1 weekly=3 [priority]
INFO:subject_assignment_engine:  ✓ Engineering Mechanics → Mr. Ajith Kumar R. (AUTO) theory=1 weekly=7 [priority]
INFO:subject_assignment_engine:  ✓ Life Skills and Professional Communication → Ms. Rony Tresa Rajesh (AUTO) theory=1 weekly=3 [priority]
INFO:subject_assignment_engine:  ✓ Physics for Physical Science → Dr. Geethu R. (AUTO) theory=1 weekly=5 [priority]
INFO:subject_assignment_engine:  ✓ Introduction to Civil Engineering → Ms. Nandita Mohan (AUTO) theory=1 weekly=3 [specialization]
INFO:subject_assignment_engine:  ✓ Introduction to Mechanical Engineering → Dr. Mahesa Rengaraj R. (AUTO) theory=1 weekly=3 [specialization]
INFO:subject_assignment_engine:  ✓ Mathematics for Electrical Science and Physical Science-1 → Ms. Preema T. S. (AUTO) theory=1 weekly=5 [specialization]
INFO:subject_assignment_engine:  + Assistant Dr. Lakshmi Priya for AUTO
INFO:subject_assignment_engine:✓ Civil Workshop → Ms. Tennu Syriac (ALL divs: ['AUTO'], weekly=2) [specialization]
INFO:subject_assignment_engine:  + Assistant Dr. Praveensal C. J. for AUTO
INFO:subject_assignment_engine:✓ Mechanical Workshop → Mr. Jose Sheril D'Cotha (ALL divs: ['AUTO'], weekly=2) [specialization]
INFO:subject_assignment_engine:PHASE 4: assigning 1 additional-responsibility subjects
INFO:subject_assignment_engine:  ✓ Y2P → Dr. Vidya Lekshmi K. P. [additional, single]
INFO:subject_assignment_engine:Total assignments before post-passes: 12
INFO:subject_assignment_engine:Total assignments (including dummies): 12
INFO:subject_assignment_engine:validate_before_timetable: PASSED (12 assignments, 142 teachers)
INFO:subject_assignment_engine:Semester 3 load: 34 periods — OK
INFO:subject_assignment_engine:Assignment phases: 4 priority standalone, 4 specialization standalone, 0 remaining standalone, 0 elective groups
INFO:subject_assignment_engine:  ✓ Automotive Chassis → Mr. Anoop M. S. (AUTO) theory=1 weekly=5 [priority]
INFO:subject_assignment_engine:  ✓ Engineering Ethics and Sustainable Development → Dr. Sreelekha Menon (AUTO) theory=2 weekly=3 [priority]
INFO:subject_assignment_engine:  ✓ Material Science and Metallurgy → Dr. S. R. Akhil Krishnan (AUTO) theory=1 weekly=5 [priority]
INFO:subject_assignment_engine:  ✓ Mathematics for Electrical Science and Physical Science-3 → Mr. Vipin Raj P. G. (AUTO) theory=1 weekly=5 [priority]
INFO:subject_assignment_engine:  ✓ Fluid Mechanics and Hydraulic Machines → Dr. Manoj Kumar B. (AUTO) theory=1 weekly=5 [specialization]
WARNING:subject_assignment_engine:  ✗ Introduction to Artificial Intelligence and Data Science (AUTO): no teacher with capacity — queued for dummy
INFO:subject_assignment_engine:  + Assistant Dr. Jenson Joseph E. for AUTO
INFO:subject_assignment_engine:✓ Fluid Mechanics and Machinery Lab → Dr. Manoj Kumar B. (ALL divs: ['AUTO'], weekly=8) [specialization]
INFO:subject_assignment_engine:  + Assistant Dr.Gulsavin Guruprasad Engoor for AUTO
INFO:subject_assignment_engine:✓ Vehicle Systems Lab → Mr. Aravind P. V. (ALL divs: ['AUTO'], weekly=3) [specialization]
INFO:subject_assignment_engine:PHASE 4: assigning 1 additional-responsibility subjects
INFO:subject_assignment_engine:  ✓ Y2P → Mr. Mohamed Akbar V. K. [additional, single]
INFO:subject_assignment_engine:Total assignments before post-passes: 10
INFO:subject_assignment_engine:  Dummy dummy-AIDS-1 ← Introduction to Artificial Intelligence and Data Science (AUTO)
INFO:subject_assignment_engine:Dummy teachers created: 1
INFO:subject_assignment_engine:PHASE 6: created 1 dummy teacher(s) to cover 1 unassigned slots
INFO:subject_assignment_engine:Total assignments (including dummies): 11
INFO:subject_assignment_engine:validate_before_timetable: PASSED (11 assignments, 142 teachers)
INFO:subject_assignment_engine:Semester 5 load: 34 periods — OK
INFO:subject_assignment_engine:Assignment phases: 3 priority standalone, 5 specialization standalone, 0 remaining standalone, 0 elective groups
INFO:subject_assignment_engine:  ✓ Industrial Economics & Foreign Trade → Dr. Kannan Nithin K. V. (AUTO) theory=1 weekly=3 [priority]
INFO:subject_assignment_engine:  ✓ Theory of Machines → Mr. Mobin C. M. (AUTO) theory=1 weekly=6 [priority]
INFO:subject_assignment_engine:  + Assistant Dr. Jenson Joseph E. for AUTO
INFO:subject_assignment_engine:✓ Production Engineering Lab → Mr. Amal P. Dev (ALL divs: ['AUTO'], weekly=3) [priority]
INFO:subject_assignment_engine:  ✓ Disaster Management → Ms. Roshni K. R. (AUTO) theory=1 weekly=3 [specialization]
INFO:subject_assignment_engine:  ✓ Hybrid And Fuel Cell Vehicles → Dr. Jenson Joseph E. (AUTO) theory=1 weekly=8 [specialization]
INFO:subject_assignment_engine:  ✓ Manufacturing Process → Mr. Sujay K. (AUTO) theory=1 weekly=5 [specialization]
INFO:subject_assignment_engine:  ✓ Material Science and Metallurgy → Mr. Koshy P. Joseph (AUTO) theory=1 weekly=6 [specialization]
INFO:subject_assignment_engine:  + Assistant Dr. S. R. Akhil Krishnan for AUTO
INFO:subject_assignment_engine:✓ Thermal Engineering Lab-I → Dr. Jayadevan P. C. (ALL divs: ['AUTO'], weekly=3) [specialization]
INFO:subject_assignment_engine:Total assignments before post-passes: 10
INFO:subject_assignment_engine:Total assignments (including dummies): 10
INFO:subject_assignment_engine:validate_before_timetable: PASSED (10 assignments, 142 teachers)
INFO:subject_assignment_engine:Semester 7 load: 29 periods — OK
INFO:subject_assignment_engine:Assignment phases: 0 priority standalone, 5 specialization standalone, 0 remaining standalone, 0 elective groups
INFO:subject_assignment_engine:  ✓ Advanced IC Engines → Dr.Gulsavin Guruprasad Engoor (AUTO) theory=1 weekly=6 [specialization]
INFO:subject_assignment_engine:  ✓ Industrial Safety Engineering → Mr. Vipin Raj P. G. (AUTO) theory=2 weekly=4 [specialization]
INFO:subject_assignment_engine:  ✓ Natural Disasters and Mitigation → Mr. Aravind P. V. (AUTO) theory=1 weekly=4 [specialization]
INFO:subject_assignment_engine:  ✓ Alternate Energy Sources for Automobile → Dr. Jenson Joseph E. (AUTO) theory=2 weekly=6 [specialization]
INFO:subject_assignment_engine:  + Assistant Dr. S. R. Akhil Krishnan for AUTO
INFO:subject_assignment_engine:✓ Automobile Lab IV → Mr. Sujay K. (ALL divs: ['AUTO'], weekly=3) [specialization]
INFO:subject_assignment_engine:PHASE 4: assigning 2 additional-responsibility subjects
INFO:subject_assignment_engine:  ✓ Seminar → Dr. S. R. Akhil Krishnan [additional, single]
INFO:subject_assignment_engine:  ✓ Project Phase I → Mr. Koshy P. Joseph (AUTO) [additional, main]
INFO:subject_assignment_engine:  ✓ Project Phase I → Mr. Amal P. Dev (AUTO) [additional, co_supervisor]
INFO:subject_assignment_engine:  ✓ Project Phase I → Mr. Anoop M. S. (AUTO) [additional, co_supervisor]
INFO:subject_assignment_engine:  ✓ Project Phase I → Dr. Jayadevan P. C. (AUTO) [additional, co_supervisor]
INFO:subject_assignment_engine:  ✓ Project Phase I → Mr. Mobin C. M. (AUTO) [additional, co_supervisor]
INFO:subject_assignment_engine:Total assignments before post-passes: 12
INFO:subject_assignment_engine:Total assignments (including dummies): 12
INFO:subject_assignment_engine:validate_before_timetable: PASSED (12 assignments, 142 teachers)
INFO:subject_assignment_engine:Semester 1 load: 34 periods — OK
INFO:subject_assignment_engine:Assignment phases: 4 priority standalone, 5 specialization standalone, 0 remaining standalone, 0 elective groups
INFO:subject_assignment_engine:  ✓ Physics for Physical Science → Dr. Santhosh M. V. (CIVIL) theory=1 weekly=5 [priority]
INFO:subject_assignment_engine:  ✓ Engineering Mechanics → Mr. Ajith Kumar R. (CIVIL) theory=2 weekly=6 [priority]
INFO:subject_assignment_engine:  ✓ Algorithmic Thinking with Python → Ms. Litty Koshy (CIVIL) theory=2 weekly=5 [priority]
INFO:subject_assignment_engine:  ✓ Life Skills and Professional Communication → Dr. Sunny George (CIVIL) theory=2 weekly=3 [priority]
INFO:subject_assignment_engine:  ✓ Mathematics for Electrical Science and Physical Science-1 → Ms. Anju Nair (CIVIL) theory=1 weekly=5 [specialization]
INFO:subject_assignment_engine:  ✓ Introduction to Mechanical Engineering → Mr. Nikhil Ashok N. (CIVIL) theory=1 weekly=3 [specialization]
INFO:subject_assignment_engine:  ✓ Introduction to Civil Engineering → Ms. Geethu R. Babu (CIVIL) theory=1 weekly=3 [specialization]
INFO:subject_assignment_engine:  + Assistant Dr. Praveensal C. J. for CIVIL
INFO:subject_assignment_engine:✓ Mechanical Workshop → Mr. Rakesh A. (ALL divs: ['CIVIL'], weekly=2) [specialization]
INFO:subject_assignment_engine:  + Assistant Dr. Nisha L. for CIVIL
INFO:subject_assignment_engine:✓ Civil Workshop → Dr. Lakshmi Priya (ALL divs: ['CIVIL'], weekly=2) [specialization]
INFO:subject_assignment_engine:Total assignments before post-passes: 11
INFO:subject_assignment_engine:Total assignments (including dummies): 11
INFO:subject_assignment_engine:validate_before_timetable: PASSED (11 assignments, 142 teachers)
INFO:subject_assignment_engine:Semester 3 load: 34 periods — OK
INFO:subject_assignment_engine:Assignment phases: 3 priority standalone, 5 specialization standalone, 0 remaining standalone, 0 elective groups
INFO:subject_assignment_engine:  ✓ Fluid Mechanics → Ms. Roshni K. R. (CIVIL) theory=2 weekly=4 [priority]
INFO:subject_assignment_engine:  ✓ Structural Analysis-I → Ms. Tennu Syriac (CIVIL) theory=1 weekly=4 [priority]
INFO:subject_assignment_engine:  ✓ Engineering Ethics and Sustainable Development → Dr. Sreelekha Menon (CIVIL) theory=3 weekly=3 [priority]
INFO:subject_assignment_engine:  ✓ Mathematics for Electrical Science and Physical Science-3 → Ms. Remya Y. K. (CIVIL) theory=1 weekly=5 [specialization]
INFO:subject_assignment_engine:  ✓ Surveying & Geomatics → Ms. Merin Mathew (CIVIL) theory=1 weekly=6 [specialization]
INFO:subject_assignment_engine:  ✓ Introduction to Artificial Intelligence and Data Science → Dr. Dhanya K. A. (CIVIL) theory=1 weekly=5 [specialization]
INFO:subject_assignment_engine:  + Assistant Dr. Lakshmi Priya for CIVIL
INFO:subject_assignment_engine:✓ Survey Lab → Ms. Merin Mathew (ALL divs: ['CIVIL'], weekly=9) [specialization]
INFO:subject_assignment_engine:  + Assistant Dr. Nisha L. for CIVIL
INFO:subject_assignment_engine:✓ Fluid Mechanics Lab → Ms. Roshni K. R. (ALL divs: ['CIVIL'], weekly=7) [specialization]
INFO:subject_assignment_engine:PHASE 4: assigning 1 additional-responsibility subjects
INFO:subject_assignment_engine:  ✓ Y2P → Mr. Rahul Ravi [additional, single]
INFO:subject_assignment_engine:Total assignments before post-passes: 11
INFO:subject_assignment_engine:Total assignments (including dummies): 11
INFO:subject_assignment_engine:validate_before_timetable: PASSED (11 assignments, 142 teachers)
INFO:subject_assignment_engine:Semester 5 load: 34 periods — OK
INFO:subject_assignment_engine:Assignment phases: 6 priority standalone, 2 specialization standalone, 0 remaining standalone, 0 elective groups
INFO:subject_assignment_engine:  ✓ Structural Analysis-I → Ms. Geethu R. Babu (CIVIL) theory=2 weekly=5 [priority]
INFO:subject_assignment_engine:  ✓ Design Of Concrete Structures → Ms. Nandita Mohan (CIVIL) theory=2 weekly=5 [priority]
INFO:subject_assignment_engine:  ✓ Geotechnical Engineering-II → Dr. Nisha L. (CIVIL) theory=1 weekly=5 [priority]
INFO:subject_assignment_engine:  ✓ Construction Technology & Management → Dr. Praseeja A.V. (CIVIL) theory=1 weekly=4 [priority]
INFO:subject_assignment_engine:  ✓ Disaster Management → Dr. Nithya Mohan (CIVIL) theory=1 weekly=3 [priority]
INFO:subject_assignment_engine:  + Assistant Dr. Lakshmi Priya for CIVIL
INFO:subject_assignment_engine:✓ Geotechnical Engineering Lab → Dr. Nisha L. (ALL divs: ['CIVIL'], weekly=8) [priority]
INFO:subject_assignment_engine:  ✓ Hydrology & Water Resources Engineering → Mr. Deeraj A. D. (CIVIL) theory=1 weekly=6 [specialization]
INFO:subject_assignment_engine:  + Assistant Mr. Jerry Anto for CIVIL
INFO:subject_assignment_engine:✓ Material Testing Lab-II → Mr. Deepu R. (ALL divs: ['CIVIL'], weekly=3) [specialization]
INFO:subject_assignment_engine:Total assignments before post-passes: 10
INFO:subject_assignment_engine:Total assignments (including dummies): 10
INFO:subject_assignment_engine:validate_before_timetable: PASSED (10 assignments, 142 teachers)
INFO:subject_assignment_engine:Semester 7 load: 29 periods — OK
INFO:subject_assignment_engine:Assignment phases: 0 priority standalone, 5 specialization standalone, 0 remaining standalone, 0 elective groups
INFO:subject_assignment_engine:  ✓ Design of Steel Structures → Ms. Sruthy M. R. (CIVIL) theory=1 weekly=5 [specialization]
INFO:subject_assignment_engine:  ✓ Ground Improvement Techniques → Mr. Jerry Anto (CIVIL) theory=1 weekly=4 [specialization]
INFO:subject_assignment_engine:  ✓ Renewable Energy Engineering → Ms. Sruthy S. (CIVIL) theory=1 weekly=4 [specialization]
INFO:subject_assignment_engine:  ✓ Industrial Safety Engineering → Dr. Akhila M. (CIVIL) theory=1 weekly=4 [specialization]
INFO:subject_assignment_engine:  + Assistant Dr. Lakshmi Priya for CIVIL
INFO:subject_assignment_engine:✓ Environmental Engineering Lab → Dr. Akhila M. (ALL divs: ['CIVIL'], weekly=7) [specialization]
INFO:subject_assignment_engine:PHASE 4: assigning 2 additional-responsibility subjects
INFO:subject_assignment_engine:  ✓ Seminar → Ms. Anjana Susan John [additional, single]
INFO:subject_assignment_engine:  ✓ Project Phase I → Ms. Meera Varghese (CIVIL) [additional, main]
INFO:subject_assignment_engine:  ✓ Project Phase I → Ms. Anju Mary Ealias (CIVIL) [additional, co_supervisor]
INFO:subject_assignment_engine:  ✓ Project Phase I → Ms. Sruthy Robert (CIVIL) [additional, co_supervisor]
INFO:subject_assignment_engine:  ✓ Project Phase I → Dr. Anitha G. Pillai (CIVIL) [additional, co_supervisor]
INFO:subject_assignment_engine:  ✓ Project Phase I → Dr. Sanju Sreedharan (CIVIL) [additional, co_supervisor]
INFO:subject_assignment_engine:Total assignments before post-passes: 12
INFO:subject_assignment_engine:Total assignments (including dummies): 12
INFO:subject_assignment_engine:validate_before_timetable: PASSED (12 assignments, 142 teachers)
INFO:subject_assignment_engine:Semester 1 load: 45 periods — MISMATCH (expected 34, got 45)
WARNING:subject_assignment_engine:Load mismatch for semester 1: got 45, expected 34. Check HOURS_PER_WEEK values.
INFO:subject_assignment_engine:Assignment phases: 1 priority standalone, 10 specialization standalone, 0 remaining standalone, 0 elective groups
INFO:subject_assignment_engine:  ✓ Life Skills and Professional Communication → Ms. Rony Tresa Rajesh (CS1) theory=2 weekly=3 [priority]
INFO:subject_assignment_engine:  ✓ Life Skills and Professional Communication → Dr. Sunny George (CS2) theory=3 weekly=3 [priority]
INFO:subject_assignment_engine:  ✓ Life Skills and Professional Communication → Ms. Rony Tresa Rajesh (CS3) theory=3 weekly=6 [priority]
INFO:subject_assignment_engine:  ✓ Life Skills and Professional Communication → Ms. Jinu M. J. (CS4) theory=1 weekly=3 [priority]
INFO:subject_assignment_engine:  ✓ Mathematics for Information Science-1 → Dr. Vidya Lekshmi K. P. (CS1) theory=1 weekly=5 [specialization]
INFO:subject_assignment_engine:  ✓ Mathematics for Information Science-1 → Mr. Rahul Ravi (CS2) theory=1 weekly=5 [specialization]
INFO:subject_assignment_engine:  ✓ Mathematics for Information Science-1 → Mr. Mohamed Akbar V. K. (CS3) theory=1 weekly=5 [specialization]
INFO:subject_assignment_engine:  ✓ Mathematics for Information Science-1 → Ms. Resmimol N. R. (CS4) theory=1 weekly=5 [specialization]
INFO:subject_assignment_engine:  ✓ Chemistry for Information Science → Dr. Mini Tom (CS1) theory=2 weekly=7 [specialization]
INFO:subject_assignment_engine:  ✓ Chemistry for Information Science → Ms. Surya K. A. (CS2) theory=2 weekly=7 [specialization]
INFO:subject_assignment_engine:  ✓ Chemistry for Information Science → Ms. Reshma R (CS3) theory=2 weekly=7 [specialization]
INFO:subject_assignment_engine:  ✓ Chemistry for Information Science → Ms. Sophia Cleetus (CS4) theory=2 weekly=7 [specialization]
INFO:subject_assignment_engine:  ✓ Health and Wellness → Dr. Nuja M. Unnikrishnan (CS1) theory=2 weekly=2 [specialization]
INFO:subject_assignment_engine:  ✓ Health and Wellness → Ms. Jane Theresa (CS2) theory=2 weekly=2 [specialization]
INFO:subject_assignment_engine:  ✓ Health and Wellness → Ms. Preema T. S. (CS3) theory=2 weekly=2 [specialization]
INFO:subject_assignment_engine:  ✓ Health and Wellness → Ms. Divya M. S. (CS4) theory=2 weekly=2 [specialization]
INFO:subject_assignment_engine:  ✓ Mathematics for Information Science-2 → Dr. Geethu R. (CS1) theory=2 weekly=5 [specialization]
INFO:subject_assignment_engine:  ✓ Mathematics for Information Science-2 → Ms. Anju Nair (CS2) theory=2 weekly=5 [specialization]
INFO:subject_assignment_engine:  ✓ Mathematics for Information Science-2 → Ms. Jinu M. J. (CS3) theory=2 weekly=8 [specialization]
INFO:subject_assignment_engine:  ✓ Mathematics for Information Science-2 → Mr. Akhil Baby (CS4) theory=2 weekly=5 [specialization]
INFO:subject_assignment_engine:  ✓ Physics for Information Science → Dr. Nithya Mohan (CS1) theory=2 weekly=6 [specialization]
INFO:subject_assignment_engine:  ✓ Physics for Information Science → Dr. Vidya Lekshmi K. P. (CS2) theory=2 weekly=11 [specialization]
INFO:subject_assignment_engine:  ✓ Physics for Information Science → Dr. Santhosh M. V. (CS3) theory=2 weekly=6 [specialization]
INFO:subject_assignment_engine:  ✓ Physics for Information Science → Mr. Rahul Ravi (CS4) theory=2 weekly=11 [specialization]
INFO:subject_assignment_engine:  ✓ Discrete Mathematics → Dr. Kannan Nithin K. V. (CS1) theory=2 weekly=5 [specialization]
INFO:subject_assignment_engine:  ✓ Discrete Mathematics → Mr. Mohamed Akbar V. K. (CS2) theory=2 weekly=10 [specialization]
INFO:subject_assignment_engine:  ✓ Discrete Mathematics → Ms. Resmimol N. R. (CS3) theory=2 weekly=10 [specialization]
INFO:subject_assignment_engine:  ✓ Discrete Mathematics → Dr. Mini Tom (CS4) theory=3 weekly=12 [specialization]
INFO:subject_assignment_engine:  ✓ Engineering Entrepreneurship & IPR → Ms. Surya K. A. (CS1) theory=3 weekly=10 [specialization]
INFO:subject_assignment_engine:  ✓ Engineering Entrepreneurship & IPR → Ms. Reshma R (CS2) theory=3 weekly=10 [specialization]
INFO:subject_assignment_engine:  ✓ Engineering Entrepreneurship & IPR → Ms. Sophia Cleetus (CS3) theory=3 weekly=10 [specialization]
INFO:subject_assignment_engine:  ✓ Engineering Entrepreneurship & IPR → Dr. Nuja M. Unnikrishnan (CS4) theory=3 weekly=5 [specialization]
INFO:subject_assignment_engine:  ✓ Introduction to Electronics Engineering → Dr. Anandhi V. (CS1) theory=1 weekly=3 [specialization]
INFO:subject_assignment_engine:  ✓ Introduction to Electronics Engineering → Ms. Retty George (CS2) theory=1 weekly=3 [specialization]
INFO:subject_assignment_engine:  ✓ Introduction to Electronics Engineering → Dr. Sreeja K. A. (CS3) theory=1 weekly=3 [specialization]
INFO:subject_assignment_engine:  ✓ Introduction to Electronics Engineering → Ms. Lakshmi Nair M. (CS4) theory=1 weekly=3 [specialization]
INFO:subject_assignment_engine:  ✓ Introduction to Electrical Engineering → Dr. Beena Puthillath (CS1) theory=1 weekly=3 [specialization]
INFO:subject_assignment_engine:  ✓ Introduction to Electrical Engineering → Mr. Varun Jose (CS2) theory=1 weekly=3 [specialization]
INFO:subject_assignment_engine:  ✓ Introduction to Electrical Engineering → Ms. Priya Venugopal (CS3) theory=1 weekly=3 [specialization]
INFO:subject_assignment_engine:  ✓ Introduction to Electrical Engineering → Dr. Jayanand B. (CS4) theory=1 weekly=3 [specialization]
INFO:subject_assignment_engine:  + Assistant Dr. Deepak K. S. for CS1
INFO:subject_assignment_engine:  + Assistant Ms. Vrinda V. Gopal for CS2
INFO:subject_assignment_engine:  + Assistant Ms. Praveena S. Kammath for CS3
INFO:subject_assignment_engine:  + Assistant Ms. Mary Catherine for CS4
INFO:subject_assignment_engine:✓ Basic Electronics Engineering Workshop → Dr. Beena Puthillath (ALL divs: ['CS1', 'CS2', 'CS3', 'CS4'], weekly=5) [specialization]
INFO:subject_assignment_engine:PHASE 4: assigning 1 additional-responsibility subjects
INFO:subject_assignment_engine:  ✓ Y2P → Mr. Akhil Baby [additional, single]
INFO:subject_assignment_engine:Total assignments before post-passes: 52
INFO:subject_assignment_engine:Total assignments (including dummies): 52
INFO:subject_assignment_engine:validate_before_timetable: PASSED (52 assignments, 142 teachers)
INFO:subject_assignment_engine:Semester 3 load: 39 periods — MISMATCH (expected 34, got 39)
WARNING:subject_assignment_engine:Load mismatch for semester 3: got 39, expected 34. Check HOURS_PER_WEEK values.
INFO:subject_assignment_engine:Assignment phases: 2 priority standalone, 7 specialization standalone, 0 remaining standalone, 0 elective groups
INFO:subject_assignment_engine:  ✓ Algorithmic Thinking with Python → Dr. Deepa K. (CS1) theory=1 weekly=5 [priority]
INFO:subject_assignment_engine:  ✓ Algorithmic Thinking with Python → Ms. Bini Omman (CS2) theory=1 weekly=5 [priority]
INFO:subject_assignment_engine:  ✓ Algorithmic Thinking with Python → Dr. Varun G. Menon (CS3) theory=1 weekly=5 [priority]
INFO:subject_assignment_engine:  ✓ Algorithmic Thinking with Python → Ms. Neethu Krishna (CS4) theory=1 weekly=5 [priority]
INFO:subject_assignment_engine:  + Assistant Dr. Gokul G .N for CS1
INFO:subject_assignment_engine:  + Assistant Dr. Manish T. I. for CS2
INFO:subject_assignment_engine:  + Assistant Mr. Anoop Jose for CS3
INFO:subject_assignment_engine:  + Assistant Mr. Safeer P S for CS4
INFO:subject_assignment_engine:✓ Data Structures Lab → Ms. Divya M. P. (ALL divs: ['CS1', 'CS2', 'CS3', 'CS4'], weekly=3) [priority]
INFO:subject_assignment_engine:  ✓ Engineering Graphics and Computer Aided Drawing. → Ms. Jane Theresa (CS1) theory=3 weekly=6 [specialization]
INFO:subject_assignment_engine:  ✓ Engineering Graphics and Computer Aided Drawing. → Ms. Preema T. S. (CS2) theory=3 weekly=6 [specialization]
INFO:subject_assignment_engine:  ✓ Engineering Graphics and Computer Aided Drawing. → Ms. Divya M. S. (CS3) theory=3 weekly=6 [specialization]
INFO:subject_assignment_engine:  ✓ Engineering Graphics and Computer Aided Drawing. → Dr. Geethu R. (CS4) theory=3 weekly=6 [specialization]
INFO:subject_assignment_engine:  ✓ Foundations of Computing: From Hardware Essentials to Web Design → Dr. Manish T. I. (CS1) theory=1 weekly=7 [specialization]
INFO:subject_assignment_engine:  ✓ Foundations of Computing: From Hardware Essentials to Web Design → Ms. Surya S. G. (CS2) theory=1 weekly=4 [specialization]
INFO:subject_assignment_engine:  ✓ Foundations of Computing: From Hardware Essentials to Web Design → Ms. Greshma P Sebastian (CS3) theory=1 weekly=4 [specialization]
INFO:subject_assignment_engine:  ✓ Foundations of Computing: From Hardware Essentials to Web Design → Ms. Doney Daniel (CS4) theory=1 weekly=4 [specialization]
INFO:subject_assignment_engine:  ✓ Programming in C → Ms. Meera V. M. (CS1) theory=1 weekly=6 [specialization]
INFO:subject_assignment_engine:  ✓ Programming in C → Ms. Sruthy K. Joseph (CS2) theory=1 weekly=6 [specialization]
INFO:subject_assignment_engine:  ✓ Programming in C → Ms. Demy Devassy (CS3) theory=1 weekly=6 [specialization]
INFO:subject_assignment_engine:  ✓ Programming in C → Ms. Vyshna R. K. (CS4) theory=1 weekly=6 [specialization]
INFO:subject_assignment_engine:  ✓ Digital Electronics and Logic Design → Mr. Anoop Jose (CS1) theory=1 weekly=8 [specialization]
INFO:subject_assignment_engine:  ✓ Digital Electronics and Logic Design → Ms. Smera Thomas (CS2) theory=1 weekly=5 [specialization]
INFO:subject_assignment_engine:  ✓ Digital Electronics and Logic Design → Dr. Noora V. T. (CS3) theory=1 weekly=5 [specialization]
INFO:subject_assignment_engine:  ✓ Digital Electronics and Logic Design → Ms. Sareena K. K. (CS4) theory=1 weekly=5 [specialization]
INFO:subject_assignment_engine:  ✓ Object Oriented Programming → Ms. Sanooja Beegam M. A. (CS1) theory=1 weekly=5 [specialization]
INFO:subject_assignment_engine:  ✓ Object Oriented Programming → Ms. Julie Siby (CS2) theory=1 weekly=5 [specialization]
INFO:subject_assignment_engine:  ✓ Object Oriented Programming → Ms. Anu S (CS3) theory=1 weekly=5 [specialization]
INFO:subject_assignment_engine:  ✓ Object Oriented Programming → Ms. Neethu Roy (CS4) theory=1 weekly=5 [specialization]
INFO:subject_assignment_engine:  + Assistant Mr. Subin P. S. for CS1
INFO:subject_assignment_engine:  + Assistant Ms. Anisha V. Lal for CS2
INFO:subject_assignment_engine:  + Assistant Ms. Annamol Eldho for CS3
INFO:subject_assignment_engine:  + Assistant Ms. Fida Shirin for CS4
INFO:subject_assignment_engine:✓ IT Workshop → Ms. Supriya T B (ALL divs: ['CS1', 'CS2', 'CS3', 'CS4'], weekly=2) [specialization]
INFO:subject_assignment_engine:  + Assistant Ms. Hafeesa M.Habeeb for CS1
INFO:subject_assignment_engine:  + Assistant Ms. Litty Koshy for CS2
INFO:subject_assignment_engine:  + Assistant Ms. Shruthi S for CS3
INFO:subject_assignment_engine:  + Assistant Ms.Anugraha Raj for CS4
INFO:subject_assignment_engine:✓ Digital Lab → Mr. Anoop Jose (ALL divs: ['CS1', 'CS2', 'CS3', 'CS4'], weekly=11) [specialization]
INFO:subject_assignment_engine:Total assignments before post-passes: 48
INFO:subject_assignment_engine:Total assignments (including dummies): 48
INFO:subject_assignment_engine:validate_before_timetable: PASSED (48 assignments, 142 teachers)
INFO:subject_assignment_engine:Semester 5 load: 34 periods — OK
INFO:subject_assignment_engine:Assignment phases: 6 priority standalone, 1 specialization standalone, 0 remaining standalone, 0 elective groups
INFO:subject_assignment_engine:  ✓ Formal Languages and Automata Theory → Ms. Hafeesa M.Habeeb (CS1) theory=1 weekly=6 [priority]
INFO:subject_assignment_engine:  ✓ Formal Languages and Automata Theory → Dr. Deepa K. (CS2) theory=2 weekly=6 [priority]
INFO:subject_assignment_engine:  ✓ Formal Languages and Automata Theory → Dr. Noora V. T. (CS3) theory=2 weekly=6 [priority]
INFO:subject_assignment_engine:  ✓ Formal Languages and Automata Theory → Ms. Hafeesa M.Habeeb (CS4) theory=2 weekly=12 [priority]
INFO:subject_assignment_engine:  ✓ System Software → Ms. Shruthi S (CS1) theory=1 weekly=5 [priority]
INFO:subject_assignment_engine:  ✓ System Software → Ms. Neethu Krishna (CS2) theory=2 weekly=5 [priority]
INFO:subject_assignment_engine:  ✓ System Software → Ms. Vyshna R. K. (CS3) theory=2 weekly=5 [priority]
INFO:subject_assignment_engine:  ✓ System Software → Ms. Shruthi S (CS4) theory=2 weekly=10 [priority]
INFO:subject_assignment_engine:  ✓ Microprocessors and Microcontrollers → Ms.Anugraha Raj (CS1) theory=1 weekly=5 [priority]
INFO:subject_assignment_engine:  ✓ Microprocessors and Microcontrollers → Ms. Doney Daniel (CS2) theory=2 weekly=5 [priority]
INFO:subject_assignment_engine:  ✓ Microprocessors and Microcontrollers → Ms. Smera Thomas (CS3) theory=2 weekly=5 [priority]
INFO:subject_assignment_engine:  ✓ Microprocessors and Microcontrollers → Ms. Neethu Roy (CS4) theory=2 weekly=5 [priority]
INFO:subject_assignment_engine:  ✓ Management of Software Systems → Ms.Heera Rishikeshan (CS1) theory=1 weekly=3 [priority]
INFO:subject_assignment_engine:  ✓ Management of Software Systems → Mr. Subin P. S. (CS2) theory=1 weekly=3 [priority]
INFO:subject_assignment_engine:  ✓ Management of Software Systems → Mr. Safeer P S (CS3) theory=1 weekly=3 [priority]
INFO:subject_assignment_engine:  ✓ Management of Software Systems → Ms. Fida Shirin (CS4) theory=1 weekly=3 [priority]
INFO:subject_assignment_engine:  + Assistant Dr. Gokul G .N for CS1
INFO:subject_assignment_engine:  + Assistant Dr. Manish T. I. for CS2
INFO:subject_assignment_engine:  + Assistant Mr. Anoop Jose for CS3
INFO:subject_assignment_engine:  + Assistant Ms. Anisha V. Lal for CS4
INFO:subject_assignment_engine:✓ System Software and Microprocessors Lab → Ms. Shruthi S (ALL divs: ['CS1', 'CS2', 'CS3', 'CS4'], weekly=13) [priority]
INFO:subject_assignment_engine:  + Assistant Ms. Annamol Eldho for CS1
INFO:subject_assignment_engine:  + Assistant Ms. Anu S for CS2
INFO:subject_assignment_engine:  + Assistant Ms. Bini Omman for CS3
INFO:subject_assignment_engine:  + Assistant Ms. Demy Devassy for CS4
INFO:subject_assignment_engine:✓ Database Management Systems Lab → Ms.Heera Rishikeshan (ALL divs: ['CS1', 'CS2', 'CS3', 'CS4'], weekly=6) [priority]
INFO:subject_assignment_engine:  ✓ Computer Networks → Ms. Annamol Eldho (CS1) theory=1 weekly=9 [specialization]
INFO:subject_assignment_engine:  ✓ Computer Networks → Ms. Anisha V. Lal (CS2) theory=1 weekly=9 [specialization]
INFO:subject_assignment_engine:  ✓ Computer Networks → Ms.Rini Joy (CS3) theory=1 weekly=6 [specialization]
INFO:subject_assignment_engine:  ✓ Computer Networks → Dr. Gokul G .N (CS4) theory=1 weekly=9 [specialization]
INFO:subject_assignment_engine:PHASE 4: assigning 1 additional-responsibility subjects
INFO:subject_assignment_engine:  ✓ Miniproject → Dr. Dhanya K. A. (CS1) [additional, main]
INFO:subject_assignment_engine:  ✓ Miniproject → Ms. Bini Omman (CS1) [additional, co_supervisor]
INFO:subject_assignment_engine:  ✓ Miniproject → Dr. Varun G. Menon (CS1) [additional, co_supervisor]
INFO:subject_assignment_engine:  ✓ Miniproject → Dr. Dhanya K. A. (CS2) [additional, main]
INFO:subject_assignment_engine:  ✓ Miniproject → Ms. Bini Omman (CS2) [additional, co_supervisor]
INFO:subject_assignment_engine:  ✓ Miniproject → Dr. Varun G. Menon (CS2) [additional, co_supervisor]
INFO:subject_assignment_engine:  ✓ Miniproject → Dr. Dhanya K. A. (CS3) [additional, main]
INFO:subject_assignment_engine:  ✓ Miniproject → Ms. Bini Omman (CS3) [additional, co_supervisor]
INFO:subject_assignment_engine:  ✓ Miniproject → Dr. Varun G. Menon (CS3) [additional, co_supervisor]
INFO:subject_assignment_engine:  ✓ Miniproject → Dr. Dhanya K. A. (CS4) [additional, main]
INFO:subject_assignment_engine:  ✓ Miniproject → Ms. Bini Omman (CS4) [additional, co_supervisor]
INFO:subject_assignment_engine:  ✓ Miniproject → Dr. Varun G. Menon (CS4) [additional, co_supervisor]
INFO:subject_assignment_engine:Total assignments before post-passes: 48
INFO:subject_assignment_engine:Total assignments (including dummies): 48
INFO:subject_assignment_engine:validate_before_timetable: PASSED (48 assignments, 142 teachers)
INFO:subject_assignment_engine:Semester 7 load: 26 periods — MISMATCH (expected 29, got 26)
WARNING:subject_assignment_engine:Load mismatch for semester 7: got 26, expected 29. Check HOURS_PER_WEEK values.
INFO:subject_assignment_engine:Assignment phases: 1 priority standalone, 1 specialization standalone, 0 remaining standalone, 2 elective groups
INFO:subject_assignment_engine:  ✓ Artificial Intelligence → Dr. Gokul G .N (CS1) theory=2 weekly=5 [priority]
INFO:subject_assignment_engine:  ✓ Artificial Intelligence → Dr. Dhanya K. A. (CS2) theory=2 weekly=5 [priority]
INFO:subject_assignment_engine:  ✓ Artificial Intelligence → Ms. Bini Omman (CS3) theory=2 weekly=5 [priority]
INFO:subject_assignment_engine:Assigning elective group: Program Elective II (2 electives) [priority]
INFO:subject_assignment_engine:  ✓ Program Elective II-Machine Learning → Dr. Varun G. Menon (CS1)
INFO:subject_assignment_engine:  ✓ Program Elective II-Cloud Computing → Mr. Subin P. S. (CS1)
INFO:subject_assignment_engine:  ✓ Program Elective II-Machine Learning → Dr. Manish T. I. (CS2)
INFO:subject_assignment_engine:  ✓ Program Elective II-Cloud Computing → Mr. Safeer P S (CS2)
INFO:subject_assignment_engine:  ✓ Program Elective II-Machine Learning → Ms. Surya S. G. (CS3)
INFO:subject_assignment_engine:  ✓ Program Elective II-Cloud Computing → Ms. Greshma P Sebastian (CS3)
INFO:subject_assignment_engine:  ✓ Industrial Safety Engineering → Ms. Meera V. M. (CS1) theory=2 weekly=4 [specialization]
INFO:subject_assignment_engine:  ✓ Industrial Safety Engineering → Ms. Sruthy K. Joseph (CS2) theory=2 weekly=4 [specialization]
INFO:subject_assignment_engine:  ✓ Industrial Safety Engineering → Ms. Demy Devassy (CS3) theory=2 weekly=4 [specialization]
INFO:subject_assignment_engine:Assigning elective group: Program Elective III (2 electives) [specialization]
INFO:subject_assignment_engine:  ✓ Program Elective III- Programming Paradigms → Ms. Sareena K. K. (CS1)
INFO:subject_assignment_engine:  ✓ Program Elective III-Soft Computing → Ms. Divya M. P. (CS1)
INFO:subject_assignment_engine:  ✓ Program Elective III- Programming Paradigms → Ms. Sanooja Beegam M. A. (CS2)
INFO:subject_assignment_engine:  ✓ Program Elective III-Soft Computing → Ms. Julie Siby (CS2)
INFO:subject_assignment_engine:  ✓ Program Elective III- Programming Paradigms → Ms. Supriya T B (CS3)
INFO:subject_assignment_engine:  ✓ Program Elective III-Soft Computing → Ms. Anu S (CS3)
INFO:subject_assignment_engine:PHASE 4: assigning 2 additional-responsibility subjects
INFO:subject_assignment_engine:  ✓ Seminar → Ms. Anisha V. Lal [additional, single]
INFO:subject_assignment_engine:  ✓ Project Phase II → Ms. Annamol Eldho (CS1) [additional, main]
INFO:subject_assignment_engine:  ✓ Project Phase II → Ms. Fida Shirin (CS1) [additional, co_supervisor]
INFO:subject_assignment_engine:  ✓ Project Phase II → Ms.Rini Joy (CS1) [additional, co_supervisor]
INFO:subject_assignment_engine:  ✓ Project Phase II → Ms.Anugraha Raj (CS1) [additional, co_supervisor]
INFO:subject_assignment_engine:  ✓ Project Phase II → Dr. Deepa K. (CS1) [additional, co_supervisor]
INFO:subject_assignment_engine:  ✓ Project Phase II → Ms. Annamol Eldho (CS2) [additional, main]
INFO:subject_assignment_engine:  ✓ Project Phase II → Ms. Fida Shirin (CS2) [additional, co_supervisor]
INFO:subject_assignment_engine:  ✓ Project Phase II → Ms.Rini Joy (CS2) [additional, co_supervisor]
INFO:subject_assignment_engine:  ✓ Project Phase II → Ms.Anugraha Raj (CS2) [additional, co_supervisor]
INFO:subject_assignment_engine:  ✓ Project Phase II → Dr. Deepa K. (CS2) [additional, co_supervisor]
INFO:subject_assignment_engine:  ✓ Project Phase II → Ms. Annamol Eldho (CS3) [additional, main]
INFO:subject_assignment_engine:  ✓ Project Phase II → Ms. Fida Shirin (CS3) [additional, co_supervisor]
INFO:subject_assignment_engine:  ✓ Project Phase II → Ms.Rini Joy (CS3) [additional, co_supervisor]
INFO:subject_assignment_engine:  ✓ Project Phase II → Ms.Anugraha Raj (CS3) [additional, co_supervisor]
INFO:subject_assignment_engine:  ✓ Project Phase II → Dr. Deepa K. (CS3) [additional, co_supervisor]
INFO:subject_assignment_engine:Total assignments before post-passes: 36
INFO:subject_assignment_engine:Total assignments (including dummies): 36
INFO:subject_assignment_engine:validate_before_timetable: PASSED (36 assignments, 142 teachers)
INFO:subject_assignment_engine:Semester 1 load: 31 periods — MISMATCH (expected 34, got 31)
WARNING:subject_assignment_engine:Load mismatch for semester 1: got 31, expected 34. Check HOURS_PER_WEEK values.
INFO:subject_assignment_engine:Assignment phases: 1 priority standalone, 8 specialization standalone, 0 remaining standalone, 0 elective groups
INFO:subject_assignment_engine:  ✓ Introduction to Electrical Engineering → Dr. Anandhi V. (EC) theory=2 weekly=4 [priority]
INFO:subject_assignment_engine:  ✓ Mathematics for Electrical Science and Physical Science-1 → Dr. Parvathy M. (EC) theory=1 weekly=4 [specialization]
INFO:subject_assignment_engine:  ✓ Physics for Electrical Science → Ms. Anju Nair (EC) theory=3 weekly=5 [specialization]
INFO:subject_assignment_engine:  ✓ Engineering Graphics and Computer Aided Drawing → Ms. Mary Catherine (EC) theory=1 weekly=5 [specialization]
INFO:subject_assignment_engine:  ✓ Introduction to Electronics Engineering → Ms. Sukanya Singh (EC) theory=1 weekly=3 [specialization]
INFO:subject_assignment_engine:  ✓ Health and Wellness → Mr. Ajit Joseph (EC) theory=1 weekly=2 [specialization]
INFO:subject_assignment_engine:  + Assistant Ms. Vrinda V. Gopal for EC
INFO:subject_assignment_engine:✓ Algorithmic Thinking with Python → Dr. Deepak K. S. (ALL divs: ['EC'], weekly=2) [specialization]
INFO:subject_assignment_engine:  + Assistant Ms. Praveena S. Kammath for EC
INFO:subject_assignment_engine:✓ Basic Electrical Workshop → Ms. Anju Nair (ALL divs: ['EC'], weekly=8) [specialization]
INFO:subject_assignment_engine:  + Assistant Ms. Retty George for EC
INFO:subject_assignment_engine:✓ Basic Electronics Workshop → Mr. Dinesh Babu M. (ALL divs: ['EC'], weekly=3) [specialization]
INFO:subject_assignment_engine:Total assignments before post-passes: 12
INFO:subject_assignment_engine:Total assignments (including dummies): 12
INFO:subject_assignment_engine:validate_before_timetable: PASSED (12 assignments, 142 teachers)
INFO:subject_assignment_engine:Semester 3 load: 34 periods — OK
INFO:subject_assignment_engine:Assignment phases: 3 priority standalone, 5 specialization standalone, 0 remaining standalone, 0 elective groups
INFO:subject_assignment_engine:  ✓ Mathematics for Electrical Science and Physical Science → Ms. Jinu M. J. (EC) theory=3 weekly=5 [priority]
INFO:subject_assignment_engine:  ✓ Engineering Ethics and Sustainable Development → Mr. Akhil Baby (EC) theory=3 weekly=3 [priority]
INFO:subject_assignment_engine:  + Assistant Dr. Deepak K. S. for EC
INFO:subject_assignment_engine:✓ Analog Circuits Lab → Ms. Amrutha Joshy (ALL divs: ['EC'], weekly=3) [priority]
INFO:subject_assignment_engine:  ✓ Solid State Devices → Ms. Neethu Susan Idiculay (EC) theory=1 weekly=5 [specialization]
INFO:subject_assignment_engine:  ✓ Analog Circuits → Ms. Chelsy Joy (EC) theory=1 weekly=5 [specialization]
INFO:subject_assignment_engine:  ✓ Logic Circuit Design → Ms. Hridya R. (EC) theory=1 weekly=4 [specialization]
INFO:subject_assignment_engine:  ✓ Introduction to Artificial Intelligence and Data Science → Ms. Annamol Eldho (EC) theory=2 weekly=5 [specialization]
INFO:subject_assignment_engine:  + Assistant Ms. Vrinda V. Gopal for EC
INFO:subject_assignment_engine:✓ Logic Circuit Design Laboratory → Ms. Hridya R. (ALL divs: ['EC'], weekly=7) [specialization]
INFO:subject_assignment_engine:PHASE 4: assigning 1 additional-responsibility subjects
INFO:subject_assignment_engine:  ✓ Y2P → Ms. Resmimol N. R. [additional, single]
INFO:subject_assignment_engine:Total assignments before post-passes: 11
INFO:subject_assignment_engine:Total assignments (including dummies): 11
INFO:subject_assignment_engine:validate_before_timetable: PASSED (11 assignments, 142 teachers)
INFO:subject_assignment_engine:Semester 5 load: 34 periods — OK
INFO:subject_assignment_engine:Assignment phases: 3 priority standalone, 5 specialization standalone, 0 remaining standalone, 0 elective groups
INFO:subject_assignment_engine:  ✓ Linear Integrated Circuits → Dr. Deepak K. S. (EC) theory=1 weekly=5 [priority]
INFO:subject_assignment_engine:  ✓ Disaster Management → Dr. Nithya Mohan (EC) theory=3 weekly=3 [priority]
INFO:subject_assignment_engine:  + Assistant Ms. Vrinda V. Gopal for EC
INFO:subject_assignment_engine:✓ Digital Signal Processing Lab → Dr. Sreeja K. A. (ALL divs: ['EC'], weekly=3) [priority]
INFO:subject_assignment_engine:  ✓ Digital Signal Processing → Ms. Athira Anilan (EC) theory=1 weekly=5 [specialization]
INFO:subject_assignment_engine:  ✓ Analog and Digital Communication → Ms. Shaila C.K. (EC) theory=1 weekly=6 [specialization]
INFO:subject_assignment_engine:  ✓ Control Systems → Ms. Vishnupriya V. (EC) theory=1 weekly=6 [specialization]
INFO:subject_assignment_engine:  ✓ Industrial Economics & Foreign Trade → Ms. Praveena S. Kammath (EC) theory=2 weekly=3 [specialization]
INFO:subject_assignment_engine:  + Assistant Ms. Lakshmi Nair M. for EC
INFO:subject_assignment_engine:✓ Analog Integrated Circuits and Simulation Lab → Ms. Retty George (ALL divs: ['EC'], weekly=3) [specialization]
INFO:subject_assignment_engine:Total assignments before post-passes: 10
INFO:subject_assignment_engine:Total assignments (including dummies): 10
INFO:subject_assignment_engine:validate_before_timetable: PASSED (10 assignments, 142 teachers)
INFO:subject_assignment_engine:Semester 7 load: 37 periods — MISMATCH (expected 29, got 37)
WARNING:subject_assignment_engine:Load mismatch for semester 7: got 37, expected 29. Check HOURS_PER_WEEK values.
INFO:subject_assignment_engine:Assignment phases: 3 priority standalone, 4 specialization standalone, 0 remaining standalone, 0 elective groups
INFO:subject_assignment_engine:  ✓ Microwaves and Antennas → Ms. Sukanya Singh (EC) theory=2 weekly=5 [priority]
INFO:subject_assignment_engine:  ✓ Wireless Communication → Ms. Lakshmi Nair M. (EC) theory=2 weekly=4 [priority]
INFO:subject_assignment_engine:  ✓ Computer Networks → Ms. Hridya R. (EC) theory=2 weekly=4 [priority]
INFO:subject_assignment_engine:  ✓ Natural Disasters and Mitigation → Dr. Parvathy M. (EC) theory=2 weekly=4 [specialization]
INFO:subject_assignment_engine:  ✓ Industrial Safety Engineering → Ms. Mary Catherine (EC) theory=2 weekly=4 [specialization]
INFO:subject_assignment_engine:  ✓ Optical Fibre Communication → Mr. Ajit Joseph (EC) theory=2 weekly=4 [specialization]
INFO:subject_assignment_engine:  + Assistant Dr. Deepak K. S. for EC
INFO:subject_assignment_engine:✓ Electromagnetics Lab → Ms. Neethu Susan Idiculay (ALL divs: ['EC'], weekly=3) [specialization]
INFO:subject_assignment_engine:PHASE 4: assigning 2 additional-responsibility subjects
INFO:subject_assignment_engine:  ✓ Seminar → Ms. Chelsy Joy [additional, single]
INFO:subject_assignment_engine:  ✓ Project Phase I → Mr. Dinesh Babu M. (EC) [additional, main]
INFO:subject_assignment_engine:  ✓ Project Phase I → Ms. Amrutha Joshy (EC) [additional, co_supervisor]
INFO:subject_assignment_engine:  ✓ Project Phase I → Ms. Shaila C.K. (EC) [additional, co_supervisor]
INFO:subject_assignment_engine:  ✓ Project Phase I → Ms. Athira Anilan (EC) [additional, co_supervisor]
INFO:subject_assignment_engine:  ✓ Project Phase I → Ms. Vishnupriya V. (EC) [additional, co_supervisor]
INFO:subject_assignment_engine:Total assignments before post-passes: 14
INFO:subject_assignment_engine:Total assignments (including dummies): 14
INFO:subject_assignment_engine:validate_before_timetable: PASSED (14 assignments, 142 teachers)
INFO:subject_assignment_engine:Semester 1 load: 25 periods — MISMATCH (expected 34, got 25)
WARNING:subject_assignment_engine:Load mismatch for semester 1: got 25, expected 34. Check HOURS_PER_WEEK values.
INFO:subject_assignment_engine:Assignment phases: 1 priority standalone, 6 specialization standalone, 0 remaining standalone, 0 elective groups
INFO:subject_assignment_engine:  ✓ Algorithmic Thinking with Python → Ms. Fida Shirin (EEE) theory=2 weekly=5 [priority]
INFO:subject_assignment_engine:  ✓ Mathematics for Electrical Science and Physical Science-1 → Dr. Vidya Lekshmi K. P. (EEE) theory=3 weekly=6 [specialization]
INFO:subject_assignment_engine:  ✓ Engineering Graphics and Computer Aided Drawing → Dr. Divya Nath K. (EEE) theory=2 weekly=3 [specialization]
INFO:subject_assignment_engine:  ✓ Introduction to Electrical Engineering → Ms. Jayalakshmi S. (EEE) theory=2 weekly=3 [specialization]
INFO:subject_assignment_engine:  ✓ Health and Wellness → Mr. Varun Jose (EEE) theory=2 weekly=2 [specialization]
INFO:subject_assignment_engine:  + Assistant Dr. Jayanand B. for EEE
INFO:subject_assignment_engine:✓ Basic Electrical Engineering Workshop → Ms. Jayalakshmi S. (ALL divs: ['EEE'], weekly=6) [specialization]
INFO:subject_assignment_engine:  + Assistant Mr. Varun Jose for EEE
INFO:subject_assignment_engine:✓ Basic Electrical Workshop → Ms. Priya Venugopal (ALL divs: ['EEE'], weekly=3) [specialization]
INFO:subject_assignment_engine:Total assignments before post-passes: 9
INFO:subject_assignment_engine:Total assignments (including dummies): 9
INFO:subject_assignment_engine:validate_before_timetable: PASSED (9 assignments, 142 teachers)
INFO:subject_assignment_engine:Semester 3 load: 34 periods — OK
INFO:subject_assignment_engine:Assignment phases: 2 priority standalone, 6 specialization standalone, 0 remaining standalone, 0 elective groups
INFO:subject_assignment_engine:  ✓ Mathematics for Electrical Science and Physical Science → Mr. Mohamed Akbar V. K. (EEE) theory=3 weekly=5 [priority]
INFO:subject_assignment_engine:  ✓ DC Machines and Transformers → Dr. Beena Puthillath (EEE) theory=2 weekly=5 [priority]
INFO:subject_assignment_engine:  ✓ Circuits and Networks → Dr. Jayanand B. (EEE) theory=2 weekly=5 [specialization]
INFO:subject_assignment_engine:  ✓ Analog Electronics → Ms. Priya Venugopal (EEE) theory=2 weekly=5 [specialization]
WARNING:subject_assignment_engine:  ✗ Introduction to Artificial Intelligence and Data Science (EEE): no teacher with capacity — queued for dummy
WARNING:subject_assignment_engine:  ✗ Engineering Ethics and Sustainable Development (EEE): no teacher with capacity — queued for dummy
INFO:subject_assignment_engine:  + Assistant Mr. Varun Jose for EEE
INFO:subject_assignment_engine:✓ Circuit and Measurement Lab → Dr. Jayanand B. (ALL divs: ['EEE'], weekly=8) [specialization]
INFO:subject_assignment_engine:  + Assistant Ms. Jayalakshmi S. for EEE
INFO:subject_assignment_engine:✓ Analog Electronics Lab → Dr. Divya Nath K. (ALL divs: ['EEE'], weekly=3) [specialization]
INFO:subject_assignment_engine:PHASE 4: assigning 1 additional-responsibility subjects
INFO:subject_assignment_engine:  ✓ Y2P → Dr. Kannan Nithin K. V. [additional, single]
INFO:subject_assignment_engine:Total assignments before post-passes: 9
INFO:subject_assignment_engine:  Dummy dummy-EEE-1 ← Introduction to Artificial Intelligence and Data Science (EEE)
INFO:subject_assignment_engine:  Dummy dummy-EEE-1 ← Engineering Ethics and Sustainable Development (EEE)
INFO:subject_assignment_engine:Dummy teachers created: 1
INFO:subject_assignment_engine:PHASE 6: created 1 dummy teacher(s) to cover 2 unassigned slots
INFO:subject_assignment_engine:Total assignments (including dummies): 11
INFO:subject_assignment_engine:validate_before_timetable: PASSED (11 assignments, 142 teachers)
INFO:subject_assignment_engine:Semester 5 load: 34 periods — OK
INFO:subject_assignment_engine:Assignment phases: 2 priority standalone, 6 specialization standalone, 0 remaining standalone, 0 elective groups
WARNING:subject_assignment_engine:  ✗ Power Systems I (EEE): no teacher with capacity — queued for dummy
INFO:subject_assignment_engine:  + Assistant Dr. Jayanand B. for EEE
INFO:subject_assignment_engine:✓ Electrical Machines Lab II → Mr. Varun Jose (ALL divs: ['EEE'], weekly=3) [priority]
WARNING:subject_assignment_engine:  ✗ Microprocessors And Microcontrollers (EEE): no teacher with capacity — queued for dummy
WARNING:subject_assignment_engine:  ✗ Signals And Systems (EEE): no teacher with capacity — queued for dummy
WARNING:subject_assignment_engine:  ✗ Synchronous And Induction Machines (EEE): no teacher with capacity — queued for dummy
WARNING:subject_assignment_engine:  ✗ Industrial Economics & Foreign Trade (EEE): no teacher with capacity — queued for dummy
WARNING:subject_assignment_engine:  ✗ Disaster Management (EEE): no teacher with capacity — queued for dummy
WARNING:subject_assignment_engine:✗ Microprocessors And Microcontrollers Lab: No available lab teacher (divs: ['EEE'])
INFO:subject_assignment_engine:Total assignments before post-passes: 2
INFO:subject_assignment_engine:  Dummy dummy-EEE-1 ← Microprocessors And Microcontrollers Lab (EEE)
INFO:subject_assignment_engine:  Dummy dummy-EEE-1 ← Power Systems I (EEE)
INFO:subject_assignment_engine:  Dummy dummy-EEE-1 ← Signals And Systems (EEE)
INFO:subject_assignment_engine:  Dummy dummy-EEE-2 ← Synchronous And Induction Machines (EEE)
INFO:subject_assignment_engine:  Dummy dummy-EEE-2 ← Microprocessors And Microcontrollers (EEE)
INFO:subject_assignment_engine:  Dummy dummy-EEE-3 ← Industrial Economics & Foreign Trade (EEE)
INFO:subject_assignment_engine:  Dummy dummy-EEE-3 ← Disaster Management (EEE)
INFO:subject_assignment_engine:Dummy teachers created: 3
INFO:subject_assignment_engine:PHASE 6: created 3 dummy teacher(s) to cover 7 unassigned slots
INFO:subject_assignment_engine:Total assignments (including dummies): 9
INFO:subject_assignment_engine:validate_before_timetable: PASSED (9 assignments, 142 teachers)
INFO:subject_assignment_engine:Semester 7 load: 26 periods — MISMATCH (expected 29, got 26)
WARNING:subject_assignment_engine:Load mismatch for semester 7: got 26, expected 29. Check HOURS_PER_WEEK values.
INFO:subject_assignment_engine:Assignment phases: 4 priority standalone, 1 specialization standalone, 0 remaining standalone, 0 elective groups
WARNING:subject_assignment_engine:  ✗ Advanced Control Systems (EEE): no teacher with capacity — queued for dummy
WARNING:subject_assignment_engine:  ✗ Industrial Safety Engineering (EEE): no teacher with capacity — queued for dummy
WARNING:subject_assignment_engine:  ✗ Illumination Technology (EEE): no teacher with capacity — queued for dummy
WARNING:subject_assignment_engine:✗ Control Systems Lab: No available lab teacher (divs: ['EEE'])
WARNING:subject_assignment_engine:  ✗ Natural Disasters and Mitigation (EEE): no teacher with capacity — queued for dummy
INFO:subject_assignment_engine:PHASE 4: assigning 2 additional-responsibility subjects
INFO:subject_assignment_engine:  ✓ Seminar → Dr. Jayanand B. [additional, single]
INFO:subject_assignment_engine:  ✓ Project Phase I → Dr. Divya Nath K. (EEE) [additional, main]
INFO:subject_assignment_engine:  ✓ Project Phase I → Ms. Jayalakshmi S. (EEE) [additional, co_supervisor]
INFO:subject_assignment_engine:  ✓ Project Phase I → Dr. Beena Puthillath (EEE) [additional, co_supervisor]
INFO:subject_assignment_engine:  ✓ Project Phase I → Mr. Varun Jose (EEE) [additional, co_supervisor]
INFO:subject_assignment_engine:  ✓ Project Phase I → Ms. Priya Venugopal (EEE) [additional, co_supervisor]
INFO:subject_assignment_engine:Total assignments before post-passes: 6
INFO:subject_assignment_engine:  Dummy dummy-EEE-1 ← Control Systems Lab (EEE)
INFO:subject_assignment_engine:  Dummy dummy-EEE-1 ← Advanced Control Systems (EEE)
INFO:subject_assignment_engine:  Dummy dummy-EEE-1 ← Illumination Technology (EEE)
INFO:subject_assignment_engine:  Dummy dummy-EEE-2 ← Industrial Safety Engineering (EEE)
INFO:subject_assignment_engine:  Dummy dummy-EEE-2 ← Natural Disasters and Mitigation (EEE)
INFO:subject_assignment_engine:Dummy teachers created: 2
INFO:subject_assignment_engine:PHASE 6: created 2 dummy teacher(s) to cover 5 unassigned slots
INFO:subject_assignment_engine:Total assignments (including dummies): 11
INFO:subject_assignment_engine:validate_before_timetable: PASSED (11 assignments, 142 teachers)
INFO:subject_assignment_engine:Semester 1 load: 34 periods — OK
INFO:subject_assignment_engine:Assignment phases: 3 priority standalone, 6 specialization standalone, 0 remaining standalone, 0 elective groups
INFO:subject_assignment_engine:  ✓ Physics for Physical Science → Dr. Santhosh M. V. (ME) theory=3 weekly=6 [priority]
INFO:subject_assignment_engine:  ✓ Engineering Mechanics → Dr. Vidya Chandran (ME) theory=1 weekly=5 [priority]
INFO:subject_assignment_engine:  ✓ Life Skills and Professional Communication → Mr. Rahul Ravi (ME) theory=3 weekly=2 [priority]
INFO:subject_assignment_engine:  ✓ Mathematics for Electrical Science and Physical Science-1 → Dr. Kannan Nithin K. V. (ME) theory=3 weekly=5 [specialization]
INFO:subject_assignment_engine:  ✓ Introduction to Mechanical Engineering → Mr. Vishnu H. (ME) theory=1 weekly=3 [specialization]
INFO:subject_assignment_engine:  ✓ Introduction to Civil Engineering → Ms. Anjana Susan John (ME) theory=1 weekly=3 [specialization]
INFO:subject_assignment_engine:  ✓ Algorithmic Thinking with Python → Mr. Noel Joseph Gomez (ME) theory=1 weekly=5 [specialization]
INFO:subject_assignment_engine:  + Assistant Dr. Praveensal C. J. for ME
INFO:subject_assignment_engine:✓ Mechanical Workshop → Mr. Suraj R. (ALL divs: ['ME'], weekly=2) [specialization]
INFO:subject_assignment_engine:  + Assistant Dr. Lakshmi Priya for ME
INFO:subject_assignment_engine:✓ Civil Workshop → Ms. Meera Varghese (ALL divs: ['ME'], weekly=2) [specialization]
INFO:subject_assignment_engine:PHASE 4: assigning 1 additional-responsibility subjects
INFO:subject_assignment_engine:  ✓ Y2P → Dr. Sreelekha Menon [additional, single]
INFO:subject_assignment_engine:Total assignments before post-passes: 12
INFO:subject_assignment_engine:Total assignments (including dummies): 12
INFO:subject_assignment_engine:validate_before_timetable: PASSED (12 assignments, 142 teachers)
INFO:subject_assignment_engine:Semester 3 load: 34 periods — OK
INFO:subject_assignment_engine:Assignment phases: 5 priority standalone, 3 specialization standalone, 0 remaining standalone, 0 elective groups
INFO:subject_assignment_engine:  ✓ Mathematics for Electrical Science and Physical Science → Ms. Resmimol N. R. (ME) theory=3 weekly=5 [priority]
INFO:subject_assignment_engine:  ✓ Mechanics of Solids → Mr. Anoob Jose (ME) theory=1 weekly=5 [priority]
INFO:subject_assignment_engine:  ✓ Fluid Mechanics and Machinery → Mr. Jose Sheril D'Cotha (ME) theory=1 weekly=5 [priority]
INFO:subject_assignment_engine:  ✓ Manufacturing Process → Mr. Francis Thomas (ME) theory=2 weekly=5 [priority]
INFO:subject_assignment_engine:  ✓ Computer Aided Machine Drawing & Modelling → Mr. Nikhil Ashok N. (ME) theory=2 weekly=3 [priority]
INFO:subject_assignment_engine:  ✓ Introduction to Artificial Intelligence and Data Science → Ms. Anisha V. Lal (ME) theory=2 weekly=5 [specialization]
INFO:subject_assignment_engine:  ✓ Engineering Ethics and Sustainable Development → Dr. Raghav G. R. (ME) theory=1 weekly=2 [specialization]
INFO:subject_assignment_engine:  ✓ Materials Testing lab → Mr. Dinil Babu C. (ME) theory=1 weekly=3 [specialization]
INFO:subject_assignment_engine:PHASE 4: assigning 1 additional-responsibility subjects
INFO:subject_assignment_engine:  ✓ Y2P → Dr. Sunny George [additional, single]
INFO:subject_assignment_engine:Total assignments before post-passes: 9
INFO:subject_assignment_engine:Total assignments (including dummies): 9
INFO:subject_assignment_engine:validate_before_timetable: PASSED (9 assignments, 142 teachers)
INFO:subject_assignment_engine:Semester 5 load: 34 periods — OK
INFO:subject_assignment_engine:Assignment phases: 2 priority standalone, 6 specialization standalone, 0 remaining standalone, 0 elective groups
INFO:subject_assignment_engine:  ✓ Mechanics of Machinery → Mr. Dinil Babu C. (ME) theory=2 weekly=6 [priority]
WARNING:subject_assignment_engine:  ✗ Industrial Economics & Foreign Trade (ME): no teacher with capacity — queued for dummy
INFO:subject_assignment_engine:  ✓ Thermal Engineering → Mr. Deepak Xavier (ME) theory=1 weekly=6 [specialization]
INFO:subject_assignment_engine:  ✓ Industrial & Systems Engineering → Dr. Praveensal C. J. (ME) theory=2 weekly=4 [specialization]
INFO:subject_assignment_engine:  ✓ Machine Tools and Metrology → Dr. Mahesa Rengaraj R. (ME) theory=2 weekly=6 [specialization]
INFO:subject_assignment_engine:  ✓ Disaster  Management → Ms. Anju Mary Ealias (ME) theory=1 weekly=3 [specialization]
INFO:subject_assignment_engine:  + Assistant Mr. Francis Thomas for ME
INFO:subject_assignment_engine:✓ Machine Tools Lab-II → Dr. Mahesa Rengaraj R. (ALL divs: ['ME'], weekly=9) [specialization]
INFO:subject_assignment_engine:  + Assistant Mr. Jose Sheril D'Cotha for ME
INFO:subject_assignment_engine:✓ Thermal Engineering Lab - I → Mr. Deepak Xavier (ALL divs: ['ME'], weekly=9) [specialization]
INFO:subject_assignment_engine:Total assignments before post-passes: 9
INFO:subject_assignment_engine:  Dummy dummy-BSH-1 ← Industrial Economics & Foreign Trade (ME)
INFO:subject_assignment_engine:Dummy teachers created: 1
INFO:subject_assignment_engine:PHASE 6: created 1 dummy teacher(s) to cover 1 unassigned slots
INFO:subject_assignment_engine:Total assignments (including dummies): 10
INFO:subject_assignment_engine:validate_before_timetable: PASSED (10 assignments, 142 teachers)
INFO:subject_assignment_engine:Semester 7 load: 29 periods — OK
INFO:subject_assignment_engine:Assignment phases: 1 priority standalone, 4 specialization standalone, 0 remaining standalone, 0 elective groups
INFO:subject_assignment_engine:  + Assistant Dr. Praveensal C. J. for ME
INFO:subject_assignment_engine:✓ Mechanical Engineering Lab → Dr. Vidya Chandran (ALL divs: ['ME'], weekly=6) [priority]
INFO:subject_assignment_engine:  ✓ Design of Machine Elements → Mr. Rakesh A. (ME) theory=1 weekly=5 [specialization]
INFO:subject_assignment_engine:  ✓ Natural Disasters and Mitigation → Mr. Vishnu H. (ME) theory=2 weekly=4 [specialization]
INFO:subject_assignment_engine:  ✓ Industrial Safety Engineering → Mr. Noel Joseph Gomez (ME) theory=2 weekly=4 [specialization]
INFO:subject_assignment_engine:  ✓ Advanced Methods in Non-Destructive Testing → Mr. Suraj R. (ME) theory=1 weekly=4 [specialization]
INFO:subject_assignment_engine:PHASE 4: assigning 2 additional-responsibility subjects
INFO:subject_assignment_engine:  ✓ Seminar → Mr. Anoob Jose [additional, single]
INFO:subject_assignment_engine:  ✓ Project Phase I → Dr. Raghav G. R. (ME) [additional, main]
INFO:subject_assignment_engine:  ✓ Project Phase I → Dr. Praveensal C. J. (ME) [additional, co_supervisor]
INFO:subject_assignment_engine:  ✓ Project Phase I → Mr. Francis Thomas (ME) [additional, co_supervisor]
INFO:subject_assignment_engine:  ✓ Project Phase I → Mr. Jose Sheril D'Cotha (ME) [additional, co_supervisor]
INFO:subject_assignment_engine:  ✓ Project Phase I → Mr. Nikhil Ashok N. (ME) [additional, co_supervisor]
INFO:subject_assignment_engine:Total assignments before post-passes: 12
INFO:subject_assignment_engine:Total assignments (including dummies): 12
INFO:subject_assignment_engine:validate_before_timetable: PASSED (12 assignments, 142 teachers)
INFO:subject_assignment_engine:Semester 1 load: 34 periods — OK
INFO:timetable_generator_engine:Loaded 18 assignments (16 main) across 2 divisions, semester 1.
INFO:timetable_generator_engine:Greedy attempt 1/80 …
INFO:timetable_generator_engine:  Attempt 1 (seed=472690) score: 88/100
INFO:timetable_generator_engine:Greedy attempt 2/80 …
INFO:timetable_generator_engine:  Attempt 2 (seed=290160) score: 92/100
INFO:timetable_generator_engine:Greedy attempt 3/80 …
INFO:timetable_generator_engine:  Attempt 3 (seed=938596) score: 91/100
INFO:timetable_generator_engine:Greedy attempt 4/80 …
INFO:timetable_generator_engine:  Attempt 4 (seed=645569) score: 84/100
INFO:timetable_generator_engine:Greedy attempt 5/80 …
INFO:timetable_generator_engine:  Attempt 5 (seed=492195) score: 93/100
INFO:timetable_generator_engine:Greedy attempt 6/80 …
INFO:timetable_generator_engine:  Attempt 6 (seed=963802) score: 86/100
INFO:timetable_generator_engine:Greedy attempt 7/80 …
WARNING:timetable_generator_engine:Cannot place theory period:
  Subject  : Engineering Graphics and Computer-Aided Drawing
  Division : ai
  Teacher  : Dr. Praveensal C. J.
  Required : 1 theory period(s)
  Conflicts:
    • division ai timetable completely full on: Mon, Wed, Thu, Fri
INFO:timetable_generator_engine:  [relaxed pass] Engineering Graphics and Computer-Aided Drawing / ai: placing 1 missing period(s)
WARNING:timetable_generator_engine:  [relaxed pass sub2] Engineering Graphics and Computer-Aided Drawing / ai placed on Tuesday P6 (theory-cap relaxed as last resort — check teacher load balance)
INFO:timetable_generator_engine:  Attempt 7 (seed=114010) score: 84/100
INFO:timetable_generator_engine:Greedy attempt 8/80 …
INFO:timetable_generator_engine:  Attempt 8 (seed=603431) score: 86/100
INFO:timetable_generator_engine:Greedy attempt 9/80 …
INFO:timetable_generator_engine:  Attempt 9 (seed=384820) score: 84/100
INFO:timetable_generator_engine:Greedy attempt 10/80 …
INFO:timetable_generator_engine:  Attempt 10 (seed=541834) score: 95/100
INFO:timetable_generator_engine:✔ Early stop on attempt 10 — score 95 ≥ 95.
INFO:timetable_generator_engine:Greedy base schedule score: 95
INFO:timetable_generator_engine:✔ Timetable finalised.  Score: 95/100.
INFO:subject_assignment_engine:Semester 3 load: 44 periods — MISMATCH (expected 34, got 44)
WARNING:subject_assignment_engine:Load mismatch for semester 3: got 44, expected 34. Check HOURS_PER_WEEK values.
INFO:timetable_generator_engine:Loaded 26 assignments (22 main) across 2 divisions, semester 3.
INFO:timetable_generator_engine:Greedy attempt 1/80 …
WARNING:timetable_generator_engine:Cannot place theory period:
  Subject  : Mathematics for Information Science-4
  Division : ds
  Teacher  : Dr. Sonal Ayyappan
  Required : 1 theory period(s)
  Conflicts:
    • division ds timetable completely full on: Mon, Tue, Wed, Thu, Fri
WARNING:timetable_generator_engine:Cannot place theory period:
  Subject  : Economics For Engineers
  Division : ds
  Teacher  : Ms. Jane Theresa
  Required : 1 theory period(s)
  Conflicts:
    • division ds timetable completely full on: Mon, Tue, Wed, Thu, Fri
WARNING:timetable_generator_engine:Cannot place theory period:
  Subject  : Data Structures and Algorithms
  Division : ds
  Teacher  : Ms.Aiswarya Menon
  Required : 1 theory period(s)
  Conflicts:
    • division ds timetable completely full on: Mon, Tue, Wed, Thu, Fri
WARNING:timetable_generator_engine:Cannot place theory period:
  Subject  : Mathematics for Information Science-4
  Division : ds
  Teacher  : Dr. Sonal Ayyappan
  Required : 1 theory period(s)
  Conflicts:
    • division ds timetable completely full on: Mon, Tue, Wed, Thu, Fri
WARNING:timetable_generator_engine:Cannot place theory period:
  Subject  : Data Structures and Algorithms
  Division : ds
  Teacher  : Ms.Aiswarya Menon
  Required : 1 theory period(s)
  Conflicts:
    • division ds timetable completely full on: Mon, Tue, Wed, Thu, Fri
WARNING:timetable_generator_engine:Cannot place theory period:
  Subject  : Digital Electronics and Logic Design
  Division : ai
  Teacher  : Ms. Anu Joseph
  Required : 1 theory period(s)
  Conflicts:
    • division ai timetable completely full on: Mon, Tue, Wed, Thu, Fri
WARNING:timetable_generator_engine:Cannot place theory period:
  Subject  : Mathematics for Information Science-4
  Division : ds
  Teacher  : Dr. Sonal Ayyappan
  Required : 1 theory period(s)
  Conflicts:
    • division ds timetable completely full on: Mon, Tue, Wed, Thu, Fri
WARNING:timetable_generator_engine:Cannot place theory period:
  Subject  : Mathematics for Information Sciences-3
  Division : ai
  Teacher  : Ms. Neenu Sebastian
  Required : 1 theory period(s)
  Conflicts:
    • division ai timetable completely full on: Mon, Tue, Wed, Thu, Fri
WARNING:timetable_generator_engine:Cannot place theory period:
  Subject  : Database Management Systems
  Division : ai
  Teacher  : Ms. Neenu Sebastian
  Required : 1 theory period(s)
  Conflicts:
    • division ai timetable completely full on: Mon, Tue, Wed, Thu, Fri
WARNING:timetable_generator_engine:Cannot place theory period:
  Subject  : Object Oriented Programming
  Division : ai
  Teacher  : Ms.Jisna Jaison T
  Required : 1 theory period(s)
  Conflicts:
    • division ai timetable completely full on: Mon, Tue, Wed, Thu, Fri
WARNING:timetable_generator_engine:Cannot place theory period:
  Subject  : Theory of Computation
  Division : ai
  Teacher  : Ms.Asha S Rakesh
  Required : 1 theory period(s)
  Conflicts:
    • division ai timetable completely full on: Mon, Tue, Wed, Thu, Fri
WARNING:timetable_generator_engine:Cannot place theory period:
  Subject  : Data Structures and Algorithms
  Division : ds
  Teacher  : Ms.Aiswarya Menon
  Required : 1 theory period(s)
  Conflicts:
    • division ds timetable completely full on: Mon, Tue, Wed, Thu, Fri
WARNING:timetable_generator_engine:Cannot place theory period:
  Subject  : Digital Electronics and Logic Design
  Division : ai
  Teacher  : Ms. Anu Joseph
  Required : 1 theory period(s)
  Conflicts:
    • division ai timetable completely full on: Mon, Tue, Wed, Thu, Fri
WARNING:timetable_generator_engine:Cannot place theory period:
  Subject  : Mathematics for Information Science-4
  Division : ds
  Teacher  : Dr. Sonal Ayyappan
  Required : 1 theory period(s)
  Conflicts:
    • division ds timetable completely full on: Mon, Tue, Wed, Thu, Fri
WARNING:timetable_generator_engine:Cannot place theory period:
  Subject  : Database Management Systems
  Division : ai
  Teacher  : Ms. Neenu Sebastian
  Required : 1 theory period(s)
  Conflicts:
    • division ai timetable completely full on: Mon, Tue, Wed, Thu, Fri
WARNING:timetable_generator_engine:Cannot place theory period:
  Subject  : Object Oriented Programming
  Division : ai
  Teacher  : Ms.Jisna Jaison T
  Required : 1 theory period(s)
  Conflicts:
    • division ai timetable completely full on: Mon, Tue, Wed, Thu, Fri
WARNING:timetable_generator_engine:Cannot place theory period:
  Subject  : Theory of Computation
  Division : ai
  Teacher  : Ms.Asha S Rakesh
  Required : 1 theory period(s)
  Conflicts:
    • division ai timetable completely full on: Mon, Tue, Wed, Thu, Fri
WARNING:timetable_generator_engine:Cannot place theory period:
  Subject  : Data Structures and Algorithms
  Division : ds
  Teacher  : Ms.Aiswarya Menon
  Required : 1 theory period(s)
  Conflicts:
    • division ds timetable completely full on: Mon, Tue, Wed, Thu, Fri
WARNING:timetable_generator_engine:Cannot place theory period:
  Subject  : Digital Electronics and Logic Design
  Division : ai
  Teacher  : Ms. Anu Joseph
  Required : 1 theory period(s)
  Conflicts:
    • division ai timetable completely full on: Mon, Tue, Wed, Thu, Fri
WARNING:timetable_generator_engine:Cannot place theory period:
  Subject  : Mathematics for Information Science-4
  Division : ds
  Teacher  : Dr. Sonal Ayyappan
  Required : 1 theory period(s)
  Conflicts:
    • division ds timetable completely full on: Mon, Tue, Wed, Thu, Fri
INFO:timetable_generator_engine:  [relaxed pass] Object Oriented Programming / ai: placing 2 missing period(s)
WARNING:timetable_generator_engine:  [relaxed pass] Cannot place Object Oriented Programming / ai even with relaxed cap
INFO:timetable_generator_engine:  [relaxed pass] Theory of Computation / ai: placing 2 missing period(s)
WARNING:timetable_generator_engine:  [relaxed pass] Cannot place Theory of Computation / ai even with relaxed cap
INFO:timetable_generator_engine:  [relaxed pass] Mathematics for Information Science-4 / ds: placing 5 missing period(s)
WARNING:timetable_generator_engine:  [relaxed pass] Cannot place Mathematics for Information Science-4 / ds even with relaxed cap
INFO:timetable_generator_engine:  [relaxed pass] Digital Electronics and Logic Design / ai: placing 3 missing period(s)
WARNING:timetable_generator_engine:  [relaxed pass] Cannot place Digital Electronics and Logic Design / ai even with relaxed cap
INFO:timetable_generator_engine:  [relaxed pass] Mathematics for Information Sciences-3 / ai: placing 1 missing period(s)
WARNING:timetable_generator_engine:  [relaxed pass] Cannot place Mathematics for Information Sciences-3 / ai even with relaxed cap
INFO:timetable_generator_engine:  [relaxed pass] Economics For Engineers / ds: placing 1 missing period(s)
WARNING:timetable_generator_engine:  [relaxed pass] Cannot place Economics For Engineers / ds even with relaxed cap
INFO:timetable_generator_engine:  [relaxed pass] Data Structures and Algorithms / ds: placing 4 missing period(s)
WARNING:timetable_generator_engine:  [relaxed pass] Cannot place Data Structures and Algorithms / ds even with relaxed cap
INFO:timetable_generator_engine:  [relaxed pass] Database Management Systems / ai: placing 2 missing period(s)
WARNING:timetable_generator_engine:  [relaxed pass] Cannot place Database Management Systems / ai even with relaxed cap
INFO:timetable_generator_engine:  Attempt 1 (seed=988536) score: 89/100
INFO:timetable_generator_engine:Greedy attempt 2/80 …
WARNING:timetable_generator_engine:Cannot place theory period:
  Subject  : Database Management Systems
  Division : ai
  Teacher  : Ms. Neenu Sebastian
  Required : 1 theory period(s)
  Conflicts:
    • division ai timetable completely full on: Mon, Tue, Wed, Thu, Fri
WARNING:timetable_generator_engine:Cannot place theory period:
  Subject  : Economics For Engineers
  Division : ai
  Teacher  : Dr. Sunny George
  Required : 1 theory period(s)
  Conflicts:
    • division ai timetable completely full on: Mon, Tue, Wed, Thu, Fri
WARNING:timetable_generator_engine:Cannot place theory period:
  Subject  : Theory of Computation
  Division : ai
  Teacher  : Ms.Asha S Rakesh
  Required : 1 theory period(s)
  Conflicts:
    • division ai timetable completely full on: Mon, Tue, Wed, Thu, Fri
WARNING:timetable_generator_engine:Cannot place theory period:
  Subject  : Database Management Systems
  Division : ai
  Teacher  : Ms. Neenu Sebastian
  Required : 1 theory period(s)
  Conflicts:
    • division ai timetable completely full on: Mon, Tue, Wed, Thu, Fri
WARNING:timetable_generator_engine:Cannot place theory period:
  Subject  : Theory of Computation
  Division : ai
  Teacher  : Ms.Asha S Rakesh
  Required : 1 theory period(s)
  Conflicts:
    • division ai timetable completely full on: Mon, Tue, Wed, Thu, Fri
WARNING:timetable_generator_engine:Cannot place theory period:
  Subject  : Database Management Systems
  Division : ai
  Teacher  : Ms. Neenu Sebastian
  Required : 1 theory period(s)
  Conflicts:
    • division ai timetable completely full on: Mon, Tue, Wed, Thu, Fri
WARNING:timetable_generator_engine:Cannot place theory period:
  Subject  : Object Oriented Programming
  Division : ds
  Teacher  : Ms. Anita Babu
  Required : 1 theory period(s)
  Conflicts:
    • division ds timetable completely full on: Mon, Tue, Wed, Thu, Fri
WARNING:timetable_generator_engine:Cannot place theory period:
  Subject  : Mathematics for Information Sciences-3
  Division : ds
  Teacher  : Ms. Binu John
  Required : 1 theory period(s)
  Conflicts:
    • division ds timetable completely full on: Mon, Tue, Wed, Thu, Fri
WARNING:timetable_generator_engine:Cannot place theory period:
  Subject  : Theory of Computation
  Division : ai
  Teacher  : Ms.Asha S Rakesh
  Required : 1 theory period(s)
  Conflicts:
    • division ai timetable completely full on: Mon, Tue, Wed, Thu, Fri
WARNING:timetable_generator_engine:Cannot place theory period:
  Subject  : Mathematics for Information Science-4
  Division : ds
  Teacher  : Dr. Sonal Ayyappan
  Required : 1 theory period(s)
  Conflicts:
    • division ds timetable completely full on: Mon, Tue, Wed, Thu, Fri
WARNING:timetable_generator_engine:Cannot place theory period:
  Subject  : Data Structures and Algorithms
  Division : ds
  Teacher  : Ms.Aiswarya Menon
  Required : 1 theory period(s)
  Conflicts:
    • division ds timetable completely full on: Mon, Tue, Wed, Thu, Fri
WARNING:timetable_generator_engine:Cannot place theory period:
  Subject  : Digital Electronics and Logic Design
  Division : ds
  Teacher  : Mr. Anvar Sadath A K
  Required : 1 theory period(s)
  Conflicts:
    • division ds timetable completely full on: Mon, Tue, Wed, Thu, Fri
WARNING:timetable_generator_engine:Cannot place theory period:
  Subject  : Database Management Systems
  Division : ai
  Teacher  : Ms. Neenu Sebastian
  Required : 1 theory period(s)
  Conflicts:
    • division ai timetable completely full on: Mon, Tue, Wed, Thu, Fri
WARNING:timetable_generator_engine:Cannot place theory period:
  Subject  : Object Oriented Programming
  Division : ds
  Teacher  : Ms. Anita Babu
  Required : 1 theory period(s)
  Conflicts:
    • division ds timetable completely full on: Mon, Tue, Wed, Thu, Fri
WARNING:timetable_generator_engine:Cannot place theory period:
  Subject  : Theory of Computation
  Division : ai
  Teacher  : Ms.Asha S Rakesh
  Required : 1 theory period(s)
  Conflicts:
    • division ai timetable completely full on: Mon, Tue, Wed, Thu, Fri
WARNING:timetable_generator_engine:Cannot place theory period:
  Subject  : Mathematics for Information Science-4
  Division : ds
  Teacher  : Dr. Sonal Ayyappan
  Required : 1 theory period(s)
  Conflicts:
    • division ds timetable completely full on: Mon, Tue, Wed, Thu, Fri
WARNING:timetable_generator_engine:Cannot place theory period:
  Subject  : Data Structures and Algorithms
  Division : ds
  Teacher  : Ms.Aiswarya Menon
  Required : 1 theory period(s)
  Conflicts:
    • division ds timetable completely full on: Mon, Tue, Wed, Thu, Fri
WARNING:timetable_generator_engine:Cannot place theory period:
  Subject  : Digital Electronics and Logic Design
  Division : ds
  Teacher  : Mr. Anvar Sadath A K
  Required : 1 theory period(s)
  Conflicts:
    • division ds timetable completely full on: Mon, Tue, Wed, Thu, Fri
WARNING:timetable_generator_engine:Cannot place theory period:
  Subject  : Database Management Systems
  Division : ai
  Teacher  : Ms. Neenu Sebastian
  Required : 1 theory period(s)
  Conflicts:
    • division ai timetable completely full on: Mon, Tue, Wed, Thu, Fri
WARNING:timetable_generator_engine:Cannot place theory period:
  Subject  : Object Oriented Programming
  Division : ds
  Teacher  : Ms. Anita Babu
  Required : 1 theory period(s)
  Conflicts:
    • division ds timetable completely full on: Mon, Tue, Wed, Thu, Fri
INFO:timetable_generator_engine:  [relaxed pass] Data Structures and Algorithms / ds: placing 2 missing period(s)
WARNING:timetable_generator_engine:  [relaxed pass] Cannot place Data Structures and Algorithms / ds even with relaxed cap
INFO:timetable_generator_engine:  [relaxed pass] Mathematics for Information Science-4 / ds: placing 2 missing period(s)
WARNING:timetable_generator_engine:  [relaxed pass] Cannot place Mathematics for Information Science-4 / ds even with relaxed cap
INFO:timetable_generator_engine:  [relaxed pass] Digital Electronics and Logic Design / ds: placing 2 missing period(s)
WARNING:timetable_generator_engine:  [relaxed pass] Cannot place Digital Electronics and Logic Design / ds even with relaxed cap
INFO:timetable_generator_engine:  [relaxed pass] Database Management Systems / ai: placing 5 missing period(s)
WARNING:timetable_generator_engine:  [relaxed pass] Cannot place Database Management Systems / ai even with relaxed cap
INFO:timetable_generator_engine:  [relaxed pass] Theory of Computation / ai: placing 4 missing period(s)
WARNING:timetable_generator_engine:  [relaxed pass] Cannot place Theory of Computation / ai even with relaxed cap
INFO:timetable_generator_engine:  [relaxed pass] Economics For Engineers / ai: placing 1 missing period(s)
WARNING:timetable_generator_engine:  [relaxed pass] Cannot place Economics For Engineers / ai even with relaxed cap
INFO:timetable_generator_engine:  [relaxed pass] Object Oriented Programming / ds: placing 3 missing period(s)
WARNING:timetable_generator_engine:  [relaxed pass] Cannot place Object Oriented Programming / ds even with relaxed cap
INFO:timetable_generator_engine:  [relaxed pass] Mathematics for Information Sciences-3 / ds: placing 1 missing period(s)
WARNING:timetable_generator_engine:  [relaxed pass] Cannot place Mathematics for Information Sciences-3 / ds even with relaxed cap
INFO:timetable_generator_engine:  Attempt 2 (seed=615698) score: 86/100
INFO:timetable_generator_engine:Greedy attempt 3/80 …
WARNING:timetable_generator_engine:Cannot place theory period:
  Subject  : Database Management Systems
  Division : ai
  Teacher  : Ms. Neenu Sebastian
  Required : 1 theory period(s)
  Conflicts:
    • division ai timetable completely full on: Mon, Tue, Wed, Thu, Fri
WARNING:timetable_generator_engine:Cannot place theory period:
  Subject  : Theory of Computation
  Division : ai
  Teacher  : Ms.Asha S Rakesh
  Required : 1 theory period(s)
  Conflicts:
    • division ai timetable completely full on: Mon, Tue, Wed, Thu, Fri
WARNING:timetable_generator_engine:Cannot place theory period:
  Subject  : Mathematics for Information Sciences-3
  Division : ai
  Teacher  : Ms. Neenu Sebastian
  Required : 1 theory period(s)
  Conflicts:
    • division ai timetable completely full on: Mon, Tue, Wed, Thu, Fri
WARNING:timetable_generator_engine:Cannot place theory period:
  Subject  : Database Management Systems
  Division : ai
  Teacher  : Ms. Neenu Sebastian
  Required : 1 theory period(s)
  Conflicts:
    • division ai timetable completely full on: Mon, Tue, Wed, Thu, Fri
WARNING:timetable_generator_engine:Cannot place theory period:
  Subject  : Mathematics for Information Science-4
  Division : ds
  Teacher  : Dr. Sonal Ayyappan
  Required : 1 theory period(s)
  Conflicts:
    • division ds timetable completely full on: Mon, Tue, Wed, Thu, Fri
WARNING:timetable_generator_engine:Cannot place theory period:
  Subject  : Theory of Computation
  Division : ai
  Teacher  : Ms.Asha S Rakesh
  Required : 1 theory period(s)
  Conflicts:
    • division ai timetable completely full on: Mon, Tue, Wed, Thu, Fri
WARNING:timetable_generator_engine:Cannot place theory period:
  Subject  : Digital Electronics and Logic Design
  Division : ds
  Teacher  : Mr. Anvar Sadath A K
  Required : 1 theory period(s)
  Conflicts:
    • division ds timetable completely full on: Mon, Tue, Wed, Thu, Fri
WARNING:timetable_generator_engine:Cannot place theory period:
  Subject  : Mathematics for Information Sciences-3
  Division : ai
  Teacher  : Ms. Neenu Sebastian
  Required : 1 theory period(s)
  Conflicts:
    • division ai timetable completely full on: Mon, Tue, Wed, Thu, Fri
WARNING:timetable_generator_engine:Cannot place theory period:
  Subject  : Database Management Systems
  Division : ai
  Teacher  : Ms. Neenu Sebastian
  Required : 1 theory period(s)
  Conflicts:
    • division ai timetable completely full on: Mon, Tue, Wed, Thu, Fri
WARNING:timetable_generator_engine:Cannot place theory period:
  Subject  : Data Structures and Algorithms
  Division : ds
  Teacher  : Ms.Aiswarya Menon
  Required : 1 theory period(s)
  Conflicts:
    • division ds timetable completely full on: Mon, Tue, Wed, Thu, Fri
WARNING:timetable_generator_engine:Cannot place theory period:
  Subject  : Object Oriented Programming
  Division : ds
  Teacher  : Ms. Anita Babu
  Required : 1 theory period(s)
  Conflicts:
    • division ds timetable completely full on: Mon, Tue, Wed, Thu, Fri
WARNING:timetable_generator_engine:Cannot place theory period:
  Subject  : Mathematics for Information Science-4
  Division : ds
  Teacher  : Dr. Sonal Ayyappan
  Required : 1 theory period(s)
  Conflicts:
    • division ds timetable completely full on: Mon, Tue, Wed, Thu, Fri
WARNING:timetable_generator_engine:Cannot place theory period:
  Subject  : Theory of Computation
  Division : ai
  Teacher  : Ms.Asha S Rakesh
  Required : 1 theory period(s)
  Conflicts:
    • division ai timetable completely full on: Mon, Tue, Wed, Thu, Fri
WARNING:timetable_generator_engine:Cannot place theory period:
  Subject  : Digital Electronics and Logic Design
  Division : ds
  Teacher  : Mr. Anvar Sadath A K
  Required : 1 theory period(s)
  Conflicts:
    • division ds timetable completely full on: Mon, Tue, Wed, Thu, Fri
WARNING:timetable_generator_engine:Cannot place theory period:
  Subject  : Database Management Systems
  Division : ai
  Teacher  : Ms. Neenu Sebastian
  Required : 1 theory period(s)
  Conflicts:
    • division ai timetable completely full on: Mon, Tue, Wed, Thu, Fri
WARNING:timetable_generator_engine:Cannot place theory period:
  Subject  : Data Structures and Algorithms
  Division : ds
  Teacher  : Ms.Aiswarya Menon
  Required : 1 theory period(s)
  Conflicts:
    • division ds timetable completely full on: Mon, Tue, Wed, Thu, Fri
WARNING:timetable_generator_engine:Cannot place theory period:
  Subject  : Object Oriented Programming
  Division : ds
  Teacher  : Ms. Anita Babu
  Required : 1 theory period(s)
  Conflicts:
    • division ds timetable completely full on: Mon, Tue, Wed, Thu, Fri
WARNING:timetable_generator_engine:Cannot place theory period:
  Subject  : Mathematics for Information Science-4
  Division : ds
  Teacher  : Dr. Sonal Ayyappan
  Required : 1 theory period(s)
  Conflicts:
    • division ds timetable completely full on: Mon, Tue, Wed, Thu, Fri
WARNING:timetable_generator_engine:Cannot place theory period:
  Subject  : Theory of Computation
  Division : ai
  Teacher  : Ms.Asha S Rakesh
  Required : 1 theory period(s)
  Conflicts:
    • division ai timetable completely full on: Mon, Tue, Wed, Thu, Fri
WARNING:timetable_generator_engine:Cannot place theory period:
  Subject  : Digital Electronics and Logic Design
  Division : ds
  Teacher  : Mr. Anvar Sadath A K
  Required : 1 theory period(s)
  Conflicts:
    • division ds timetable completely full on: Mon, Tue, Wed, Thu, Fri
INFO:timetable_generator_engine:  [relaxed pass] Database Management Systems / ai: placing 4 missing period(s)
WARNING:timetable_generator_engine:  [relaxed pass] Cannot place Database Management Systems / ai even with relaxed cap
INFO:timetable_generator_engine:  [relaxed pass] Object Oriented Programming / ds: placing 2 missing period(s)
WARNING:timetable_generator_engine:  [relaxed pass] Cannot place Object Oriented Programming / ds even with relaxed cap
INFO:timetable_generator_engine:  [relaxed pass] Mathematics for Information Sciences-3 / ai: placing 2 missing period(s)
WARNING:timetable_generator_engine:  [relaxed pass] Cannot place Mathematics for Information Sciences-3 / ai even with relaxed cap
INFO:timetable_generator_engine:  [relaxed pass] Mathematics for Information Science-4 / ds: placing 3 missing period(s)
WARNING:timetable_generator_engine:  [relaxed pass] Cannot place Mathematics for Information Science-4 / ds even with relaxed cap
INFO:timetable_generator_engine:  [relaxed pass] Digital Electronics and Logic Design / ds: placing 3 missing period(s)
WARNING:timetable_generator_engine:  [relaxed pass] Cannot place Digital Electronics and Logic Design / ds even with relaxed cap
INFO:timetable_generator_engine:  [relaxed pass] Data Structures and Algorithms / ds: placing 2 missing period(s)
WARNING:timetable_generator_engine:  [relaxed pass] Cannot place Data Structures and Algorithms / ds even with relaxed cap
INFO:timetable_generator_engine:  [relaxed pass] Theory of Computation / ai: placing 4 missing period(s)
WARNING:timetable_generator_engine:  [relaxed pass] Cannot place Theory of Computation / ai even with relaxed cap
INFO:timetable_generator_engine:  Attempt 3 (seed=656024) score: 95/100
INFO:timetable_generator_engine:✔ Early stop on attempt 3 — score 95 ≥ 95.
INFO:timetable_generator_engine:Greedy base schedule score: 95
INFO:timetable_generator_engine:✔ Timetable finalised.  Score: 95/100.
INFO:subject_assignment_engine:Semester 5 load: 48 periods — MISMATCH (expected 34, got 48)
WARNING:subject_assignment_engine:Load mismatch for semester 5: got 48, expected 34. Check HOURS_PER_WEEK values.
INFO:subject_assignment_engine:Semester 7 load: 41 periods — MISMATCH (expected 29, got 41)
WARNING:subject_assignment_engine:Load mismatch for semester 7: got 41, expected 29. Check HOURS_PER_WEEK values.
INFO:subject_assignment_engine:Semester 1 load: 34 periods — OK
INFO:timetable_generator_engine:Loaded 12 assignments (10 main) across 1 divisions, semester 1.
INFO:timetable_generator_engine:Greedy attempt 1/80 …
INFO:timetable_generator_engine:  Attempt 1 (seed=322380) score: 96/100
INFO:timetable_generator_engine:✔ Early stop on attempt 1 — score 96 ≥ 95.
INFO:timetable_generator_engine:Greedy base schedule score: 96
INFO:timetable_generator_engine:✔ Timetable finalised.  Score: 96/100.
INFO:subject_assignment_engine:Semester 3 load: 34 periods — OK
INFO:timetable_generator_engine:Loaded 10 assignments (8 main) across 1 divisions, semester 3.
INFO:timetable_generator_engine:Greedy attempt 1/80 …
INFO:timetable_generator_engine:  Attempt 1 (seed=625026) score: 99/100
INFO:timetable_generator_engine:✔ Early stop on attempt 1 — score 99 ≥ 95.
INFO:timetable_generator_engine:Greedy base schedule score: 99
INFO:timetable_generator_engine:✔ Timetable finalised.  Score: 99/100.
INFO:subject_assignment_engine:Semester 5 load: 34 periods — OK
INFO:timetable_generator_engine:Loaded 10 assignments (8 main) across 1 divisions, semester 5.
INFO:timetable_generator_engine:Greedy attempt 1/80 …
INFO:timetable_generator_engine:  Attempt 1 (seed=783686) score: 95/100
INFO:timetable_generator_engine:✔ Early stop on attempt 1 — score 95 ≥ 95.
INFO:timetable_generator_engine:Greedy base schedule score: 95
INFO:timetable_generator_engine:✔ Timetable finalised.  Score: 95/100.
INFO:subject_assignment_engine:Semester 7 load: 29 periods — OK
INFO:timetable_generator_engine:Loaded 12 assignments (7 main) across 1 divisions, semester 7.
INFO:timetable_generator_engine:Greedy attempt 1/80 …
INFO:timetable_generator_engine:  Attempt 1 (seed=309592) score: 95/100
INFO:timetable_generator_engine:✔ Early stop on attempt 1 — score 95 ≥ 95.
INFO:timetable_generator_engine:Greedy base schedule score: 95
INFO:timetable_generator_engine:✔ Timetable finalised.  Score: 95/100.
INFO:subject_assignment_engine:Semester 1 load: 34 periods — OK
INFO:timetable_generator_engine:Loaded 11 assignments (9 main) across 1 divisions, semester 1.
INFO:timetable_generator_engine:Greedy attempt 1/80 …
INFO:timetable_generator_engine:  Attempt 1 (seed=18389) score: 94/100
INFO:timetable_generator_engine:Greedy attempt 2/80 …
INFO:timetable_generator_engine:  Attempt 2 (seed=655130) score: 95/100
INFO:timetable_generator_engine:✔ Early stop on attempt 2 — score 95 ≥ 95.
INFO:timetable_generator_engine:Greedy base schedule score: 95
INFO:timetable_generator_engine:✔ Timetable finalised.  Score: 95/100.
INFO:subject_assignment_engine:Semester 3 load: 34 periods — OK
INFO:timetable_generator_engine:Loaded 11 assignments (9 main) across 1 divisions, semester 3.
INFO:timetable_generator_engine:Greedy attempt 1/80 …
INFO:timetable_generator_engine:  Attempt 1 (seed=615999) score: 95/100
INFO:timetable_generator_engine:✔ Early stop on attempt 1 — score 95 ≥ 95.
INFO:timetable_generator_engine:Greedy base schedule score: 95
INFO:timetable_generator_engine:✔ Timetable finalised.  Score: 95/100.
INFO:subject_assignment_engine:Semester 5 load: 34 periods — OK
INFO:timetable_generator_engine:Loaded 10 assignments (8 main) across 1 divisions, semester 5.
INFO:timetable_generator_engine:Greedy attempt 1/80 …
INFO:timetable_generator_engine:  Attempt 1 (seed=997320) score: 91/100
INFO:timetable_generator_engine:Greedy attempt 2/80 …
INFO:timetable_generator_engine:  Attempt 2 (seed=967023) score: 95/100
INFO:timetable_generator_engine:✔ Early stop on attempt 2 — score 95 ≥ 95.
INFO:timetable_generator_engine:Greedy base schedule score: 95
INFO:timetable_generator_engine:✔ Timetable finalised.  Score: 95/100.
INFO:subject_assignment_engine:Semester 7 load: 29 periods — OK
INFO:timetable_generator_engine:Loaded 12 assignments (7 main) across 1 divisions, semester 7.
INFO:timetable_generator_engine:Greedy attempt 1/80 …
WARNING:timetable_generator_engine:Cannot place lab block:
  Subject  : Project Phase I
  Division : CIVIL
  Teacher  : Ms. Meera Varghese
  Required : 6 lab block(s)
  Conflicts:
    • no continuous 6-period block available — per day: Mon(daily cap), Tue(daily cap), Wed(daily cap), Thu(daily cap), Fri(daily cap)
INFO:timetable_generator_engine:  Attempt 1 (seed=413272) score: 98/100
INFO:timetable_generator_engine:✔ Early stop on attempt 1 — score 98 ≥ 95.
INFO:timetable_generator_engine:Greedy base schedule score: 98
INFO:timetable_generator_engine:✔ Timetable finalised.  Score: 98/100.
INFO:subject_assignment_engine:Semester 1 load: 45 periods — MISMATCH (expected 34, got 45)
WARNING:subject_assignment_engine:Load mismatch for semester 1: got 45, expected 34. Check HOURS_PER_WEEK values.
INFO:timetable_generator_engine:Loaded 52 assignments (48 main) across 4 divisions, semester 1.
INFO:timetable_generator_engine:Greedy attempt 1/80 …
WARNING:timetable_generator_engine:Cannot place theory period:
  Subject  : Physics for Information Science
  Division : CS3
  Teacher  : Dr. Santhosh M. V.
  Required : 1 theory period(s)
  Conflicts:
    • division CS3 timetable completely full on: Mon, Tue, Wed, Thu, Fri
WARNING:timetable_generator_engine:Cannot place theory period:
  Subject  : Introduction to Electrical Engineering
  Division : CS3
  Teacher  : Ms. Priya Venugopal
  Required : 1 theory period(s)
  Conflicts:
    • division CS3 timetable completely full on: Mon, Tue, Wed, Thu, Fri
WARNING:timetable_generator_engine:Cannot place theory period:
  Subject  : Introduction to Electronics Engineering
  Division : CS3
  Teacher  : Dr. Sreeja K. A.
  Required : 1 theory period(s)
  Conflicts:
    • division CS3 timetable completely full on: Mon, Tue, Wed, Thu, Fri
WARNING:timetable_generator_engine:Cannot place theory period:
  Subject  : Physics for Information Science
  Division : CS3
  Teacher  : Dr. Santhosh M. V.
  Required : 1 theory period(s)
  Conflicts:
    • division CS3 timetable completely full on: Mon, Tue, Wed, Thu, Fri
WARNING:timetable_generator_engine:Cannot place theory period:
  Subject  : Introduction to Electrical Engineering
  Division : CS3
  Teacher  : Ms. Priya Venugopal
  Required : 1 theory period(s)
  Conflicts:
    • division CS3 timetable completely full on: Mon, Tue, Wed, Thu, Fri
WARNING:timetable_generator_engine:Cannot place theory period:
  Subject  : Introduction to Electronics Engineering
  Division : CS3
  Teacher  : Dr. Sreeja K. A.
  Required : 1 theory period(s)
  Conflicts:
    • division CS3 timetable completely full on: Mon, Tue, Wed, Thu, Fri
WARNING:timetable_generator_engine:Cannot place theory period:
  Subject  : Chemistry for Information Science
  Division : CS1
  Teacher  : Dr. Mini Tom
  Required : 1 theory period(s)
  Conflicts:
    • division CS1 timetable completely full on: Mon, Tue, Wed, Thu, Fri
WARNING:timetable_generator_engine:Cannot place theory period:
  Subject  : Physics for Information Science
  Division : CS1
  Teacher  : Dr. Nithya Mohan
  Required : 1 theory period(s)
  Conflicts:
    • division CS1 timetable completely full on: Mon, Tue, Wed, Thu, Fri
WARNING:timetable_generator_engine:Cannot place theory period:
  Subject  : Mathematics for Information Science-2
  Division : CS1
  Teacher  : Dr. Geethu R.
  Required : 1 theory period(s)
  Conflicts:
    • division CS1 timetable completely full on: Mon, Tue, Wed, Thu, Fri
WARNING:timetable_generator_engine:Cannot place theory period:
  Subject  : Chemistry for Information Science
  Division : CS1
  Teacher  : Dr. Mini Tom
  Required : 1 theory period(s)
  Conflicts:
    • division CS1 timetable completely full on: Mon, Tue, Wed, Thu, Fri
WARNING:timetable_generator_engine:Cannot place theory period:
  Subject  : Physics for Information Science
  Division : CS1
  Teacher  : Dr. Nithya Mohan
  Required : 1 theory period(s)
  Conflicts:
    • division CS1 timetable completely full on: Mon, Tue, Wed, Thu, Fri
WARNING:timetable_generator_engine:Cannot place theory period:
  Subject  : Mathematics for Information Science-2
  Division : CS1
  Teacher  : Dr. Geethu R.
  Required : 1 theory period(s)
  Conflicts:
    • division CS1 timetable completely full on: Mon, Tue, Wed, Thu, Fri
WARNING:timetable_generator_engine:Cannot place theory period:
  Subject  : Physics for Information Science
  Division : CS1
  Teacher  : Dr. Nithya Mohan
  Required : 1 theory period(s)
  Conflicts:
    • division CS1 timetable completely full on: Mon, Tue, Wed, Thu, Fri
WARNING:timetable_generator_engine:Cannot place theory period:
  Subject  : Mathematics for Information Science-2
  Division : CS1
  Teacher  : Dr. Geethu R.
  Required : 1 theory period(s)
  Conflicts:
    • division CS1 timetable completely full on: Mon, Tue, Wed, Thu, Fri
WARNING:timetable_generator_engine:Cannot place theory period:
  Subject  : Physics for Information Science
  Division : CS1
  Teacher  : Dr. Nithya Mohan
  Required : 1 theory period(s)
  Conflicts:
    • division CS1 timetable completely full on: Mon, Tue, Wed, Thu, Fri
WARNING:timetable_generator_engine:Cannot place theory period:
  Subject  : Mathematics for Information Science-2
  Division : CS3
  Teacher  : Ms. Jinu M. J.
  Required : 1 theory period(s)
  Conflicts:
    • division CS3 timetable completely full on: Mon, Tue, Wed, Thu, Fri
WARNING:timetable_generator_engine:Cannot place theory period:
  Subject  : Chemistry for Information Science
  Division : CS2
  Teacher  : Ms. Surya K. A.
  Required : 1 theory period(s)
  Conflicts:
    • division CS2 timetable completely full on: Mon, Tue, Wed, Thu, Fri
WARNING:timetable_generator_engine:Cannot place theory period:
  Subject  : Physics for Information Science
  Division : CS1
  Teacher  : Dr. Nithya Mohan
  Required : 1 theory period(s)
  Conflicts:
    • division CS1 timetable completely full on: Mon, Tue, Wed, Thu, Fri
WARNING:timetable_generator_engine:Cannot place theory period:
  Subject  : Mathematics for Information Science-2
  Division : CS3
  Teacher  : Ms. Jinu M. J.
  Required : 1 theory period(s)
  Conflicts:
    • division CS3 timetable completely full on: Mon, Tue, Wed, Thu, Fri
WARNING:timetable_generator_engine:Cannot place theory period:
  Subject  : Chemistry for Information Science
  Division : CS2
  Teacher  : Ms. Surya K. A.
  Required : 1 theory period(s)
  Conflicts:
    • division CS2 timetable completely full on: Mon, Tue, Wed, Thu, Fri
WARNING:timetable_generator_engine:Cannot place theory period:
  Subject  : Physics for Information Science
  Division : CS1
  Teacher  : Dr. Nithya Mohan
  Required : 1 theory period(s)
  Conflicts:
    • division CS1 timetable completely full on: Mon, Tue, Wed, Thu, Fri
WARNING:timetable_generator_engine:Cannot place theory period:
  Subject  : Mathematics for Information Science-2
  Division : CS3
  Teacher  : Ms. Jinu M. J.
  Required : 1 theory period(s)
  Conflicts:
    • division CS3 timetable completely full on: Mon, Tue, Wed, Thu, Fri
WARNING:timetable_generator_engine:Cannot place theory period:
  Subject  : Mathematics for Information Science-1
  Division : CS4
  Teacher  : Ms. Resmimol N. R.
  Required : 1 theory period(s)
  Conflicts:
    • division CS4 timetable completely full on: Mon, Tue, Wed, Thu
WARNING:timetable_generator_engine:Cannot place theory period:
  Subject  : Chemistry for Information Science
  Division : CS2
  Teacher  : Ms. Surya K. A.
  Required : 1 theory period(s)
  Conflicts:
    • division CS2 timetable completely full on: Mon, Tue, Wed, Thu, Fri
WARNING:timetable_generator_engine:Cannot place theory period:
  Subject  : Physics for Information Science
  Division : CS2
  Teacher  : Dr. Vidya Lekshmi K. P.
  Required : 1 theory period(s)
  Conflicts:
    • division CS2 timetable completely full on: Mon, Tue, Wed, Thu, Fri
WARNING:timetable_generator_engine:Cannot place theory period:
  Subject  : Discrete Mathematics
  Division : CS4
  Teacher  : Dr. Mini Tom
  Required : 1 theory period(s)
  Conflicts:
    • division CS4 timetable completely full on: Mon, Tue, Wed, Thu
WARNING:timetable_generator_engine:Cannot place theory period:
  Subject  : Mathematics for Information Science-2
  Division : CS3
  Teacher  : Ms. Jinu M. J.
  Required : 1 theory period(s)
  Conflicts:
    • division CS3 timetable completely full on: Mon, Tue, Wed, Thu, Fri
WARNING:timetable_generator_engine:Cannot place theory period:
  Subject  : Mathematics for Information Science-1
  Division : CS4
  Teacher  : Ms. Resmimol N. R.
  Required : 1 theory period(s)
  Conflicts:
    • division CS4 timetable completely full on: Mon, Tue, Wed, Thu
WARNING:timetable_generator_engine:Cannot place theory period:
  Subject  : Chemistry for Information Science
  Division : CS2
  Teacher  : Ms. Surya K. A.
  Required : 1 theory period(s)
  Conflicts:
    • division CS2 timetable completely full on: Mon, Tue, Wed, Thu, Fri
WARNING:timetable_generator_engine:Cannot place theory period:
  Subject  : Physics for Information Science
  Division : CS2
  Teacher  : Dr. Vidya Lekshmi K. P.
  Required : 1 theory period(s)
  Conflicts:
    • division CS2 timetable completely full on: Mon, Tue, Wed, Thu, Fri
WARNING:timetable_generator_engine:Cannot place theory period:
  Subject  : Discrete Mathematics
  Division : CS4
  Teacher  : Dr. Mini Tom
  Required : 1 theory period(s)
  Conflicts:
    • division CS4 timetable completely full on: Mon, Tue, Wed, Thu
WARNING:timetable_generator_engine:Cannot place theory period:
  Subject  : Mathematics for Information Science-2
  Division : CS3
  Teacher  : Ms. Jinu M. J.
  Required : 1 theory period(s)
  Conflicts:
    • division CS3 timetable completely full on: Mon, Tue, Wed, Thu, Fri
WARNING:timetable_generator_engine:Cannot place theory period:
  Subject  : Mathematics for Information Science-1
  Division : CS4
  Teacher  : Ms. Resmimol N. R.
  Required : 1 theory period(s)
  Conflicts:
    • division CS4 timetable completely full on: Mon, Tue, Wed, Thu
WARNING:timetable_generator_engine:Cannot place theory period:
  Subject  : Chemistry for Information Science
  Division : CS2
  Teacher  : Ms. Surya K. A.
  Required : 1 theory period(s)
  Conflicts:
    • division CS2 timetable completely full on: Mon, Tue, Wed, Thu, Fri
WARNING:timetable_generator_engine:Cannot place theory period:
  Subject  : Physics for Information Science
  Division : CS2
  Teacher  : Dr. Vidya Lekshmi K. P.
  Required : 1 theory period(s)
  Conflicts:
    • division CS2 timetable completely full on: Mon, Tue, Wed, Thu, Fri
WARNING:timetable_generator_engine:Cannot place theory period:
  Subject  : Physics for Information Science
  Division : CS2
  Teacher  : Dr. Vidya Lekshmi K. P.
  Required : 1 theory period(s)
  Conflicts:
    • division CS2 timetable completely full on: Mon, Tue, Wed, Thu, Fri
WARNING:timetable_generator_engine:Cannot place theory period:
  Subject  : Chemistry for Information Science
  Division : CS4
  Teacher  : Ms. Sophia Cleetus
  Required : 1 theory period(s)
  Conflicts:
    • division CS4 timetable completely full on: Mon, Tue, Wed, Thu, Fri
WARNING:timetable_generator_engine:Cannot place theory period:
  Subject  : Physics for Information Science
  Division : CS2
  Teacher  : Dr. Vidya Lekshmi K. P.
  Required : 1 theory period(s)
  Conflicts:
    • division CS2 timetable completely full on: Mon, Tue, Wed, Thu, Fri
WARNING:timetable_generator_engine:Cannot place theory period:
  Subject  : Chemistry for Information Science
  Division : CS4
  Teacher  : Ms. Sophia Cleetus
  Required : 1 theory period(s)
  Conflicts:
    • division CS4 timetable completely full on: Mon, Tue, Wed, Thu, Fri
WARNING:timetable_generator_engine:Cannot place theory period:
  Subject  : Physics for Information Science
  Division : CS2
  Teacher  : Dr. Vidya Lekshmi K. P.
  Required : 1 theory period(s)
  Conflicts:
    • division CS2 timetable completely full on: Mon, Tue, Wed, Thu, Fri
WARNING:timetable_generator_engine:Cannot place theory period:
  Subject  : Chemistry for Information Science
  Division : CS4
  Teacher  : Ms. Sophia Cleetus
  Required : 1 theory period(s)
  Conflicts:
    • division CS4 timetable completely full on: Mon, Tue, Wed, Thu, Fri
WARNING:timetable_generator_engine:Cannot place theory period:
  Subject  : Chemistry for Information Science
  Division : CS4
  Teacher  : Ms. Sophia Cleetus
  Required : 1 theory period(s)
  Conflicts:
    • division CS4 timetable completely full on: Mon, Tue, Wed, Thu, Fri
WARNING:timetable_generator_engine:Cannot place theory period:
  Subject  : Chemistry for Information Science
  Division : CS4
  Teacher  : Ms. Sophia Cleetus
  Required : 1 theory period(s)
  Conflicts:
    • division CS4 timetable completely full on: Mon, Tue, Wed, Thu, Fri
WARNING:timetable_generator_engine:Cannot place theory period:
  Subject  : Chemistry for Information Science
  Division : CS4
  Teacher  : Ms. Sophia Cleetus
  Required : 1 theory period(s)
  Conflicts:
    • division CS4 timetable completely full on: Mon, Tue, Wed, Thu, Fri
INFO:timetable_generator_engine:  [relaxed pass] Chemistry for Information Science / CS1: placing 2 missing period(s)
WARNING:timetable_generator_engine:  [relaxed pass] Cannot place Chemistry for Information Science / CS1 even with relaxed cap
INFO:timetable_generator_engine:  [relaxed pass] Chemistry for Information Science / CS2: placing 5 missing period(s)
WARNING:timetable_generator_engine:  [relaxed pass] Cannot place Chemistry for Information Science / CS2 even with relaxed cap
INFO:timetable_generator_engine:  [relaxed pass] Mathematics for Information Science-1 / CS4: placing 3 missing period(s)
WARNING:timetable_generator_engine:  [relaxed pass] Cannot place Mathematics for Information Science-1 / CS4 even with relaxed cap
INFO:timetable_generator_engine:  [relaxed pass] Physics for Information Science / CS3: placing 2 missing period(s)
WARNING:timetable_generator_engine:  [relaxed pass] Cannot place Physics for Information Science / CS3 even with relaxed cap
INFO:timetable_generator_engine:  [relaxed pass] Mathematics for Information Science-2 / CS1: placing 3 missing period(s)
WARNING:timetable_generator_engine:  [relaxed pass] Cannot place Mathematics for Information Science-2 / CS1 even with relaxed cap
INFO:timetable_generator_engine:  [relaxed pass] Physics for Information Science / CS1: placing 6 missing period(s)
WARNING:timetable_generator_engine:  [relaxed pass] Cannot place Physics for Information Science / CS1 even with relaxed cap
INFO:timetable_generator_engine:  [relaxed pass] Physics for Information Science / CS2: placing 6 missing period(s)
WARNING:timetable_generator_engine:  [relaxed pass] Cannot place Physics for Information Science / CS2 even with relaxed cap
INFO:timetable_generator_engine:  [relaxed pass] Mathematics for Information Science-2 / CS3: placing 5 missing period(s)
WARNING:timetable_generator_engine:  [relaxed pass] Cannot place Mathematics for Information Science-2 / CS3 even with relaxed cap
INFO:timetable_generator_engine:  [relaxed pass] Chemistry for Information Science / CS4: placing 6 missing period(s)
WARNING:timetable_generator_engine:  [relaxed pass] Cannot place Chemistry for Information Science / CS4 even with relaxed cap
INFO:timetable_generator_engine:  [relaxed pass] Introduction to Electrical Engineering / CS3: placing 2 missing period(s)
WARNING:timetable_generator_engine:  [relaxed pass] Cannot place Introduction to Electrical Engineering / CS3 even with relaxed cap
INFO:timetable_generator_engine:  [relaxed pass] Introduction to Electronics Engineering / CS3: placing 2 missing period(s)
WARNING:timetable_generator_engine:  [relaxed pass] Cannot place Introduction to Electronics Engineering / CS3 even with relaxed cap
INFO:timetable_generator_engine:  [relaxed pass] Discrete Mathematics / CS4: placing 2 missing period(s)
WARNING:timetable_generator_engine:  [relaxed pass] Cannot place Discrete Mathematics / CS4 even with relaxed cap
INFO:timetable_generator_engine:  Attempt 1 (seed=837681) score: 94/100
INFO:timetable_generator_engine:Greedy attempt 2/80 …
WARNING:timetable_generator_engine:Cannot place theory period:
  Subject  : Mathematics for Information Science-1
  Division : CS4
  Teacher  : Ms. Resmimol N. R.
  Required : 1 theory period(s)
  Conflicts:
    • division CS4 timetable completely full on: Mon, Tue, Wed, Thu, Fri
WARNING:timetable_generator_engine:Cannot place theory period:
  Subject  : Introduction to Electronics Engineering
  Division : CS4
  Teacher  : Ms. Lakshmi Nair M.
  Required : 1 theory period(s)
  Conflicts:
    • division CS4 timetable completely full on: Mon, Tue, Wed, Thu, Fri
WARNING:timetable_generator_engine:Cannot place theory period:
  Subject  : Physics for Information Science
  Division : CS4
  Teacher  : Mr. Rahul Ravi
  Required : 1 theory period(s)
  Conflicts:
    • division CS4 timetable completely full on: Mon, Tue, Wed, Thu, Fri
WARNING:timetable_generator_engine:Cannot place theory period:
  Subject  : Mathematics for Information Science-2
  Division : CS4
  Teacher  : Mr. Akhil Baby
  Required : 1 theory period(s)
  Conflicts:
    • division CS4 timetable completely full on: Mon, Tue, Wed, Thu, Fri
WARNING:timetable_generator_engine:Cannot place theory period:
  Subject  : Introduction to Electronics Engineering
  Division : CS4
  Teacher  : Ms. Lakshmi Nair M.
  Required : 1 theory period(s)
  Conflicts:
    • division CS4 timetable completely full on: Mon, Tue, Wed, Thu, Fri
WARNING:timetable_generator_engine:Cannot place theory period:
  Subject  : Physics for Information Science
  Division : CS4
  Teacher  : Mr. Rahul Ravi
  Required : 1 theory period(s)
  Conflicts:
    • division CS4 timetable completely full on: Mon, Tue, Wed, Thu, Fri
WARNING:timetable_generator_engine:Cannot place theory period:
  Subject  : Mathematics for Information Science-2
  Division : CS4
  Teacher  : Mr. Akhil Baby
  Required : 1 theory period(s)
  Conflicts:
    • division CS4 timetable completely full on: Mon, Tue, Wed, Thu, Fri
WARNING:timetable_generator_engine:Cannot place theory period:
  Subject  : Introduction to Electronics Engineering
  Division : CS4
  Teacher  : Ms. Lakshmi Nair M.
  Required : 1 theory period(s)
  Conflicts:
    • division CS4 timetable completely full on: Mon, Tue, Wed, Thu, Fri
WARNING:timetable_generator_engine:Cannot place theory period:
  Subject  : Mathematics for Information Science-2
  Division : CS4
  Teacher  : Mr. Akhil Baby
  Required : 1 theory period(s)
  Conflicts:
    • division CS4 timetable completely full on: Mon, Tue, Wed, Thu, Fri
WARNING:timetable_generator_engine:Cannot place theory period:
  Subject  : Chemistry for Information Science
  Division : CS3
  Teacher  : Ms. Reshma R
  Required : 1 theory period(s)
  Conflicts:
    • division CS3 timetable completely full on: Mon, Tue, Wed, Thu, Fri
WARNING:timetable_generator_engine:Cannot place theory period:
  Subject  : Physics for Information Science
  Division : CS3
  Teacher  : Dr. Santhosh M. V.
  Required : 1 theory period(s)
  Conflicts:
    • division CS3 timetable completely full on: Mon, Tue, Wed, Thu, Fri
WARNING:timetable_generator_engine:Cannot place theory period:
  Subject  : Mathematics for Information Science-2
  Division : CS4
  Teacher  : Mr. Akhil Baby
  Required : 1 theory period(s)
  Conflicts:
    • division CS4 timetable completely full on: Mon, Tue, Wed, Thu, Fri
WARNING:timetable_generator_engine:Cannot place theory period:
  Subject  : Physics for Information Science
  Division : CS3
  Teacher  : Dr. Santhosh M. V.
  Required : 1 theory period(s)
  Conflicts:
    • division CS3 timetable completely full on: Mon, Tue, Wed, Thu, Fri
WARNING:timetable_generator_engine:Cannot place theory period:
  Subject  : Mathematics for Information Science-2
  Division : CS4
  Teacher  : Mr. Akhil Baby
  Required : 1 theory period(s)
  Conflicts:
    • division CS4 timetable completely full on: Mon, Tue, Wed, Thu, Fri
WARNING:timetable_generator_engine:Cannot place theory period:
  Subject  : Chemistry for Information Science
  Division : CS2
  Teacher  : Ms. Surya K. A.
  Required : 1 theory period(s)
  Conflicts:
    • division CS2 timetable completely full on: Mon, Tue, Wed, Thu, Fri
WARNING:timetable_generator_engine:Cannot place theory period:
  Subject  : Physics for Information Science
  Division : CS3
  Teacher  : Dr. Santhosh M. V.
  Required : 1 theory period(s)
  Conflicts:
    • division CS3 timetable completely full on: Mon, Tue, Wed, Thu, Fri
WARNING:timetable_generator_engine:Cannot place theory period:
  Subject  : Mathematics for Information Science-1
  Division : CS2
  Teacher  : Mr. Rahul Ravi
  Required : 1 theory period(s)
  Conflicts:
    • division CS2 timetable completely full on: Mon, Tue, Wed, Thu, Fri
WARNING:timetable_generator_engine:Cannot place theory period:
  Subject  : Mathematics for Information Science-2
  Division : CS3
  Teacher  : Ms. Jinu M. J.
  Required : 1 theory period(s)
  Conflicts:
    • division CS3 timetable completely full on: Mon, Tue, Wed, Thu, Fri
WARNING:timetable_generator_engine:Cannot place theory period:
  Subject  : Chemistry for Information Science
  Division : CS2
  Teacher  : Ms. Surya K. A.
  Required : 1 theory period(s)
  Conflicts:
    • division CS2 timetable completely full on: Mon, Tue, Wed, Thu, Fri
WARNING:timetable_generator_engine:Cannot place theory period:
  Subject  : Physics for Information Science
  Division : CS3
  Teacher  : Dr. Santhosh M. V.
  Required : 1 theory period(s)
  Conflicts:
    • division CS3 timetable completely full on: Mon, Tue, Wed, Thu, Fri
WARNING:timetable_generator_engine:Cannot place theory period:
  Subject  : Mathematics for Information Science-1
  Division : CS2
  Teacher  : Mr. Rahul Ravi
  Required : 1 theory period(s)
  Conflicts:
    • division CS2 timetable completely full on: Mon, Tue, Wed, Thu, Fri
WARNING:timetable_generator_engine:Cannot place theory period:
  Subject  : Mathematics for Information Science-2
  Division : CS3
  Teacher  : Ms. Jinu M. J.
  Required : 1 theory period(s)
  Conflicts:
    • division CS3 timetable completely full on: Mon, Tue, Wed, Thu, Fri
WARNING:timetable_generator_engine:Cannot place theory period:
  Subject  : Chemistry for Information Science
  Division : CS2
  Teacher  : Ms. Surya K. A.
  Required : 1 theory period(s)
  Conflicts:
    • division CS2 timetable completely full on: Mon, Tue, Wed, Thu, Fri
WARNING:timetable_generator_engine:Cannot place theory period:
  Subject  : Physics for Information Science
  Division : CS3
  Teacher  : Dr. Santhosh M. V.
  Required : 1 theory period(s)
  Conflicts:
    • division CS3 timetable completely full on: Mon, Tue, Wed, Thu, Fri
WARNING:timetable_generator_engine:Cannot place theory period:
  Subject  : Mathematics for Information Science-1
  Division : CS2
  Teacher  : Mr. Rahul Ravi
  Required : 1 theory period(s)
  Conflicts:
    • division CS2 timetable completely full on: Mon, Tue, Wed, Thu, Fri
WARNING:timetable_generator_engine:Cannot place theory period:
  Subject  : Mathematics for Information Science-2
  Division : CS3
  Teacher  : Ms. Jinu M. J.
  Required : 1 theory period(s)
  Conflicts:
    • division CS3 timetable completely full on: Mon, Tue, Wed, Thu, Fri
WARNING:timetable_generator_engine:Cannot place theory period:
  Subject  : Chemistry for Information Science
  Division : CS2
  Teacher  : Ms. Surya K. A.
  Required : 1 theory period(s)
  Conflicts:
    • division CS2 timetable completely full on: Mon, Tue, Wed, Thu, Fri
WARNING:timetable_generator_engine:Cannot place theory period:
  Subject  : Mathematics for Information Science-1
  Division : CS2
  Teacher  : Mr. Rahul Ravi
  Required : 1 theory period(s)
  Conflicts:
    • division CS2 timetable completely full on: Mon, Tue, Wed, Thu, Fri
WARNING:timetable_generator_engine:Cannot place theory period:
  Subject  : Mathematics for Information Science-2
  Division : CS3
  Teacher  : Ms. Jinu M. J.
  Required : 1 theory period(s)
  Conflicts:
    • division CS3 timetable completely full on: Mon, Tue, Wed, Thu, Fri
WARNING:timetable_generator_engine:Cannot place theory period:
  Subject  : Chemistry for Information Science
  Division : CS2
  Teacher  : Ms. Surya K. A.
  Required : 1 theory period(s)
  Conflicts:
    • division CS2 timetable completely full on: Mon, Tue, Wed, Thu, Fri
WARNING:timetable_generator_engine:Cannot place theory period:
  Subject  : Mathematics for Information Science-1
  Division : CS2
  Teacher  : Mr. Rahul Ravi
  Required : 1 theory period(s)
  Conflicts:
    • division CS2 timetable completely full on: Mon, Tue, Wed, Thu, Fri
WARNING:timetable_generator_engine:Cannot place theory period:
  Subject  : Mathematics for Information Science-2
  Division : CS3
  Teacher  : Ms. Jinu M. J.
  Required : 1 theory period(s)
  Conflicts:
    • division CS3 timetable completely full on: Mon, Tue, Wed, Thu, Fri
WARNING:timetable_generator_engine:Cannot place theory period:
  Subject  : Chemistry for Information Science
  Division : CS2
  Teacher  : Ms. Surya K. A.
  Required : 1 theory period(s)
  Conflicts:
    • division CS2 timetable completely full on: Mon, Tue, Wed, Thu, Fri
WARNING:timetable_generator_engine:Cannot place theory period:
  Subject  : Physics for Information Science
  Division : CS1
  Teacher  : Dr. Nithya Mohan
  Required : 1 theory period(s)
  Conflicts:
    • division CS1 timetable completely full on: Mon, Tue, Wed, Thu, Fri
WARNING:timetable_generator_engine:Cannot place theory period:
  Subject  : Chemistry for Information Science
  Division : CS1
  Teacher  : Dr. Mini Tom
  Required : 1 theory period(s)
  Conflicts:
    • division CS1 timetable completely full on: Mon, Tue, Wed, Thu, Fri
WARNING:timetable_generator_engine:Cannot place theory period:
  Subject  : Physics for Information Science
  Division : CS1
  Teacher  : Dr. Nithya Mohan
  Required : 1 theory period(s)
  Conflicts:
    • division CS1 timetable completely full on: Mon, Tue, Wed, Thu, Fri
WARNING:timetable_generator_engine:Cannot place theory period:
  Subject  : Chemistry for Information Science
  Division : CS1
  Teacher  : Dr. Mini Tom
  Required : 1 theory period(s)
  Conflicts:
    • division CS1 timetable completely full on: Mon, Tue, Wed, Thu, Fri
WARNING:timetable_generator_engine:Cannot place theory period:
  Subject  : Physics for Information Science
  Division : CS1
  Teacher  : Dr. Nithya Mohan
  Required : 1 theory period(s)
  Conflicts:
    • division CS1 timetable completely full on: Mon, Tue, Wed, Thu, Fri
WARNING:timetable_generator_engine:Cannot place theory period:
  Subject  : Chemistry for Information Science
  Division : CS1
  Teacher  : Dr. Mini Tom
  Required : 1 theory period(s)
  Conflicts:
    • division CS1 timetable completely full on: Mon, Tue, Wed, Thu, Fri
WARNING:timetable_generator_engine:Cannot place theory period:
  Subject  : Physics for Information Science
  Division : CS1
  Teacher  : Dr. Nithya Mohan
  Required : 1 theory period(s)
  Conflicts:
    • division CS1 timetable completely full on: Mon, Tue, Wed, Thu, Fri
WARNING:timetable_generator_engine:Cannot place theory period:
  Subject  : Chemistry for Information Science
  Division : CS1
  Teacher  : Dr. Mini Tom
  Required : 1 theory period(s)
  Conflicts:
    • division CS1 timetable completely full on: Mon, Tue, Wed, Thu, Fri
WARNING:timetable_generator_engine:Cannot place theory period:
  Subject  : Chemistry for Information Science
  Division : CS1
  Teacher  : Dr. Mini Tom
  Required : 1 theory period(s)
  Conflicts:
    • division CS1 timetable completely full on: Mon, Tue, Wed, Thu, Fri
WARNING:timetable_generator_engine:Cannot place theory period:
  Subject  : Chemistry for Information Science
  Division : CS1
  Teacher  : Dr. Mini Tom
  Required : 1 theory period(s)
  Conflicts:
    • division CS1 timetable completely full on: Mon, Tue, Wed, Thu, Fri
WARNING:timetable_generator_engine:Cannot place theory period:
  Subject  : Chemistry for Information Science
  Division : CS1
  Teacher  : Dr. Mini Tom
  Required : 1 theory period(s)
  Conflicts:
    • division CS1 timetable completely full on: Mon, Tue, Wed, Thu, Fri
INFO:timetable_generator_engine:  [relaxed pass] Physics for Information Science / CS4: placing 2 missing period(s)
WARNING:timetable_generator_engine:  [relaxed pass] Cannot place Physics for Information Science / CS4 even with relaxed cap
INFO:timetable_generator_engine:  [relaxed pass] Physics for Information Science / CS3: placing 5 missing period(s)
WARNING:timetable_generator_engine:  [relaxed pass] Cannot place Physics for Information Science / CS3 even with relaxed cap
INFO:timetable_generator_engine:  [relaxed pass] Mathematics for Information Science-1 / CS4: placing 1 missing period(s)
WARNING:timetable_generator_engine:  [relaxed pass] Cannot place Mathematics for Information Science-1 / CS4 even with relaxed cap
INFO:timetable_generator_engine:  [relaxed pass] Chemistry for Information Science / CS3: placing 1 missing period(s)
WARNING:timetable_generator_engine:  [relaxed pass] Cannot place Chemistry for Information Science / CS3 even with relaxed cap
INFO:timetable_generator_engine:  [relaxed pass] Mathematics for Information Science-2 / CS4: placing 5 missing period(s)
WARNING:timetable_generator_engine:  [relaxed pass] Cannot place Mathematics for Information Science-2 / CS4 even with relaxed cap
INFO:timetable_generator_engine:  [relaxed pass] Mathematics for Information Science-2 / CS3: placing 5 missing period(s)
WARNING:timetable_generator_engine:  [relaxed pass] Cannot place Mathematics for Information Science-2 / CS3 even with relaxed cap
INFO:timetable_generator_engine:  [relaxed pass] Chemistry for Information Science / CS2: placing 6 missing period(s)
WARNING:timetable_generator_engine:  [relaxed pass] Cannot place Chemistry for Information Science / CS2 even with relaxed cap
INFO:timetable_generator_engine:  [relaxed pass] Physics for Information Science / CS1: placing 4 missing period(s)
WARNING:timetable_generator_engine:  [relaxed pass] Cannot place Physics for Information Science / CS1 even with relaxed cap
INFO:timetable_generator_engine:  [relaxed pass] Chemistry for Information Science / CS1: placing 7 missing period(s)
WARNING:timetable_generator_engine:  [relaxed pass] Cannot place Chemistry for Information Science / CS1 even with relaxed cap
INFO:timetable_generator_engine:  [relaxed pass] Mathematics for Information Science-1 / CS2: placing 5 missing period(s)
WARNING:timetable_generator_engine:  [relaxed pass] Cannot place Mathematics for Information Science-1 / CS2 even with relaxed cap
INFO:timetable_generator_engine:  [relaxed pass] Introduction to Electronics Engineering / CS4: placing 3 missing period(s)
WARNING:timetable_generator_engine:  [relaxed pass] Cannot place Introduction to Electronics Engineering / CS4 even with relaxed cap
INFO:timetable_generator_engine:  Attempt 2 (seed=168490) score: 88/100
INFO:timetable_generator_engine:Greedy attempt 3/80 …
WARNING:timetable_generator_engine:Cannot place theory period:
  Subject  : Mathematics for Information Science-2
  Division : CS2
  Teacher  : Ms. Anju Nair
  Required : 1 theory period(s)
  Conflicts:
    • division CS2 timetable completely full on: Mon, Tue, Wed, Thu, Fri
WARNING:timetable_generator_engine:Cannot place theory period:
  Subject  : Engineering Entrepreneurship & IPR
  Division : CS2
  Teacher  : Ms. Reshma R
  Required : 1 theory period(s)
  Conflicts:
    • division CS2 timetable completely full on: Mon, Tue, Wed, Thu, Fri
WARNING:timetable_generator_engine:Cannot place theory period:
  Subject  : Engineering Entrepreneurship & IPR
  Division : CS2
  Teacher  : Ms. Reshma R
  Required : 1 theory period(s)
  Conflicts:
    • division CS2 timetable completely full on: Mon, Tue, Wed, Thu, Fri
WARNING:timetable_generator_engine:Cannot place theory period:
  Subject  : Engineering Entrepreneurship & IPR
  Division : CS2
  Teacher  : Ms. Reshma R
  Required : 1 theory period(s)
  Conflicts:
    • division CS2 timetable completely full on: Mon, Tue, Wed, Thu, Fri
WARNING:timetable_generator_engine:Cannot place theory period:
  Subject  : Mathematics for Information Science-1
  Division : CS3
  Teacher  : Mr. Mohamed Akbar V. K.
  Required : 1 theory period(s)
  Conflicts:
    • division CS3 timetable completely full on: Mon, Tue, Wed, Thu, Fri
WARNING:timetable_generator_engine:Cannot place theory period:
  Subject  : Mathematics for Information Science-2
  Division : CS3
  Teacher  : Ms. Jinu M. J.
  Required : 1 theory period(s)
  Conflicts:
    • division CS3 timetable completely full on: Mon, Tue, Wed, Thu, Fri
WARNING:timetable_generator_engine:Cannot place theory period:
  Subject  : Chemistry for Information Science
  Division : CS4
  Teacher  : Ms. Sophia Cleetus
  Required : 1 theory period(s)
  Conflicts:
    • division CS4 timetable completely full on: Mon, Tue, Wed, Thu, Fri
WARNING:timetable_generator_engine:Cannot place theory period:
  Subject  : Physics for Information Science
  Division : CS3
  Teacher  : Dr. Santhosh M. V.
  Required : 1 theory period(s)
  Conflicts:
    • division CS3 timetable completely full on: Mon, Tue, Wed, Thu, Fri
WARNING:timetable_generator_engine:Cannot place theory period:
  Subject  : Mathematics for Information Science-1
  Division : CS3
  Teacher  : Mr. Mohamed Akbar V. K.
  Required : 1 theory period(s)
  Conflicts:
    • division CS3 timetable completely full on: Mon, Tue, Wed, Thu, Fri
WARNING:timetable_generator_engine:Cannot place theory period:
  Subject  : Mathematics for Information Science-2
  Division : CS3
  Teacher  : Ms. Jinu M. J.
  Required : 1 theory period(s)
  Conflicts:
    • division CS3 timetable completely full on: Mon, Tue, Wed, Thu, Fri
WARNING:timetable_generator_engine:Cannot place theory period:
  Subject  : Physics for Information Science
  Division : CS3
  Teacher  : Dr. Santhosh M. V.
  Required : 1 theory period(s)
  Conflicts:
    • division CS3 timetable completely full on: Mon, Tue, Wed, Thu, Fri
WARNING:timetable_generator_engine:Cannot place theory period:
  Subject  : Mathematics for Information Science-1
  Division : CS3
  Teacher  : Mr. Mohamed Akbar V. K.
  Required : 1 theory period(s)
  Conflicts:
    • division CS3 timetable completely full on: Mon, Tue, Wed, Thu, Fri
WARNING:timetable_generator_engine:Cannot place theory period:
  Subject  : Mathematics for Information Science-2
  Division : CS3
  Teacher  : Ms. Jinu M. J.
  Required : 1 theory period(s)
  Conflicts:
    • division CS3 timetable completely full on: Mon, Tue, Wed, Thu, Fri
WARNING:timetable_generator_engine:Cannot place theory period:
  Subject  : Physics for Information Science
  Division : CS3
  Teacher  : Dr. Santhosh M. V.
  Required : 1 theory period(s)
  Conflicts:
    • division CS3 timetable completely full on: Mon, Tue, Wed, Thu, Fri
WARNING:timetable_generator_engine:Cannot place theory period:
  Subject  : Discrete Mathematics
  Division : CS4
  Teacher  : Dr. Mini Tom
  Required : 1 theory period(s)
  Conflicts:
    • division CS4 timetable completely full on: Mon, Tue, Wed, Thu, Fri
WARNING:timetable_generator_engine:Cannot place theory period:
  Subject  : Mathematics for Information Science-2
  Division : CS4
  Teacher  : Mr. Akhil Baby
  Required : 1 theory period(s)
  Conflicts:
    • division CS4 timetable completely full on: Mon, Tue, Wed, Thu, Fri
WARNING:timetable_generator_engine:Cannot place theory period:
  Subject  : Physics for Information Science
  Division : CS3
  Teacher  : Dr. Santhosh M. V.
  Required : 1 theory period(s)
  Conflicts:
    • division CS3 timetable completely full on: Mon, Tue, Wed, Thu, Fri
WARNING:timetable_generator_engine:Cannot place theory period:
  Subject  : Discrete Mathematics
  Division : CS4
  Teacher  : Dr. Mini Tom
  Required : 1 theory period(s)
  Conflicts:
    • division CS4 timetable completely full on: Mon, Tue, Wed, Thu, Fri
WARNING:timetable_generator_engine:Cannot place theory period:
  Subject  : Mathematics for Information Science-2
  Division : CS4
  Teacher  : Mr. Akhil Baby
  Required : 1 theory period(s)
  Conflicts:
    • division CS4 timetable completely full on: Mon, Tue, Wed, Thu, Fri
WARNING:timetable_generator_engine:Cannot place theory period:
  Subject  : Physics for Information Science
  Division : CS3
  Teacher  : Dr. Santhosh M. V.
  Required : 1 theory period(s)
  Conflicts:
    • division CS3 timetable completely full on: Mon, Tue, Wed, Thu, Fri
WARNING:timetable_generator_engine:Cannot place theory period:
  Subject  : Discrete Mathematics
  Division : CS4
  Teacher  : Dr. Mini Tom
  Required : 1 theory period(s)
  Conflicts:
    • division CS4 timetable completely full on: Mon, Tue, Wed, Thu, Fri
WARNING:timetable_generator_engine:Cannot place theory period:
  Subject  : Mathematics for Information Science-2
  Division : CS4
  Teacher  : Mr. Akhil Baby
  Required : 1 theory period(s)
  Conflicts:
    • division CS4 timetable completely full on: Mon, Tue, Wed, Thu, Fri
WARNING:timetable_generator_engine:Cannot place theory period:
  Subject  : Chemistry for Information Science
  Division : CS1
  Teacher  : Dr. Mini Tom
  Required : 1 theory period(s)
  Conflicts:
    • division CS1 timetable completely full on: Mon, Tue, Wed, Thu, Fri
WARNING:timetable_generator_engine:Cannot place theory period:
  Subject  : Physics for Information Science
  Division : CS1
  Teacher  : Dr. Nithya Mohan
  Required : 1 theory period(s)
  Conflicts:
    • division CS1 timetable completely full on: Mon, Tue, Wed, Thu, Fri
WARNING:timetable_generator_engine:Cannot place theory period:
  Subject  : Discrete Mathematics
  Division : CS4
  Teacher  : Dr. Mini Tom
  Required : 1 theory period(s)
  Conflicts:
    • division CS4 timetable completely full on: Mon, Tue, Wed, Thu, Fri
WARNING:timetable_generator_engine:Cannot place theory period:
  Subject  : Mathematics for Information Science-1
  Division : CS1
  Teacher  : Dr. Vidya Lekshmi K. P.
  Required : 1 theory period(s)
  Conflicts:
    • division CS1 timetable completely full on: Mon, Tue, Wed, Thu, Fri
WARNING:timetable_generator_engine:Cannot place theory period:
  Subject  : Mathematics for Information Science-2
  Division : CS4
  Teacher  : Mr. Akhil Baby
  Required : 1 theory period(s)
  Conflicts:
    • division CS4 timetable completely full on: Mon, Tue, Wed, Thu, Fri
WARNING:timetable_generator_engine:Cannot place theory period:
  Subject  : Chemistry for Information Science
  Division : CS1
  Teacher  : Dr. Mini Tom
  Required : 1 theory period(s)
  Conflicts:
    • division CS1 timetable completely full on: Mon, Tue, Wed, Thu, Fri
WARNING:timetable_generator_engine:Cannot place theory period:
  Subject  : Physics for Information Science
  Division : CS1
  Teacher  : Dr. Nithya Mohan
  Required : 1 theory period(s)
  Conflicts:
    • division CS1 timetable completely full on: Mon, Tue, Wed, Thu, Fri
WARNING:timetable_generator_engine:Cannot place theory period:
  Subject  : Discrete Mathematics
  Division : CS4
  Teacher  : Dr. Mini Tom
  Required : 1 theory period(s)
  Conflicts:
    • division CS4 timetable completely full on: Mon, Tue, Wed, Thu, Fri
WARNING:timetable_generator_engine:Cannot place theory period:
  Subject  : Mathematics for Information Science-1
  Division : CS1
  Teacher  : Dr. Vidya Lekshmi K. P.
  Required : 1 theory period(s)
  Conflicts:
    • division CS1 timetable completely full on: Mon, Tue, Wed, Thu, Fri
WARNING:timetable_generator_engine:Cannot place theory period:
  Subject  : Mathematics for Information Science-2
  Division : CS4
  Teacher  : Mr. Akhil Baby
  Required : 1 theory period(s)
  Conflicts:
    • division CS4 timetable completely full on: Mon, Tue, Wed, Thu, Fri
WARNING:timetable_generator_engine:Cannot place theory period:
  Subject  : Chemistry for Information Science
  Division : CS1
  Teacher  : Dr. Mini Tom
  Required : 1 theory period(s)
  Conflicts:
    • division CS1 timetable completely full on: Mon, Tue, Wed, Thu, Fri
WARNING:timetable_generator_engine:Cannot place theory period:
  Subject  : Physics for Information Science
  Division : CS1
  Teacher  : Dr. Nithya Mohan
  Required : 1 theory period(s)
  Conflicts:
    • division CS1 timetable completely full on: Mon, Tue, Wed, Thu, Fri
WARNING:timetable_generator_engine:Cannot place theory period:
  Subject  : Chemistry for Information Science
  Division : CS2
  Teacher  : Ms. Surya K. A.
  Required : 1 theory period(s)
  Conflicts:
    • division CS2 timetable completely full on: Mon, Tue, Wed, Thu, Fri
WARNING:timetable_generator_engine:Cannot place theory period:
  Subject  : Physics for Information Science
  Division : CS1
  Teacher  : Dr. Nithya Mohan
  Required : 1 theory period(s)
  Conflicts:
    • division CS1 timetable completely full on: Mon, Tue, Wed, Thu, Fri
WARNING:timetable_generator_engine:Cannot place theory period:
  Subject  : Chemistry for Information Science
  Division : CS2
  Teacher  : Ms. Surya K. A.
  Required : 1 theory period(s)
  Conflicts:
    • division CS2 timetable completely full on: Mon, Tue, Wed, Thu, Fri
WARNING:timetable_generator_engine:Cannot place theory period:
  Subject  : Physics for Information Science
  Division : CS1
  Teacher  : Dr. Nithya Mohan
  Required : 1 theory period(s)
  Conflicts:
    • division CS1 timetable completely full on: Mon, Tue, Wed, Thu, Fri
WARNING:timetable_generator_engine:Cannot place theory period:
  Subject  : Chemistry for Information Science
  Division : CS2
  Teacher  : Ms. Surya K. A.
  Required : 1 theory period(s)
  Conflicts:
    • division CS2 timetable completely full on: Mon, Tue, Wed, Thu, Fri
WARNING:timetable_generator_engine:Cannot place theory period:
  Subject  : Physics for Information Science
  Division : CS1
  Teacher  : Dr. Nithya Mohan
  Required : 1 theory period(s)
  Conflicts:
    • division CS1 timetable completely full on: Mon, Tue, Wed, Thu, Fri
WARNING:timetable_generator_engine:Cannot place theory period:
  Subject  : Chemistry for Information Science
  Division : CS2
  Teacher  : Ms. Surya K. A.
  Required : 1 theory period(s)
  Conflicts:
    • division CS2 timetable completely full on: Mon, Tue, Wed, Thu, Fri
WARNING:timetable_generator_engine:Cannot place theory period:
  Subject  : Chemistry for Information Science
  Division : CS2
  Teacher  : Ms. Surya K. A.
  Required : 1 theory period(s)
  Conflicts:
    • division CS2 timetable completely full on: Mon, Tue, Wed, Thu, Fri
WARNING:timetable_generator_engine:Cannot place theory period:
  Subject  : Chemistry for Information Science
  Division : CS2
  Teacher  : Ms. Surya K. A.
  Required : 1 theory period(s)
  Conflicts:
    • division CS2 timetable completely full on: Mon, Tue, Wed, Thu, Fri
WARNING:timetable_generator_engine:Cannot place theory period:
  Subject  : Chemistry for Information Science
  Division : CS2
  Teacher  : Ms. Surya K. A.
  Required : 1 theory period(s)
  Conflicts:
    • division CS2 timetable completely full on: Mon, Tue, Wed, Thu, Fri
INFO:timetable_generator_engine:  [relaxed pass] Mathematics for Information Science-2 / CS2: placing 1 missing period(s)
WARNING:timetable_generator_engine:  [relaxed pass] Cannot place Mathematics for Information Science-2 / CS2 even with relaxed cap
INFO:timetable_generator_engine:  [relaxed pass] Chemistry for Information Science / CS4: placing 1 missing period(s)
WARNING:timetable_generator_engine:  [relaxed pass] Cannot place Chemistry for Information Science / CS4 even with relaxed cap
INFO:timetable_generator_engine:  [relaxed pass] Mathematics for Information Science-1 / CS3: placing 3 missing period(s)
WARNING:timetable_generator_engine:  [relaxed pass] Cannot place Mathematics for Information Science-1 / CS3 even with relaxed cap
INFO:timetable_generator_engine:  [relaxed pass] Physics for Information Science / CS3: placing 5 missing period(s)
WARNING:timetable_generator_engine:  [relaxed pass] Cannot place Physics for Information Science / CS3 even with relaxed cap
INFO:timetable_generator_engine:  [relaxed pass] Mathematics for Information Science-1 / CS1: placing 2 missing period(s)
WARNING:timetable_generator_engine:  [relaxed pass] Cannot place Mathematics for Information Science-1 / CS1 even with relaxed cap
INFO:timetable_generator_engine:  [relaxed pass] Chemistry for Information Science / CS1: placing 3 missing period(s)
WARNING:timetable_generator_engine:  [relaxed pass] Cannot place Chemistry for Information Science / CS1 even with relaxed cap
INFO:timetable_generator_engine:  [relaxed pass] Chemistry for Information Science / CS2: placing 7 missing period(s)
WARNING:timetable_generator_engine:  [relaxed pass] Cannot place Chemistry for Information Science / CS2 even with relaxed cap
INFO:timetable_generator_engine:  [relaxed pass] Physics for Information Science / CS1: placing 6 missing period(s)
WARNING:timetable_generator_engine:  [relaxed pass] Cannot place Physics for Information Science / CS1 even with relaxed cap
INFO:timetable_generator_engine:  [relaxed pass] Discrete Mathematics / CS4: placing 5 missing period(s)
WARNING:timetable_generator_engine:  [relaxed pass] Cannot place Discrete Mathematics / CS4 even with relaxed cap
INFO:timetable_generator_engine:  [relaxed pass] Engineering Entrepreneurship & IPR / CS2: placing 3 missing period(s)
WARNING:timetable_generator_engine:  [relaxed pass] Cannot place Engineering Entrepreneurship & IPR / CS2 even with relaxed cap
INFO:timetable_generator_engine:  [relaxed pass] Mathematics for Information Science-2 / CS3: placing 3 missing period(s)
WARNING:timetable_generator_engine:  [relaxed pass] Cannot place Mathematics for Information Science-2 / CS3 even with relaxed cap
INFO:timetable_generator_engine:  [relaxed pass] Mathematics for Information Science-2 / CS4: placing 5 missing period(s)
WARNING:timetable_generator_engine:  [relaxed pass] Cannot place Mathematics for Information Science-2 / CS4 even with relaxed cap
INFO:timetable_generator_engine:  Attempt 3 (seed=107460) score: 92/100
INFO:timetable_generator_engine:Greedy attempt 4/80 …
WARNING:timetable_generator_engine:Cannot place theory period:
  Subject  : Discrete Mathematics
  Division : CS3
  Teacher  : Ms. Resmimol N. R.
  Required : 1 theory period(s)
  Conflicts:
    • division CS3 timetable completely full on: Mon, Tue, Wed, Thu, Fri
WARNING:timetable_generator_engine:Cannot place theory period:
  Subject  : Introduction to Electronics Engineering
  Division : CS3
  Teacher  : Dr. Sreeja K. A.
  Required : 1 theory period(s)
  Conflicts:
    • division CS3 timetable completely full on: Mon, Tue, Wed, Thu, Fri
WARNING:timetable_generator_engine:Cannot place theory period:
  Subject  : Chemistry for Information Science
  Division : CS3
  Teacher  : Ms. Reshma R
  Required : 1 theory period(s)
  Conflicts:
    • division CS3 timetable completely full on: Mon, Tue, Wed, Thu, Fri
WARNING:timetable_generator_engine:Cannot place theory period:
  Subject  : Physics for Information Science
  Division : CS3
  Teacher  : Dr. Santhosh M. V.
  Required : 1 theory period(s)
  Conflicts:
    • division CS3 timetable completely full on: Mon, Tue, Wed, Thu, Fri
WARNING:timetable_generator_engine:Cannot place theory period:
  Subject  : Discrete Mathematics
  Division : CS3
  Teacher  : Ms. Resmimol N. R.
  Required : 1 theory period(s)
  Conflicts:
    • division CS3 timetable completely full on: Mon, Tue, Wed, Thu, Fri
WARNING:timetable_generator_engine:Cannot place theory period:
  Subject  : Engineering Entrepreneurship & IPR
  Division : CS4
  Teacher  : Dr. Nuja M. Unnikrishnan
  Required : 1 theory period(s)
  Conflicts:
    • division CS4 timetable completely full on: Mon, Tue, Wed, Thu, Fri
WARNING:timetable_generator_engine:Cannot place theory period:
  Subject  : Introduction to Electronics Engineering
  Division : CS3
  Teacher  : Dr. Sreeja K. A.
  Required : 1 theory period(s)
  Conflicts:
    • division CS3 timetable completely full on: Mon, Tue, Wed, Thu, Fri
WARNING:timetable_generator_engine:Cannot place theory period:
  Subject  : Chemistry for Information Science
  Division : CS3
  Teacher  : Ms. Reshma R
  Required : 1 theory period(s)
  Conflicts:
    • division CS3 timetable completely full on: Mon, Tue, Wed, Thu, Fri
WARNING:timetable_generator_engine:Cannot place theory period:
  Subject  : Mathematics for Information Science-1
  Division : CS4
  Teacher  : Ms. Resmimol N. R.
  Required : 1 theory period(s)
  Conflicts:
    • division CS4 timetable completely full on: Mon, Tue, Wed, Thu, Fri
WARNING:timetable_generator_engine:Cannot place theory period:
  Subject  : Discrete Mathematics
  Division : CS3
  Teacher  : Ms. Resmimol N. R.
  Required : 1 theory period(s)
  Conflicts:
    • division CS3 timetable completely full on: Mon, Tue, Wed, Thu, Fri
WARNING:timetable_generator_engine:Cannot place theory period:
  Subject  : Chemistry for Information Science
  Division : CS3
  Teacher  : Ms. Reshma R
  Required : 1 theory period(s)
  Conflicts:
    • division CS3 timetable completely full on: Mon, Tue, Wed, Thu, Fri
WARNING:timetable_generator_engine:Cannot place theory period:
  Subject  : Mathematics for Information Science-1
  Division : CS4
  Teacher  : Ms. Resmimol N. R.
  Required : 1 theory period(s)
  Conflicts:
    • division CS4 timetable completely full on: Mon, Tue, Wed, Thu, Fri
WARNING:timetable_generator_engine:Cannot place theory period:
  Subject  : Discrete Mathematics
  Division : CS3
  Teacher  : Ms. Resmimol N. R.
  Required : 1 theory period(s)
  Conflicts:
    • division CS3 timetable completely full on: Mon, Tue, Wed, Thu, Fri
WARNING:timetable_generator_engine:Cannot place theory period:
  Subject  : Chemistry for Information Science
  Division : CS4
  Teacher  : Ms. Sophia Cleetus
  Required : 1 theory period(s)
  Conflicts:
    • division CS4 timetable completely full on: Mon, Tue, Wed, Thu, Fri
WARNING:timetable_generator_engine:Cannot place theory period:
  Subject  : Mathematics for Information Science-1
  Division : CS4
  Teacher  : Ms. Resmimol N. R.
  Required : 1 theory period(s)
  Conflicts:
    • division CS4 timetable completely full on: Mon, Tue, Wed, Thu, Fri
WARNING:timetable_generator_engine:Cannot place theory period:
  Subject  : Discrete Mathematics
  Division : CS3
  Teacher  : Ms. Resmimol N. R.
  Required : 1 theory period(s)
  Conflicts:
    • division CS3 timetable completely full on: Mon, Tue, Wed, Thu, Fri
WARNING:timetable_generator_engine:Cannot place theory period:
  Subject  : Chemistry for Information Science
  Division : CS4
  Teacher  : Ms. Sophia Cleetus
  Required : 1 theory period(s)
  Conflicts:
    • division CS4 timetable completely full on: Mon, Tue, Wed, Thu, Fri
WARNING:timetable_generator_engine:Cannot place theory period:
  Subject  : Discrete Mathematics
  Division : CS2
  Teacher  : Mr. Mohamed Akbar V. K.
  Required : 1 theory period(s)
  Conflicts:
    • division CS2 timetable completely full on: Mon, Tue, Wed, Thu, Fri
WARNING:timetable_generator_engine:Cannot place theory period:
  Subject  : Chemistry for Information Science
  Division : CS4
  Teacher  : Ms. Sophia Cleetus
  Required : 1 theory period(s)
  Conflicts:
    • division CS4 timetable completely full on: Mon, Tue, Wed, Thu, Fri
WARNING:timetable_generator_engine:Cannot place theory period:
  Subject  : Discrete Mathematics
  Division : CS2
  Teacher  : Mr. Mohamed Akbar V. K.
  Required : 1 theory period(s)
  Conflicts:
    • division CS2 timetable completely full on: Mon, Tue, Wed, Thu, Fri
WARNING:timetable_generator_engine:Cannot place theory period:
  Subject  : Chemistry for Information Science
  Division : CS4
  Teacher  : Ms. Sophia Cleetus
  Required : 1 theory period(s)
  Conflicts:
    • division CS4 timetable completely full on: Mon, Tue, Wed, Thu, Fri
WARNING:timetable_generator_engine:Cannot place theory period:
  Subject  : Discrete Mathematics
  Division : CS2
  Teacher  : Mr. Mohamed Akbar V. K.
  Required : 1 theory period(s)
  Conflicts:
    • division CS2 timetable completely full on: Mon, Tue, Wed, Thu, Fri
WARNING:timetable_generator_engine:Cannot place theory period:
  Subject  : Chemistry for Information Science
  Division : CS4
  Teacher  : Ms. Sophia Cleetus
  Required : 1 theory period(s)
  Conflicts:
    • division CS4 timetable completely full on: Mon, Tue, Wed, Thu, Fri
WARNING:timetable_generator_engine:Cannot place theory period:
  Subject  : Physics for Information Science
  Division : CS2
  Teacher  : Dr. Vidya Lekshmi K. P.
  Required : 1 theory period(s)
  Conflicts:
    • division CS2 timetable completely full on: Mon, Tue, Wed, Thu, Fri
WARNING:timetable_generator_engine:Cannot place theory period:
  Subject  : Mathematics for Information Science-1
  Division : CS1
  Teacher  : Dr. Vidya Lekshmi K. P.
  Required : 1 theory period(s)
  Conflicts:
    • division CS1 timetable completely full on: Mon, Tue, Wed, Thu, Fri
WARNING:timetable_generator_engine:Cannot place theory period:
  Subject  : Mathematics for Information Science-2
  Division : CS1
  Teacher  : Dr. Geethu R.
  Required : 1 theory period(s)
  Conflicts:
    • division CS1 timetable completely full on: Mon, Tue, Wed, Thu, Fri
WARNING:timetable_generator_engine:Cannot place theory period:
  Subject  : Discrete Mathematics
  Division : CS2
  Teacher  : Mr. Mohamed Akbar V. K.
  Required : 1 theory period(s)
  Conflicts:
    • division CS2 timetable completely full on: Mon, Tue, Wed, Thu, Fri
WARNING:timetable_generator_engine:Cannot place theory period:
  Subject  : Chemistry for Information Science
  Division : CS4
  Teacher  : Ms. Sophia Cleetus
  Required : 1 theory period(s)
  Conflicts:
    • division CS4 timetable completely full on: Mon, Tue, Wed, Thu, Fri
WARNING:timetable_generator_engine:Cannot place theory period:
  Subject  : Physics for Information Science
  Division : CS2
  Teacher  : Dr. Vidya Lekshmi K. P.
  Required : 1 theory period(s)
  Conflicts:
    • division CS2 timetable completely full on: Mon, Tue, Wed, Thu, Fri
WARNING:timetable_generator_engine:Cannot place theory period:
  Subject  : Mathematics for Information Science-1
  Division : CS1
  Teacher  : Dr. Vidya Lekshmi K. P.
  Required : 1 theory period(s)
  Conflicts:
    • division CS1 timetable completely full on: Mon, Tue, Wed, Thu, Fri
WARNING:timetable_generator_engine:Cannot place theory period:
  Subject  : Mathematics for Information Science-2
  Division : CS1
  Teacher  : Dr. Geethu R.
  Required : 1 theory period(s)
  Conflicts:
    • division CS1 timetable completely full on: Mon, Tue, Wed, Thu, Fri
WARNING:timetable_generator_engine:Cannot place theory period:
  Subject  : Discrete Mathematics
  Division : CS2
  Teacher  : Mr. Mohamed Akbar V. K.
  Required : 1 theory period(s)
  Conflicts:
    • division CS2 timetable completely full on: Mon, Tue, Wed, Thu, Fri
WARNING:timetable_generator_engine:Cannot place theory period:
  Subject  : Chemistry for Information Science
  Division : CS4
  Teacher  : Ms. Sophia Cleetus
  Required : 1 theory period(s)
  Conflicts:
    • division CS4 timetable completely full on: Mon, Tue, Wed, Thu, Fri
WARNING:timetable_generator_engine:Cannot place theory period:
  Subject  : Physics for Information Science
  Division : CS2
  Teacher  : Dr. Vidya Lekshmi K. P.
  Required : 1 theory period(s)
  Conflicts:
    • division CS2 timetable completely full on: Mon, Tue, Wed, Thu, Fri
WARNING:timetable_generator_engine:Cannot place theory period:
  Subject  : Chemistry for Information Science
  Division : CS1
  Teacher  : Dr. Mini Tom
  Required : 1 theory period(s)
  Conflicts:
    • division CS1 timetable completely full on: Mon, Tue, Wed, Thu, Fri
WARNING:timetable_generator_engine:Cannot place theory period:
  Subject  : Physics for Information Science
  Division : CS2
  Teacher  : Dr. Vidya Lekshmi K. P.
  Required : 1 theory period(s)
  Conflicts:
    • division CS2 timetable completely full on: Mon, Tue, Wed, Thu, Fri
WARNING:timetable_generator_engine:Cannot place theory period:
  Subject  : Chemistry for Information Science
  Division : CS1
  Teacher  : Dr. Mini Tom
  Required : 1 theory period(s)
  Conflicts:
    • division CS1 timetable completely full on: Mon, Tue, Wed, Thu, Fri
WARNING:timetable_generator_engine:Cannot place theory period:
  Subject  : Physics for Information Science
  Division : CS2
  Teacher  : Dr. Vidya Lekshmi K. P.
  Required : 1 theory period(s)
  Conflicts:
    • division CS2 timetable completely full on: Mon, Tue, Wed, Thu, Fri
WARNING:timetable_generator_engine:Cannot place theory period:
  Subject  : Chemistry for Information Science
  Division : CS1
  Teacher  : Dr. Mini Tom
  Required : 1 theory period(s)
  Conflicts:
    • division CS1 timetable completely full on: Mon, Tue, Wed, Thu, Fri
WARNING:timetable_generator_engine:Cannot place theory period:
  Subject  : Physics for Information Science
  Division : CS2
  Teacher  : Dr. Vidya Lekshmi K. P.
  Required : 1 theory period(s)
  Conflicts:
    • division CS2 timetable completely full on: Mon, Tue, Wed, Thu, Fri
WARNING:timetable_generator_engine:Cannot place theory period:
  Subject  : Chemistry for Information Science
  Division : CS1
  Teacher  : Dr. Mini Tom
  Required : 1 theory period(s)
  Conflicts:
    • division CS1 timetable completely full on: Mon, Tue, Wed, Thu, Fri
WARNING:timetable_generator_engine:Cannot place theory period:
  Subject  : Chemistry for Information Science
  Division : CS1
  Teacher  : Dr. Mini Tom
  Required : 1 theory period(s)
  Conflicts:
    • division CS1 timetable completely full on: Mon, Tue, Wed, Thu, Fri
WARNING:timetable_generator_engine:Cannot place theory period:
  Subject  : Chemistry for Information Science
  Division : CS1
  Teacher  : Dr. Mini Tom
  Required : 1 theory period(s)
  Conflicts:
    • division CS1 timetable completely full on: Mon, Tue, Wed, Thu, Fri
WARNING:timetable_generator_engine:Cannot place theory period:
  Subject  : Chemistry for Information Science
  Division : CS1
  Teacher  : Dr. Mini Tom
  Required : 1 theory period(s)
  Conflicts:
    • division CS1 timetable completely full on: Mon, Tue, Wed, Thu, Fri
INFO:timetable_generator_engine:  [relaxed pass] Chemistry for Information Science / CS3: placing 3 missing period(s)
WARNING:timetable_generator_engine:  [relaxed pass] Cannot place Chemistry for Information Science / CS3 even with relaxed cap
INFO:timetable_generator_engine:  [relaxed pass] Chemistry for Information Science / CS4: placing 7 missing period(s)
WARNING:timetable_generator_engine:  [relaxed pass] Cannot place Chemistry for Information Science / CS4 even with relaxed cap
INFO:timetable_generator_engine:  [relaxed pass] Mathematics for Information Science-1 / CS4: placing 3 missing period(s)
WARNING:timetable_generator_engine:  [relaxed pass] Cannot place Mathematics for Information Science-1 / CS4 even with relaxed cap
INFO:timetable_generator_engine:  [relaxed pass] Discrete Mathematics / CS3: placing 5 missing period(s)
WARNING:timetable_generator_engine:  [relaxed pass] Cannot place Discrete Mathematics / CS3 even with relaxed cap
INFO:timetable_generator_engine:  [relaxed pass] Chemistry for Information Science / CS1: placing 7 missing period(s)
WARNING:timetable_generator_engine:  [relaxed pass] Cannot place Chemistry for Information Science / CS1 even with relaxed cap
INFO:timetable_generator_engine:  [relaxed pass] Discrete Mathematics / CS2: placing 5 missing period(s)
WARNING:timetable_generator_engine:  [relaxed pass] Cannot place Discrete Mathematics / CS2 even with relaxed cap
INFO:timetable_generator_engine:  [relaxed pass] Physics for Information Science / CS3: placing 1 missing period(s)
WARNING:timetable_generator_engine:  [relaxed pass] Cannot place Physics for Information Science / CS3 even with relaxed cap
INFO:timetable_generator_engine:  [relaxed pass] Mathematics for Information Science-1 / CS1: placing 2 missing period(s)
WARNING:timetable_generator_engine:  [relaxed pass] Cannot place Mathematics for Information Science-1 / CS1 even with relaxed cap
INFO:timetable_generator_engine:  [relaxed pass] Engineering Entrepreneurship & IPR / CS4: placing 1 missing period(s)
WARNING:timetable_generator_engine:  [relaxed pass] Cannot place Engineering Entrepreneurship & IPR / CS4 even with relaxed cap
INFO:timetable_generator_engine:  [relaxed pass] Mathematics for Information Science-2 / CS1: placing 2 missing period(s)
WARNING:timetable_generator_engine:  [relaxed pass] Cannot place Mathematics for Information Science-2 / CS1 even with relaxed cap
INFO:timetable_generator_engine:  [relaxed pass] Introduction to Electronics Engineering / CS3: placing 2 missing period(s)
WARNING:timetable_generator_engine:  [relaxed pass] Cannot place Introduction to Electronics Engineering / CS3 even with relaxed cap
INFO:timetable_generator_engine:  [relaxed pass] Physics for Information Science / CS2: placing 6 missing period(s)
WARNING:timetable_generator_engine:  [relaxed pass] Cannot place Physics for Information Science / CS2 even with relaxed cap
INFO:timetable_generator_engine:  Attempt 4 (seed=351986) score: 91/100
INFO:timetable_generator_engine:Greedy attempt 5/80 …
WARNING:timetable_generator_engine:Cannot place theory period:
  Subject  : Introduction to Electronics Engineering
  Division : CS3
  Teacher  : Dr. Sreeja K. A.
  Required : 1 theory period(s)
  Conflicts:
    • division CS3 timetable completely full on: Mon, Tue, Wed, Thu, Fri
WARNING:timetable_generator_engine:Cannot place theory period:
  Subject  : Introduction to Electrical Engineering
  Division : CS3
  Teacher  : Ms. Priya Venugopal
  Required : 1 theory period(s)
  Conflicts:
    • division CS3 timetable completely full on: Mon, Tue, Wed, Thu, Fri
WARNING:timetable_generator_engine:Cannot place theory period:
  Subject  : Physics for Information Science
  Division : CS3
  Teacher  : Dr. Santhosh M. V.
  Required : 1 theory period(s)
  Conflicts:
    • division CS3 timetable completely full on: Mon, Tue, Wed, Thu, Fri
WARNING:timetable_generator_engine:Cannot place theory period:
  Subject  : Mathematics for Information Science-1
  Division : CS3
  Teacher  : Mr. Mohamed Akbar V. K.
  Required : 1 theory period(s)
  Conflicts:
    • division CS3 timetable completely full on: Mon, Tue, Wed, Thu, Fri
WARNING:timetable_generator_engine:Cannot place theory period:
  Subject  : Physics for Information Science
  Division : CS3
  Teacher  : Dr. Santhosh M. V.
  Required : 1 theory period(s)
  Conflicts:
    • division CS3 timetable completely full on: Mon, Tue, Wed, Thu, Fri
WARNING:timetable_generator_engine:Cannot place theory period:
  Subject  : Mathematics for Information Science-2
  Division : CS3
  Teacher  : Ms. Jinu M. J.
  Required : 1 theory period(s)
  Conflicts:
    • division CS3 timetable completely full on: Mon, Tue, Wed, Thu, Fri
WARNING:timetable_generator_engine:Cannot place theory period:
  Subject  : Physics for Information Science
  Division : CS3
  Teacher  : Dr. Santhosh M. V.
  Required : 1 theory period(s)
  Conflicts:
    • division CS3 timetable completely full on: Mon, Tue, Wed, Thu, Fri
WARNING:timetable_generator_engine:Cannot place theory period:
  Subject  : Mathematics for Information Science-2
  Division : CS3
  Teacher  : Ms. Jinu M. J.
  Required : 1 theory period(s)
  Conflicts:
    • division CS3 timetable completely full on: Mon, Tue, Wed, Thu, Fri
WARNING:timetable_generator_engine:Cannot place theory period:
  Subject  : Introduction to Electrical Engineering
  Division : CS1
  Teacher  : Dr. Beena Puthillath
  Required : 1 theory period(s)
  Conflicts:
    • division CS1 timetable completely full on: Mon, Tue, Wed, Thu, Fri
WARNING:timetable_generator_engine:Cannot place theory period:
  Subject  : Discrete Mathematics
  Division : CS1
  Teacher  : Dr. Kannan Nithin K. V.
  Required : 1 theory period(s)
  Conflicts:
    • division CS1 timetable completely full on: Mon, Tue, Wed, Thu, Fri
WARNING:timetable_generator_engine:Cannot place theory period:
  Subject  : Mathematics for Information Science-2
  Division : CS3
  Teacher  : Ms. Jinu M. J.
  Required : 1 theory period(s)
  Conflicts:
    • division CS3 timetable completely full on: Mon, Tue, Wed, Thu, Fri
WARNING:timetable_generator_engine:Cannot place theory period:
  Subject  : Discrete Mathematics
  Division : CS1
  Teacher  : Dr. Kannan Nithin K. V.
  Required : 1 theory period(s)
  Conflicts:
    • division CS1 timetable completely full on: Mon, Tue, Wed, Thu, Fri
WARNING:timetable_generator_engine:Cannot place theory period:
  Subject  : Mathematics for Information Science-2
  Division : CS3
  Teacher  : Ms. Jinu M. J.
  Required : 1 theory period(s)
  Conflicts:
    • division CS3 timetable completely full on: Mon, Tue, Wed, Thu, Fri
WARNING:timetable_generator_engine:Cannot place theory period:
  Subject  : Discrete Mathematics
  Division : CS1
  Teacher  : Dr. Kannan Nithin K. V.
  Required : 1 theory period(s)
  Conflicts:
    • division CS1 timetable completely full on: Mon, Tue, Wed, Thu, Fri
WARNING:timetable_generator_engine:Cannot place theory period:
  Subject  : Mathematics for Information Science-2
  Division : CS3
  Teacher  : Ms. Jinu M. J.
  Required : 1 theory period(s)
  Conflicts:
    • division CS3 timetable completely full on: Mon, Tue, Wed, Thu, Fri
WARNING:timetable_generator_engine:Cannot place theory period:
  Subject  : Chemistry for Information Science
  Division : CS2
  Teacher  : Ms. Surya K. A.
  Required : 1 theory period(s)
  Conflicts:
    • division CS2 timetable completely full on: Mon, Tue, Wed, Thu, Fri
WARNING:timetable_generator_engine:Cannot place theory period:
  Subject  : Physics for Information Science
  Division : CS2
  Teacher  : Dr. Vidya Lekshmi K. P.
  Required : 1 theory period(s)
  Conflicts:
    • division CS2 timetable completely full on: Mon, Tue, Wed, Thu, Fri
WARNING:timetable_generator_engine:Cannot place theory period:
  Subject  : Mathematics for Information Science-2
  Division : CS2
  Teacher  : Ms. Anju Nair
  Required : 1 theory period(s)
  Conflicts:
    • division CS2 timetable completely full on: Mon, Tue, Wed, Thu, Fri
WARNING:timetable_generator_engine:Cannot place theory period:
  Subject  : Chemistry for Information Science
  Division : CS2
  Teacher  : Ms. Surya K. A.
  Required : 1 theory period(s)
  Conflicts:
    • division CS2 timetable completely full on: Mon, Tue, Wed, Thu, Fri
WARNING:timetable_generator_engine:Cannot place theory period:
  Subject  : Physics for Information Science
  Division : CS2
  Teacher  : Dr. Vidya Lekshmi K. P.
  Required : 1 theory period(s)
  Conflicts:
    • division CS2 timetable completely full on: Mon, Tue, Wed, Thu, Fri
WARNING:timetable_generator_engine:Cannot place theory period:
  Subject  : Mathematics for Information Science-1
  Division : CS4
  Teacher  : Ms. Resmimol N. R.
  Required : 1 theory period(s)
  Conflicts:
    • division CS4 timetable completely full on: Mon, Tue, Wed, Thu, Fri
WARNING:timetable_generator_engine:Cannot place theory period:
  Subject  : Mathematics for Information Science-2
  Division : CS2
  Teacher  : Ms. Anju Nair
  Required : 1 theory period(s)
  Conflicts:
    • division CS2 timetable completely full on: Mon, Tue, Wed, Thu, Fri
WARNING:timetable_generator_engine:Cannot place theory period:
  Subject  : Chemistry for Information Science
  Division : CS2
  Teacher  : Ms. Surya K. A.
  Required : 1 theory period(s)
  Conflicts:
    • division CS2 timetable completely full on: Mon, Tue, Wed, Thu, Fri
WARNING:timetable_generator_engine:Cannot place theory period:
  Subject  : Physics for Information Science
  Division : CS4
  Teacher  : Mr. Rahul Ravi
  Required : 1 theory period(s)
  Conflicts:
    • division CS4 timetable completely full on: Mon, Tue, Wed, Thu, Fri
WARNING:timetable_generator_engine:Cannot place theory period:
  Subject  : Discrete Mathematics
  Division : CS4
  Teacher  : Dr. Mini Tom
  Required : 1 theory period(s)
  Conflicts:
    • division CS4 timetable completely full on: Mon, Tue, Wed, Thu, Fri
WARNING:timetable_generator_engine:Cannot place theory period:
  Subject  : Mathematics for Information Science-1
  Division : CS4
  Teacher  : Ms. Resmimol N. R.
  Required : 1 theory period(s)
  Conflicts:
    • division CS4 timetable completely full on: Mon, Tue, Wed, Thu, Fri
WARNING:timetable_generator_engine:Cannot place theory period:
  Subject  : Mathematics for Information Science-2
  Division : CS2
  Teacher  : Ms. Anju Nair
  Required : 1 theory period(s)
  Conflicts:
    • division CS2 timetable completely full on: Mon, Tue, Wed, Thu, Fri
WARNING:timetable_generator_engine:Cannot place theory period:
  Subject  : Chemistry for Information Science
  Division : CS2
  Teacher  : Ms. Surya K. A.
  Required : 1 theory period(s)
  Conflicts:
    • division CS2 timetable completely full on: Mon, Tue, Wed, Thu, Fri
WARNING:timetable_generator_engine:Cannot place theory period:
  Subject  : Physics for Information Science
  Division : CS4
  Teacher  : Mr. Rahul Ravi
  Required : 1 theory period(s)
  Conflicts:
    • division CS4 timetable completely full on: Mon, Tue, Wed, Thu, Fri
WARNING:timetable_generator_engine:Cannot place theory period:
  Subject  : Discrete Mathematics
  Division : CS4
  Teacher  : Dr. Mini Tom
  Required : 1 theory period(s)
  Conflicts:
    • division CS4 timetable completely full on: Mon, Tue, Wed, Thu, Fri
WARNING:timetable_generator_engine:Cannot place theory period:
  Subject  : Mathematics for Information Science-1
  Division : CS4
  Teacher  : Ms. Resmimol N. R.
  Required : 1 theory period(s)
  Conflicts:
    • division CS4 timetable completely full on: Mon, Tue, Wed, Thu, Fri
WARNING:timetable_generator_engine:Cannot place theory period:
  Subject  : Mathematics for Information Science-2
  Division : CS2
  Teacher  : Ms. Anju Nair
  Required : 1 theory period(s)
  Conflicts:
    • division CS2 timetable completely full on: Mon, Tue, Wed, Thu, Fri
WARNING:timetable_generator_engine:Cannot place theory period:
  Subject  : Chemistry for Information Science
  Division : CS2
  Teacher  : Ms. Surya K. A.
  Required : 1 theory period(s)
  Conflicts:
    • division CS2 timetable completely full on: Mon, Tue, Wed, Thu, Fri
WARNING:timetable_generator_engine:Cannot place theory period:
  Subject  : Physics for Information Science
  Division : CS4
  Teacher  : Mr. Rahul Ravi
  Required : 1 theory period(s)
  Conflicts:
    • division CS4 timetable completely full on: Mon, Tue, Wed, Thu, Fri
WARNING:timetable_generator_engine:Cannot place theory period:
  Subject  : Chemistry for Information Science
  Division : CS1
  Teacher  : Dr. Mini Tom
  Required : 1 theory period(s)
  Conflicts:
    • division CS1 timetable completely full on: Mon, Tue, Wed, Thu, Fri
WARNING:timetable_generator_engine:Cannot place theory period:
  Subject  : Physics for Information Science
  Division : CS4
  Teacher  : Mr. Rahul Ravi
  Required : 1 theory period(s)
  Conflicts:
    • division CS4 timetable completely full on: Mon, Tue, Wed, Thu, Fri
WARNING:timetable_generator_engine:Cannot place theory period:
  Subject  : Chemistry for Information Science
  Division : CS1
  Teacher  : Dr. Mini Tom
  Required : 1 theory period(s)
  Conflicts:
    • division CS1 timetable completely full on: Mon, Tue, Wed, Thu, Fri
WARNING:timetable_generator_engine:Cannot place theory period:
  Subject  : Physics for Information Science
  Division : CS4
  Teacher  : Mr. Rahul Ravi
  Required : 1 theory period(s)
  Conflicts:
    • division CS4 timetable completely full on: Mon, Tue, Wed, Thu, Fri
WARNING:timetable_generator_engine:Cannot place theory period:
  Subject  : Chemistry for Information Science
  Division : CS1
  Teacher  : Dr. Mini Tom
  Required : 1 theory period(s)
  Conflicts:
    • division CS1 timetable completely full on: Mon, Tue, Wed, Thu, Fri
WARNING:timetable_generator_engine:Cannot place theory period:
  Subject  : Physics for Information Science
  Division : CS4
  Teacher  : Mr. Rahul Ravi
  Required : 1 theory period(s)
  Conflicts:
    • division CS4 timetable completely full on: Mon, Tue, Wed, Thu, Fri
WARNING:timetable_generator_engine:Cannot place theory period:
  Subject  : Chemistry for Information Science
  Division : CS1
  Teacher  : Dr. Mini Tom
  Required : 1 theory period(s)
  Conflicts:
    • division CS1 timetable completely full on: Mon, Tue, Wed, Thu, Fri
WARNING:timetable_generator_engine:Cannot place theory period:
  Subject  : Chemistry for Information Science
  Division : CS1
  Teacher  : Dr. Mini Tom
  Required : 1 theory period(s)
  Conflicts:
    • division CS1 timetable completely full on: Mon, Tue, Wed, Thu, Fri
WARNING:timetable_generator_engine:Cannot place theory period:
  Subject  : Chemistry for Information Science
  Division : CS1
  Teacher  : Dr. Mini Tom
  Required : 1 theory period(s)
  Conflicts:
    • division CS1 timetable completely full on: Mon, Tue, Wed, Thu, Fri
WARNING:timetable_generator_engine:Cannot place theory period:
  Subject  : Chemistry for Information Science
  Division : CS1
  Teacher  : Dr. Mini Tom
  Required : 1 theory period(s)
  Conflicts:
    • division CS1 timetable completely full on: Mon, Tue, Wed, Thu, Fri
INFO:timetable_generator_engine:  [relaxed pass] Mathematics for Information Science-1 / CS3: placing 1 missing period(s)
WARNING:timetable_generator_engine:  [relaxed pass] Cannot place Mathematics for Information Science-1 / CS3 even with relaxed cap
INFO:timetable_generator_engine:  [relaxed pass] Mathematics for Information Science-2 / CS3: placing 5 missing period(s)
WARNING:timetable_generator_engine:  [relaxed pass] Cannot place Mathematics for Information Science-2 / CS3 even with relaxed cap
INFO:timetable_generator_engine:  [relaxed pass] Chemistry for Information Science / CS2: placing 5 missing period(s)
WARNING:timetable_generator_engine:  [relaxed pass] Cannot place Chemistry for Information Science / CS2 even with relaxed cap
INFO:timetable_generator_engine:  [relaxed pass] Physics for Information Science / CS3: placing 3 missing period(s)
WARNING:timetable_generator_engine:  [relaxed pass] Cannot place Physics for Information Science / CS3 even with relaxed cap
INFO:timetable_generator_engine:  [relaxed pass] Introduction to Electrical Engineering / CS3: placing 1 missing period(s)
WARNING:timetable_generator_engine:  [relaxed pass] Cannot place Introduction to Electrical Engineering / CS3 even with relaxed cap
INFO:timetable_generator_engine:  [relaxed pass] Introduction to Electrical Engineering / CS1: placing 1 missing period(s)
WARNING:timetable_generator_engine:  [relaxed pass] Cannot place Introduction to Electrical Engineering / CS1 even with relaxed cap
INFO:timetable_generator_engine:  [relaxed pass] Physics for Information Science / CS2: placing 2 missing period(s)
WARNING:timetable_generator_engine:  [relaxed pass] Cannot place Physics for Information Science / CS2 even with relaxed cap
INFO:timetable_generator_engine:  [relaxed pass] Mathematics for Information Science-2 / CS2: placing 4 missing period(s)
WARNING:timetable_generator_engine:  [relaxed pass] Cannot place Mathematics for Information Science-2 / CS2 even with relaxed cap
INFO:timetable_generator_engine:  [relaxed pass] Mathematics for Information Science-1 / CS4: placing 3 missing period(s)
WARNING:timetable_generator_engine:  [relaxed pass] Cannot place Mathematics for Information Science-1 / CS4 even with relaxed cap
INFO:timetable_generator_engine:  [relaxed pass] Discrete Mathematics / CS1: placing 3 missing period(s)
WARNING:timetable_generator_engine:  [relaxed pass] Cannot place Discrete Mathematics / CS1 even with relaxed cap
INFO:timetable_generator_engine:  [relaxed pass] Introduction to Electronics Engineering / CS3: placing 1 missing period(s)
WARNING:timetable_generator_engine:  [relaxed pass] Cannot place Introduction to Electronics Engineering / CS3 even with relaxed cap
INFO:timetable_generator_engine:  [relaxed pass] Discrete Mathematics / CS4: placing 2 missing period(s)
WARNING:timetable_generator_engine:  [relaxed pass] Cannot place Discrete Mathematics / CS4 even with relaxed cap
INFO:timetable_generator_engine:  [relaxed pass] Chemistry for Information Science / CS1: placing 7 missing period(s)
WARNING:timetable_generator_engine:  [relaxed pass] Cannot place Chemistry for Information Science / CS1 even with relaxed cap
INFO:timetable_generator_engine:  [relaxed pass] Physics for Information Science / CS4: placing 6 missing period(s)
WARNING:timetable_generator_engine:  [relaxed pass] Cannot place Physics for Information Science / CS4 even with relaxed cap
INFO:timetable_generator_engine:  Attempt 5 (seed=141074) score: 94/100
INFO:timetable_generator_engine:Greedy attempt 6/80 …
WARNING:timetable_generator_engine:Cannot place theory period:
  Subject  : Discrete Mathematics
  Division : CS4
  Teacher  : Dr. Mini Tom
  Required : 1 theory period(s)
  Conflicts:
    • division CS4 timetable completely full on: Mon, Tue, Wed, Thu, Fri
WARNING:timetable_generator_engine:Cannot place theory period:
  Subject  : Engineering Entrepreneurship & IPR
  Division : CS4
  Teacher  : Dr. Nuja M. Unnikrishnan
  Required : 1 theory period(s)
  Conflicts:
    • division CS4 timetable completely full on: Mon, Tue, Wed, Thu, Fri
WARNING:timetable_generator_engine:Cannot place theory period:
  Subject  : Life Skills and Professional Communication
  Division : CS4
  Teacher  : Ms. Jinu M. J.
  Required : 1 theory period(s)
  Conflicts:
    • division CS4 timetable completely full on: Mon, Tue, Wed, Thu, Fri
WARNING:timetable_generator_engine:Cannot place theory period:
  Subject  : Chemistry for Information Science
  Division : CS4
  Teacher  : Ms. Sophia Cleetus
  Required : 1 theory period(s)
  Conflicts:
    • division CS4 timetable completely full on: Mon, Tue, Wed, Thu, Fri
WARNING:timetable_generator_engine:Cannot place theory period:
  Subject  : Mathematics for Information Science-1
  Division : CS4
  Teacher  : Ms. Resmimol N. R.
  Required : 1 theory period(s)
  Conflicts:
    • division CS4 timetable completely full on: Mon, Tue, Wed, Thu, Fri
WARNING:timetable_generator_engine:Cannot place theory period:
  Subject  : Mathematics for Information Science-2
  Division : CS4
  Teacher  : Mr. Akhil Baby
  Required : 1 theory period(s)
  Conflicts:
    • division CS4 timetable completely full on: Mon, Tue, Wed, Thu, Fri
WARNING:timetable_generator_engine:Cannot place theory period:
  Subject  : Discrete Mathematics
  Division : CS4
  Teacher  : Dr. Mini Tom
  Required : 1 theory period(s)
  Conflicts:
    • division CS4 timetable completely full on: Mon, Tue, Wed, Thu, Fri
WARNING:timetable_generator_engine:Cannot place theory period:
  Subject  : Chemistry for Information Science
  Division : CS4
  Teacher  : Ms. Sophia Cleetus
  Required : 1 theory period(s)
  Conflicts:
    • division CS4 timetable completely full on: Mon, Tue, Wed, Thu, Fri
WARNING:timetable_generator_engine:Cannot place theory period:
  Subject  : Chemistry for Information Science
  Division : CS4
  Teacher  : Ms. Sophia Cleetus
  Required : 1 theory period(s)
  Conflicts:
    • division CS4 timetable completely full on: Mon, Tue, Wed, Thu, Fri
WARNING:timetable_generator_engine:Cannot place theory period:
  Subject  : Chemistry for Information Science
  Division : CS4
  Teacher  : Ms. Sophia Cleetus
  Required : 1 theory period(s)
  Conflicts:
    • division CS4 timetable completely full on: Mon, Tue, Wed, Thu, Fri
WARNING:timetable_generator_engine:Cannot place theory period:
  Subject  : Chemistry for Information Science
  Division : CS4
  Teacher  : Ms. Sophia Cleetus
  Required : 1 theory period(s)
  Conflicts:
    • division CS4 timetable completely full on: Mon, Tue, Wed, Thu, Fri
WARNING:timetable_generator_engine:Cannot place theory period:
  Subject  : Chemistry for Information Science
  Division : CS2
  Teacher  : Ms. Surya K. A.
  Required : 1 theory period(s)
  Conflicts:
    • division CS2 timetable completely full on: Mon, Tue, Wed, Thu, Fri
WARNING:timetable_generator_engine:Cannot place theory period:
  Subject  : Mathematics for Information Science-1
  Division : CS2
  Teacher  : Mr. Rahul Ravi
  Required : 1 theory period(s)
  Conflicts:
    • division CS2 timetable completely full on: Mon, Tue, Wed, Thu, Fri
WARNING:timetable_generator_engine:Cannot place theory period:
  Subject  : Discrete Mathematics
  Division : CS1
  Teacher  : Dr. Kannan Nithin K. V.
  Required : 1 theory period(s)
  Conflicts:
    • division CS1 timetable completely full on: Mon, Tue, Wed, Thu, Fri
WARNING:timetable_generator_engine:Cannot place theory period:
  Subject  : Chemistry for Information Science
  Division : CS2
  Teacher  : Ms. Surya K. A.
  Required : 1 theory period(s)
  Conflicts:
    • division CS2 timetable completely full on: Mon, Tue, Wed, Thu, Fri
WARNING:timetable_generator_engine:Cannot place theory period:
  Subject  : Mathematics for Information Science-1
  Division : CS2
  Teacher  : Mr. Rahul Ravi
  Required : 1 theory period(s)
  Conflicts:
    • division CS2 timetable completely full on: Mon, Tue, Wed, Thu, Fri
WARNING:timetable_generator_engine:Cannot place theory period:
  Subject  : Discrete Mathematics
  Division : CS1
  Teacher  : Dr. Kannan Nithin K. V.
  Required : 1 theory period(s)
  Conflicts:
    • division CS1 timetable completely full on: Mon, Tue, Wed, Thu, Fri
WARNING:timetable_generator_engine:Cannot place theory period:
  Subject  : Chemistry for Information Science
  Division : CS2
  Teacher  : Ms. Surya K. A.
  Required : 1 theory period(s)
  Conflicts:
    • division CS2 timetable completely full on: Mon, Tue, Wed, Thu, Fri
WARNING:timetable_generator_engine:Cannot place theory period:
  Subject  : Physics for Information Science
  Division : CS3
  Teacher  : Dr. Santhosh M. V.
  Required : 1 theory period(s)
  Conflicts:
    • division CS3 timetable completely full on: Mon, Tue, Wed, Thu, Fri
WARNING:timetable_generator_engine:Cannot place theory period:
  Subject  : Mathematics for Information Science-1
  Division : CS2
  Teacher  : Mr. Rahul Ravi
  Required : 1 theory period(s)
  Conflicts:
    • division CS2 timetable completely full on: Mon, Tue, Wed, Thu, Fri
WARNING:timetable_generator_engine:Cannot place theory period:
  Subject  : Mathematics for Information Science-2
  Division : CS3
  Teacher  : Ms. Jinu M. J.
  Required : 1 theory period(s)
  Conflicts:
    • division CS3 timetable completely full on: Mon, Tue, Wed, Thu, Fri
WARNING:timetable_generator_engine:Cannot place theory period:
  Subject  : Discrete Mathematics
  Division : CS1
  Teacher  : Dr. Kannan Nithin K. V.
  Required : 1 theory period(s)
  Conflicts:
    • division CS1 timetable completely full on: Mon, Tue, Wed, Thu, Fri
WARNING:timetable_generator_engine:Cannot place theory period:
  Subject  : Chemistry for Information Science
  Division : CS2
  Teacher  : Ms. Surya K. A.
  Required : 1 theory period(s)
  Conflicts:
    • division CS2 timetable completely full on: Mon, Tue, Wed, Thu, Fri
WARNING:timetable_generator_engine:Cannot place theory period:
  Subject  : Physics for Information Science
  Division : CS1
  Teacher  : Dr. Nithya Mohan
  Required : 1 theory period(s)
  Conflicts:
    • division CS1 timetable completely full on: Mon, Tue, Wed, Thu, Fri
WARNING:timetable_generator_engine:Cannot place theory period:
  Subject  : Mathematics for Information Science-1
  Division : CS2
  Teacher  : Mr. Rahul Ravi
  Required : 1 theory period(s)
  Conflicts:
    • division CS2 timetable completely full on: Mon, Tue, Wed, Thu, Fri
WARNING:timetable_generator_engine:Cannot place theory period:
  Subject  : Mathematics for Information Science-2
  Division : CS3
  Teacher  : Ms. Jinu M. J.
  Required : 1 theory period(s)
  Conflicts:
    • division CS3 timetable completely full on: Mon, Tue, Wed, Thu, Fri
WARNING:timetable_generator_engine:Cannot place theory period:
  Subject  : Discrete Mathematics
  Division : CS1
  Teacher  : Dr. Kannan Nithin K. V.
  Required : 1 theory period(s)
  Conflicts:
    • division CS1 timetable completely full on: Mon, Tue, Wed, Thu, Fri
WARNING:timetable_generator_engine:Cannot place theory period:
  Subject  : Chemistry for Information Science
  Division : CS2
  Teacher  : Ms. Surya K. A.
  Required : 1 theory period(s)
  Conflicts:
    • division CS2 timetable completely full on: Mon, Tue, Wed, Thu, Fri
WARNING:timetable_generator_engine:Cannot place theory period:
  Subject  : Physics for Information Science
  Division : CS1
  Teacher  : Dr. Nithya Mohan
  Required : 1 theory period(s)
  Conflicts:
    • division CS1 timetable completely full on: Mon, Tue, Wed, Thu, Fri
WARNING:timetable_generator_engine:Cannot place theory period:
  Subject  : Mathematics for Information Science-1
  Division : CS2
  Teacher  : Mr. Rahul Ravi
  Required : 1 theory period(s)
  Conflicts:
    • division CS2 timetable completely full on: Mon, Tue, Wed, Thu, Fri
WARNING:timetable_generator_engine:Cannot place theory period:
  Subject  : Mathematics for Information Science-2
  Division : CS3
  Teacher  : Ms. Jinu M. J.
  Required : 1 theory period(s)
  Conflicts:
    • division CS3 timetable completely full on: Mon, Tue, Wed, Thu, Fri
WARNING:timetable_generator_engine:Cannot place theory period:
  Subject  : Discrete Mathematics
  Division : CS1
  Teacher  : Dr. Kannan Nithin K. V.
  Required : 1 theory period(s)
  Conflicts:
    • division CS1 timetable completely full on: Mon, Tue, Wed, Thu, Fri
WARNING:timetable_generator_engine:Cannot place theory period:
  Subject  : Chemistry for Information Science
  Division : CS2
  Teacher  : Ms. Surya K. A.
  Required : 1 theory period(s)
  Conflicts:
    • division CS2 timetable completely full on: Mon, Tue, Wed, Thu, Fri
WARNING:timetable_generator_engine:Cannot place theory period:
  Subject  : Physics for Information Science
  Division : CS1
  Teacher  : Dr. Nithya Mohan
  Required : 1 theory period(s)
  Conflicts:
    • division CS1 timetable completely full on: Mon, Tue, Wed, Thu, Fri
WARNING:timetable_generator_engine:Cannot place theory period:
  Subject  : Chemistry for Information Science
  Division : CS3
  Teacher  : Ms. Reshma R
  Required : 1 theory period(s)
  Conflicts:
    • division CS3 timetable completely full on: Mon, Tue, Wed, Thu, Fri
WARNING:timetable_generator_engine:Cannot place theory period:
  Subject  : Physics for Information Science
  Division : CS1
  Teacher  : Dr. Nithya Mohan
  Required : 1 theory period(s)
  Conflicts:
    • division CS1 timetable completely full on: Mon, Tue, Wed, Thu, Fri
WARNING:timetable_generator_engine:Cannot place theory period:
  Subject  : Chemistry for Information Science
  Division : CS3
  Teacher  : Ms. Reshma R
  Required : 1 theory period(s)
  Conflicts:
    • division CS3 timetable completely full on: Mon, Tue, Wed, Thu, Fri
WARNING:timetable_generator_engine:Cannot place theory period:
  Subject  : Physics for Information Science
  Division : CS1
  Teacher  : Dr. Nithya Mohan
  Required : 1 theory period(s)
  Conflicts:
    • division CS1 timetable completely full on: Mon, Tue, Wed, Thu, Fri
WARNING:timetable_generator_engine:Cannot place theory period:
  Subject  : Chemistry for Information Science
  Division : CS3
  Teacher  : Ms. Reshma R
  Required : 1 theory period(s)
  Conflicts:
    • division CS3 timetable completely full on: Mon, Tue, Wed, Thu, Fri
WARNING:timetable_generator_engine:Cannot place theory period:
  Subject  : Physics for Information Science
  Division : CS1
  Teacher  : Dr. Nithya Mohan
  Required : 1 theory period(s)
  Conflicts:
    • division CS1 timetable completely full on: Mon, Tue, Wed, Thu, Fri
WARNING:timetable_generator_engine:Cannot place theory period:
  Subject  : Chemistry for Information Science
  Division : CS3
  Teacher  : Ms. Reshma R
  Required : 1 theory period(s)
  Conflicts:
    • division CS3 timetable completely full on: Mon, Tue, Wed, Thu, Fri
WARNING:timetable_generator_engine:Cannot place theory period:
  Subject  : Chemistry for Information Science
  Division : CS3
  Teacher  : Ms. Reshma R
  Required : 1 theory period(s)
  Conflicts:
    • division CS3 timetable completely full on: Mon, Tue, Wed, Thu, Fri
WARNING:timetable_generator_engine:Cannot place theory period:
  Subject  : Chemistry for Information Science
  Division : CS3
  Teacher  : Ms. Reshma R
  Required : 1 theory period(s)
  Conflicts:
    • division CS3 timetable completely full on: Mon, Tue, Wed, Thu, Fri
WARNING:timetable_generator_engine:Cannot place theory period:
  Subject  : Chemistry for Information Science
  Division : CS3
  Teacher  : Ms. Reshma R
  Required : 1 theory period(s)
  Conflicts:
    • division CS3 timetable completely full on: Mon, Tue, Wed, Thu, Fri
INFO:timetable_generator_engine:  [relaxed pass] Mathematics for Information Science-1 / CS4: placing 1 missing period(s)
WARNING:timetable_generator_engine:  [relaxed pass] Cannot place Mathematics for Information Science-1 / CS4 even with relaxed cap
INFO:timetable_generator_engine:  [relaxed pass] Life Skills and Professional Communication / CS4: placing 1 missing period(s)
WARNING:timetable_generator_engine:  [relaxed pass] Cannot place Life Skills and Professional Communication / CS4 even with relaxed cap
INFO:timetable_generator_engine:  [relaxed pass] Mathematics for Information Science-2 / CS4: placing 1 missing period(s)
WARNING:timetable_generator_engine:  [relaxed pass] Cannot place Mathematics for Information Science-2 / CS4 even with relaxed cap
INFO:timetable_generator_engine:  [relaxed pass] Discrete Mathematics / CS4: placing 2 missing period(s)
WARNING:timetable_generator_engine:  [relaxed pass] Cannot place Discrete Mathematics / CS4 even with relaxed cap
INFO:timetable_generator_engine:  [relaxed pass] Chemistry for Information Science / CS4: placing 5 missing period(s)
WARNING:timetable_generator_engine:  [relaxed pass] Cannot place Chemistry for Information Science / CS4 even with relaxed cap
INFO:timetable_generator_engine:  [relaxed pass] Chemistry for Information Science / CS2: placing 6 missing period(s)
WARNING:timetable_generator_engine:  [relaxed pass] Cannot place Chemistry for Information Science / CS2 even with relaxed cap
INFO:timetable_generator_engine:  [relaxed pass] Engineering Entrepreneurship & IPR / CS4: placing 1 missing period(s)
WARNING:timetable_generator_engine:  [relaxed pass] Cannot place Engineering Entrepreneurship & IPR / CS4 even with relaxed cap
INFO:timetable_generator_engine:  [relaxed pass] Physics for Information Science / CS3: placing 1 missing period(s)
WARNING:timetable_generator_engine:  [relaxed pass] Cannot place Physics for Information Science / CS3 even with relaxed cap
INFO:timetable_generator_engine:  [relaxed pass] Physics for Information Science / CS1: placing 6 missing period(s)
WARNING:timetable_generator_engine:  [relaxed pass] Cannot place Physics for Information Science / CS1 even with relaxed cap
INFO:timetable_generator_engine:  [relaxed pass] Discrete Mathematics / CS1: placing 5 missing period(s)
WARNING:timetable_generator_engine:  [relaxed pass] Cannot place Discrete Mathematics / CS1 even with relaxed cap
INFO:timetable_generator_engine:  [relaxed pass] Mathematics for Information Science-1 / CS2: placing 5 missing period(s)
WARNING:timetable_generator_engine:  [relaxed pass] Cannot place Mathematics for Information Science-1 / CS2 even with relaxed cap
INFO:timetable_generator_engine:  [relaxed pass] Mathematics for Information Science-2 / CS3: placing 3 missing period(s)
WARNING:timetable_generator_engine:  [relaxed pass] Cannot place Mathematics for Information Science-2 / CS3 even with relaxed cap
INFO:timetable_generator_engine:  [relaxed pass] Chemistry for Information Science / CS3: placing 7 missing period(s)
WARNING:timetable_generator_engine:  [relaxed pass] Cannot place Chemistry for Information Science / CS3 even with relaxed cap
INFO:timetable_generator_engine:  Attempt 6 (seed=777284) score: 94/100
INFO:timetable_generator_engine:Greedy attempt 7/80 …
WARNING:timetable_generator_engine:Cannot place theory period:
  Subject  : Life Skills and Professional Communication
  Division : CS2
  Teacher  : Dr. Sunny George
  Required : 1 theory period(s)
  Conflicts:
    • division CS2 timetable completely full on: Mon, Tue, Wed, Thu, Fri
WARNING:timetable_generator_engine:Cannot place theory period:
  Subject  : Chemistry for Information Science
  Division : CS2
  Teacher  : Ms. Surya K. A.
  Required : 1 theory period(s)
  Conflicts:
    • division CS2 timetable completely full on: Mon, Tue, Wed, Thu, Fri
WARNING:timetable_generator_engine:Cannot place theory period:
  Subject  : Chemistry for Information Science
  Division : CS2
  Teacher  : Ms. Surya K. A.
  Required : 1 theory period(s)
  Conflicts:
    • division CS2 timetable completely full on: Mon, Tue, Wed, Thu, Fri
WARNING:timetable_generator_engine:Cannot place theory period:
  Subject  : Chemistry for Information Science
  Division : CS2
  Teacher  : Ms. Surya K. A.
  Required : 1 theory period(s)
  Conflicts:
    • division CS2 timetable completely full on: Mon, Tue, Wed, Thu, Fri
WARNING:timetable_generator_engine:Cannot place theory period:
  Subject  : Chemistry for Information Science
  Division : CS2
  Teacher  : Ms. Surya K. A.
  Required : 1 theory period(s)
  Conflicts:
    • division CS2 timetable completely full on: Mon, Tue, Wed, Thu, Fri
WARNING:timetable_generator_engine:Cannot place theory period:
  Subject  : Chemistry for Information Science
  Division : CS2
  Teacher  : Ms. Surya K. A.
  Required : 1 theory period(s)
  Conflicts:
    • division CS2 timetable completely full on: Mon, Tue, Wed, Thu, Fri
WARNING:timetable_generator_engine:Cannot place theory period:
  Subject  : Physics for Information Science
  Division : CS4
  Teacher  : Mr. Rahul Ravi
  Required : 1 theory period(s)
  Conflicts:
    • division CS4 timetable completely full on: Mon, Tue, Wed, Thu, Fri
WARNING:timetable_generator_engine:Cannot place theory period:
  Subject  : Discrete Mathematics
  Division : CS4
  Teacher  : Dr. Mini Tom
  Required : 1 theory period(s)
  Conflicts:
    • division CS4 timetable completely full on: Mon, Tue, Wed, Thu, Fri
WARNING:timetable_generator_engine:Cannot place theory period:
  Subject  : Mathematics for Information Science-2
  Division : CS4
  Teacher  : Mr. Akhil Baby
  Required : 1 theory period(s)
  Conflicts:
    • division CS4 timetable completely full on: Mon, Tue, Wed, Thu, Fri
WARNING:timetable_generator_engine:Cannot place theory period:
  Subject  : Mathematics for Information Science-1
  Division : CS4
  Teacher  : Ms. Resmimol N. R.
  Required : 1 theory period(s)
  Conflicts:
    • division CS4 timetable completely full on: Mon, Tue, Wed, Thu, Fri
WARNING:timetable_generator_engine:Cannot place theory period:
  Subject  : Physics for Information Science
  Division : CS4
  Teacher  : Mr. Rahul Ravi
  Required : 1 theory period(s)
  Conflicts:
    • division CS4 timetable completely full on: Mon, Tue, Wed, Thu, Fri
WARNING:timetable_generator_engine:Cannot place theory period:
  Subject  : Discrete Mathematics
  Division : CS4
  Teacher  : Dr. Mini Tom
  Required : 1 theory period(s)
  Conflicts:
    • division CS4 timetable completely full on: Mon, Tue, Wed, Thu, Fri
WARNING:timetable_generator_engine:Cannot place theory period:
  Subject  : Mathematics for Information Science-2
  Division : CS4
  Teacher  : Mr. Akhil Baby
  Required : 1 theory period(s)
  Conflicts:
    • division CS4 timetable completely full on: Mon, Tue, Wed, Thu, Fri
WARNING:timetable_generator_engine:Cannot place theory period:
  Subject  : Mathematics for Information Science-1
  Division : CS4
  Teacher  : Ms. Resmimol N. R.
  Required : 1 theory period(s)
  Conflicts:
    • division CS4 timetable completely full on: Mon, Tue, Wed, Thu, Fri
WARNING:timetable_generator_engine:Cannot place theory period:
  Subject  : Physics for Information Science
  Division : CS4
  Teacher  : Mr. Rahul Ravi
  Required : 1 theory period(s)
  Conflicts:
    • division CS4 timetable completely full on: Mon, Tue, Wed, Thu, Fri
WARNING:timetable_generator_engine:Cannot place theory period:
  Subject  : Mathematics for Information Science-1
  Division : CS2
  Teacher  : Mr. Rahul Ravi
  Required : 1 theory period(s)
  Conflicts:
    • division CS2 timetable completely full on: Mon, Tue, Wed, Thu, Fri
WARNING:timetable_generator_engine:Cannot place theory period:
  Subject  : Physics for Information Science
  Division : CS4
  Teacher  : Mr. Rahul Ravi
  Required : 1 theory period(s)
  Conflicts:
    • division CS4 timetable completely full on: Mon, Tue, Wed, Thu, Fri
WARNING:timetable_generator_engine:Cannot place theory period:
  Subject  : Mathematics for Information Science-2
  Division : CS1
  Teacher  : Dr. Geethu R.
  Required : 1 theory period(s)
  Conflicts:
    • division CS1 timetable completely full on: Mon, Tue, Wed, Thu, Fri
WARNING:timetable_generator_engine:Cannot place theory period:
  Subject  : Mathematics for Information Science-1
  Division : CS2
  Teacher  : Mr. Rahul Ravi
  Required : 1 theory period(s)
  Conflicts:
    • division CS2 timetable completely full on: Mon, Tue, Wed, Thu, Fri
WARNING:timetable_generator_engine:Cannot place theory period:
  Subject  : Physics for Information Science
  Division : CS4
  Teacher  : Mr. Rahul Ravi
  Required : 1 theory period(s)
  Conflicts:
    • division CS4 timetable completely full on: Mon, Tue, Wed, Thu, Fri
WARNING:timetable_generator_engine:Cannot place theory period:
  Subject  : Mathematics for Information Science-2
  Division : CS1
  Teacher  : Dr. Geethu R.
  Required : 1 theory period(s)
  Conflicts:
    • division CS1 timetable completely full on: Mon, Tue, Wed, Thu, Fri
WARNING:timetable_generator_engine:Cannot place theory period:
  Subject  : Mathematics for Information Science-1
  Division : CS2
  Teacher  : Mr. Rahul Ravi
  Required : 1 theory period(s)
  Conflicts:
    • division CS2 timetable completely full on: Mon, Tue, Wed, Thu, Fri
WARNING:timetable_generator_engine:Cannot place theory period:
  Subject  : Chemistry for Information Science
  Division : CS3
  Teacher  : Ms. Reshma R
  Required : 1 theory period(s)
  Conflicts:
    • division CS3 timetable completely full on: Mon, Tue, Wed, Thu, Fri
WARNING:timetable_generator_engine:Cannot place theory period:
  Subject  : Physics for Information Science
  Division : CS3
  Teacher  : Dr. Santhosh M. V.
  Required : 1 theory period(s)
  Conflicts:
    • division CS3 timetable completely full on: Mon, Tue, Wed, Thu, Fri
WARNING:timetable_generator_engine:Cannot place theory period:
  Subject  : Discrete Mathematics
  Division : CS3
  Teacher  : Ms. Resmimol N. R.
  Required : 1 theory period(s)
  Conflicts:
    • division CS3 timetable completely full on: Mon, Tue, Wed, Thu, Fri
WARNING:timetable_generator_engine:Cannot place theory period:
  Subject  : Mathematics for Information Science-2
  Division : CS1
  Teacher  : Dr. Geethu R.
  Required : 1 theory period(s)
  Conflicts:
    • division CS1 timetable completely full on: Mon, Tue, Wed, Thu, Fri
WARNING:timetable_generator_engine:Cannot place theory period:
  Subject  : Mathematics for Information Science-1
  Division : CS2
  Teacher  : Mr. Rahul Ravi
  Required : 1 theory period(s)
  Conflicts:
    • division CS2 timetable completely full on: Mon, Tue, Wed, Thu, Fri
WARNING:timetable_generator_engine:Cannot place theory period:
  Subject  : Chemistry for Information Science
  Division : CS3
  Teacher  : Ms. Reshma R
  Required : 1 theory period(s)
  Conflicts:
    • division CS3 timetable completely full on: Mon, Tue, Wed, Thu, Fri
WARNING:timetable_generator_engine:Cannot place theory period:
  Subject  : Physics for Information Science
  Division : CS3
  Teacher  : Dr. Santhosh M. V.
  Required : 1 theory period(s)
  Conflicts:
    • division CS3 timetable completely full on: Mon, Tue, Wed, Thu, Fri
WARNING:timetable_generator_engine:Cannot place theory period:
  Subject  : Discrete Mathematics
  Division : CS3
  Teacher  : Ms. Resmimol N. R.
  Required : 1 theory period(s)
  Conflicts:
    • division CS3 timetable completely full on: Mon, Tue, Wed, Thu, Fri
WARNING:timetable_generator_engine:Cannot place theory period:
  Subject  : Mathematics for Information Science-2
  Division : CS1
  Teacher  : Dr. Geethu R.
  Required : 1 theory period(s)
  Conflicts:
    • division CS1 timetable completely full on: Mon, Tue, Wed, Thu, Fri
WARNING:timetable_generator_engine:Cannot place theory period:
  Subject  : Mathematics for Information Science-1
  Division : CS2
  Teacher  : Mr. Rahul Ravi
  Required : 1 theory period(s)
  Conflicts:
    • division CS2 timetable completely full on: Mon, Tue, Wed, Thu, Fri
WARNING:timetable_generator_engine:Cannot place theory period:
  Subject  : Chemistry for Information Science
  Division : CS3
  Teacher  : Ms. Reshma R
  Required : 1 theory period(s)
  Conflicts:
    • division CS3 timetable completely full on: Mon, Tue, Wed, Thu, Fri
WARNING:timetable_generator_engine:Cannot place theory period:
  Subject  : Physics for Information Science
  Division : CS3
  Teacher  : Dr. Santhosh M. V.
  Required : 1 theory period(s)
  Conflicts:
    • division CS3 timetable completely full on: Mon, Tue, Wed, Thu, Fri
WARNING:timetable_generator_engine:Cannot place theory period:
  Subject  : Chemistry for Information Science
  Division : CS1
  Teacher  : Dr. Mini Tom
  Required : 1 theory period(s)
  Conflicts:
    • division CS1 timetable completely full on: Mon, Tue, Wed, Thu, Fri
WARNING:timetable_generator_engine:Cannot place theory period:
  Subject  : Physics for Information Science
  Division : CS3
  Teacher  : Dr. Santhosh M. V.
  Required : 1 theory period(s)
  Conflicts:
    • division CS3 timetable completely full on: Mon, Tue, Wed, Thu, Fri
WARNING:timetable_generator_engine:Cannot place theory period:
  Subject  : Chemistry for Information Science
  Division : CS1
  Teacher  : Dr. Mini Tom
  Required : 1 theory period(s)
  Conflicts:
    • division CS1 timetable completely full on: Mon, Tue, Wed, Thu, Fri
WARNING:timetable_generator_engine:Cannot place theory period:
  Subject  : Physics for Information Science
  Division : CS3
  Teacher  : Dr. Santhosh M. V.
  Required : 1 theory period(s)
  Conflicts:
    • division CS3 timetable completely full on: Mon, Tue, Wed, Thu, Fri
WARNING:timetable_generator_engine:Cannot place theory period:
  Subject  : Chemistry for Information Science
  Division : CS1
  Teacher  : Dr. Mini Tom
  Required : 1 theory period(s)
  Conflicts:
    • division CS1 timetable completely full on: Mon, Tue, Wed, Thu, Fri
WARNING:timetable_generator_engine:Cannot place theory period:
  Subject  : Physics for Information Science
  Division : CS3
  Teacher  : Dr. Santhosh M. V.
  Required : 1 theory period(s)
  Conflicts:
    • division CS3 timetable completely full on: Mon, Tue, Wed, Thu, Fri
WARNING:timetable_generator_engine:Cannot place theory period:
  Subject  : Chemistry for Information Science
  Division : CS1
  Teacher  : Dr. Mini Tom
  Required : 1 theory period(s)
  Conflicts:
    • division CS1 timetable completely full on: Mon, Tue, Wed, Thu, Fri
WARNING:timetable_generator_engine:Cannot place theory period:
  Subject  : Chemistry for Information Science
  Division : CS1
  Teacher  : Dr. Mini Tom
  Required : 1 theory period(s)
  Conflicts:
    • division CS1 timetable completely full on: Mon, Tue, Wed, Thu, Fri
WARNING:timetable_generator_engine:Cannot place theory period:
  Subject  : Chemistry for Information Science
  Division : CS1
  Teacher  : Dr. Mini Tom
  Required : 1 theory period(s)
  Conflicts:
    • division CS1 timetable completely full on: Mon, Tue, Wed, Thu, Fri
WARNING:timetable_generator_engine:Cannot place theory period:
  Subject  : Chemistry for Information Science
  Division : CS1
  Teacher  : Dr. Mini Tom
  Required : 1 theory period(s)
  Conflicts:
    • division CS1 timetable completely full on: Mon, Tue, Wed, Thu, Fri
INFO:timetable_generator_engine:  [relaxed pass] Discrete Mathematics / CS4: placing 2 missing period(s)
WARNING:timetable_generator_engine:  [relaxed pass] Cannot place Discrete Mathematics / CS4 even with relaxed cap
INFO:timetable_generator_engine:  [relaxed pass] Mathematics for Information Science-1 / CS4: placing 2 missing period(s)
WARNING:timetable_generator_engine:  [relaxed pass] Cannot place Mathematics for Information Science-1 / CS4 even with relaxed cap
INFO:timetable_generator_engine:  [relaxed pass] Mathematics for Information Science-2 / CS4: placing 2 missing period(s)
WARNING:timetable_generator_engine:  [relaxed pass] Cannot place Mathematics for Information Science-2 / CS4 even with relaxed cap
INFO:timetable_generator_engine:  [relaxed pass] Life Skills and Professional Communication / CS2: placing 1 missing period(s)
WARNING:timetable_generator_engine:  [relaxed pass] Cannot place Life Skills and Professional Communication / CS2 even with relaxed cap
INFO:timetable_generator_engine:  [relaxed pass] Discrete Mathematics / CS3: placing 2 missing period(s)
WARNING:timetable_generator_engine:  [relaxed pass] Cannot place Discrete Mathematics / CS3 even with relaxed cap
INFO:timetable_generator_engine:  [relaxed pass] Physics for Information Science / CS4: placing 5 missing period(s)
WARNING:timetable_generator_engine:  [relaxed pass] Cannot place Physics for Information Science / CS4 even with relaxed cap
INFO:timetable_generator_engine:  [relaxed pass] Mathematics for Information Science-2 / CS1: placing 4 missing period(s)
WARNING:timetable_generator_engine:  [relaxed pass] Cannot place Mathematics for Information Science-2 / CS1 even with relaxed cap
INFO:timetable_generator_engine:  [relaxed pass] Chemistry for Information Science / CS2: placing 5 missing period(s)
WARNING:timetable_generator_engine:  [relaxed pass] Cannot place Chemistry for Information Science / CS2 even with relaxed cap
INFO:timetable_generator_engine:  [relaxed pass] Chemistry for Information Science / CS3: placing 3 missing period(s)
WARNING:timetable_generator_engine:  [relaxed pass] Cannot place Chemistry for Information Science / CS3 even with relaxed cap
INFO:timetable_generator_engine:  [relaxed pass] Mathematics for Information Science-1 / CS2: placing 5 missing period(s)
WARNING:timetable_generator_engine:  [relaxed pass] Cannot place Mathematics for Information Science-1 / CS2 even with relaxed cap
INFO:timetable_generator_engine:  [relaxed pass] Physics for Information Science / CS3: placing 6 missing period(s)
WARNING:timetable_generator_engine:  [relaxed pass] Cannot place Physics for Information Science / CS3 even with relaxed cap
INFO:timetable_generator_engine:  [relaxed pass] Chemistry for Information Science / CS1: placing 7 missing period(s)
WARNING:timetable_generator_engine:  [relaxed pass] Cannot place Chemistry for Information Science / CS1 even with relaxed cap
INFO:timetable_generator_engine:  Attempt 7 (seed=508875) score: 88/100
INFO:timetable_generator_engine:Greedy attempt 8/80 …
WARNING:timetable_generator_engine:Cannot place theory period:
  Subject  : Mathematics for Information Science-2
  Division : CS1
  Teacher  : Dr. Geethu R.
  Required : 1 theory period(s)
  Conflicts:
    • division CS1 timetable completely full on: Mon, Tue, Wed, Thu, Fri
WARNING:timetable_generator_engine:Cannot place theory period:
  Subject  : Discrete Mathematics
  Division : CS1
  Teacher  : Dr. Kannan Nithin K. V.
  Required : 1 theory period(s)
  Conflicts:
    • division CS1 timetable completely full on: Mon, Tue, Wed, Thu, Fri
WARNING:timetable_generator_engine:Cannot place theory period:
  Subject  : Chemistry for Information Science
  Division : CS1
  Teacher  : Dr. Mini Tom
  Required : 1 theory period(s)
  Conflicts:
    • division CS1 timetable completely full on: Mon, Tue, Wed, Thu, Fri
WARNING:timetable_generator_engine:Cannot place theory period:
  Subject  : Chemistry for Information Science
  Division : CS1
  Teacher  : Dr. Mini Tom
  Required : 1 theory period(s)
  Conflicts:
    • division CS1 timetable completely full on: Mon, Tue, Wed, Thu, Fri
WARNING:timetable_generator_engine:Cannot place theory period:
  Subject  : Discrete Mathematics
  Division : CS4
  Teacher  : Dr. Mini Tom
  Required : 1 theory period(s)
  Conflicts:
    • division CS4 timetable completely full on: Mon, Tue, Wed, Thu
WARNING:timetable_generator_engine:Cannot place theory period:
  Subject  : Introduction to Electronics Engineering
  Division : CS4
  Teacher  : Ms. Lakshmi Nair M.
  Required : 1 theory period(s)
  Conflicts:
    • division CS4 timetable completely full on: Mon, Tue, Wed, Thu, Fri
WARNING:timetable_generator_engine:Cannot place theory period:
  Subject  : Chemistry for Information Science
  Division : CS1
  Teacher  : Dr. Mini Tom
  Required : 1 theory period(s)
  Conflicts:
    • division CS1 timetable completely full on: Mon, Tue, Wed, Thu, Fri
WARNING:timetable_generator_engine:Cannot place theory period:
  Subject  : Physics for Information Science
  Division : CS4
  Teacher  : Mr. Rahul Ravi
  Required : 1 theory period(s)
  Conflicts:
    • division CS4 timetable completely full on: Mon, Tue, Wed, Thu, Fri
WARNING:timetable_generator_engine:Cannot place theory period:
  Subject  : Discrete Mathematics
  Division : CS4
  Teacher  : Dr. Mini Tom
  Required : 1 theory period(s)
  Conflicts:
    • division CS4 timetable completely full on: Mon, Tue, Wed, Thu, Fri
WARNING:timetable_generator_engine:Cannot place theory period:
  Subject  : Chemistry for Information Science
  Division : CS1
  Teacher  : Dr. Mini Tom
  Required : 1 theory period(s)
  Conflicts:
    • division CS1 timetable completely full on: Mon, Tue, Wed, Thu, Fri
WARNING:timetable_generator_engine:Cannot place theory period:
  Subject  : Physics for Information Science
  Division : CS4
  Teacher  : Mr. Rahul Ravi
  Required : 1 theory period(s)
  Conflicts:
    • division CS4 timetable completely full on: Mon, Tue, Wed, Thu, Fri
WARNING:timetable_generator_engine:Cannot place theory period:
  Subject  : Discrete Mathematics
  Division : CS4
  Teacher  : Dr. Mini Tom
  Required : 1 theory period(s)
  Conflicts:
    • division CS4 timetable completely full on: Mon, Tue, Wed, Thu, Fri
WARNING:timetable_generator_engine:Cannot place theory period:
  Subject  : Physics for Information Science
  Division : CS4
  Teacher  : Mr. Rahul Ravi
  Required : 1 theory period(s)
  Conflicts:
    • division CS4 timetable completely full on: Mon, Tue, Wed, Thu, Fri
WARNING:timetable_generator_engine:Cannot place theory period:
  Subject  : Discrete Mathematics
  Division : CS4
  Teacher  : Dr. Mini Tom
  Required : 1 theory period(s)
  Conflicts:
    • division CS4 timetable completely full on: Mon, Tue, Wed, Thu, Fri
WARNING:timetable_generator_engine:Cannot place theory period:
  Subject  : Physics for Information Science
  Division : CS4
  Teacher  : Mr. Rahul Ravi
  Required : 1 theory period(s)
  Conflicts:
    • division CS4 timetable completely full on: Mon, Tue, Wed, Thu, Fri
WARNING:timetable_generator_engine:Cannot place theory period:
  Subject  : Mathematics for Information Science-1
  Division : CS1
  Teacher  : Dr. Vidya Lekshmi K. P.
  Required : 1 theory period(s)
  Conflicts:
    • division CS1 timetable completely full on: Mon, Tue, Wed, Thu, Fri
WARNING:timetable_generator_engine:Cannot place theory period:
  Subject  : Physics for Information Science
  Division : CS4
  Teacher  : Mr. Rahul Ravi
  Required : 1 theory period(s)
  Conflicts:
    • division CS4 timetable completely full on: Mon, Tue, Wed, Thu, Fri
WARNING:timetable_generator_engine:Cannot place theory period:
  Subject  : Mathematics for Information Science-1
  Division : CS1
  Teacher  : Dr. Vidya Lekshmi K. P.
  Required : 1 theory period(s)
  Conflicts:
    • division CS1 timetable completely full on: Mon, Tue, Wed, Thu, Fri
WARNING:timetable_generator_engine:Cannot place theory period:
  Subject  : Mathematics for Information Science-2
  Division : CS2
  Teacher  : Ms. Anju Nair
  Required : 1 theory period(s)
  Conflicts:
    • division CS2 timetable completely full on: Mon, Tue, Wed, Thu, Fri
WARNING:timetable_generator_engine:Cannot place theory period:
  Subject  : Physics for Information Science
  Division : CS4
  Teacher  : Mr. Rahul Ravi
  Required : 1 theory period(s)
  Conflicts:
    • division CS4 timetable completely full on: Mon, Tue, Wed, Thu, Fri
WARNING:timetable_generator_engine:Cannot place theory period:
  Subject  : Mathematics for Information Science-1
  Division : CS1
  Teacher  : Dr. Vidya Lekshmi K. P.
  Required : 1 theory period(s)
  Conflicts:
    • division CS1 timetable completely full on: Mon, Tue, Wed, Thu, Fri
WARNING:timetable_generator_engine:Cannot place theory period:
  Subject  : Mathematics for Information Science-2
  Division : CS2
  Teacher  : Ms. Anju Nair
  Required : 1 theory period(s)
  Conflicts:
    • division CS2 timetable completely full on: Mon, Tue, Wed, Thu, Fri
WARNING:timetable_generator_engine:Cannot place theory period:
  Subject  : Discrete Mathematics
  Division : CS3
  Teacher  : Ms. Resmimol N. R.
  Required : 1 theory period(s)
  Conflicts:
    • division CS3 timetable completely full on: Mon, Tue, Wed, Fri
WARNING:timetable_generator_engine:Cannot place theory period:
  Subject  : Physics for Information Science
  Division : CS3
  Teacher  : Dr. Santhosh M. V.
  Required : 1 theory period(s)
  Conflicts:
    • division CS3 timetable completely full on: Mon, Tue, Wed, Thu, Fri
WARNING:timetable_generator_engine:Cannot place theory period:
  Subject  : Mathematics for Information Science-1
  Division : CS1
  Teacher  : Dr. Vidya Lekshmi K. P.
  Required : 1 theory period(s)
  Conflicts:
    • division CS1 timetable completely full on: Mon, Tue, Wed, Thu, Fri
WARNING:timetable_generator_engine:Cannot place theory period:
  Subject  : Mathematics for Information Science-2
  Division : CS2
  Teacher  : Ms. Anju Nair
  Required : 1 theory period(s)
  Conflicts:
    • division CS2 timetable completely full on: Mon, Tue, Wed, Thu, Fri
WARNING:timetable_generator_engine:Cannot place theory period:
  Subject  : Discrete Mathematics
  Division : CS3
  Teacher  : Ms. Resmimol N. R.
  Required : 1 theory period(s)
  Conflicts:
    • division CS3 timetable completely full on: Mon, Tue, Wed, Thu, Fri
WARNING:timetable_generator_engine:Cannot place theory period:
  Subject  : Chemistry for Information Science
  Division : CS3
  Teacher  : Ms. Reshma R
  Required : 1 theory period(s)
  Conflicts:
    • division CS3 timetable completely full on: Mon, Tue, Wed, Thu, Fri
WARNING:timetable_generator_engine:Cannot place theory period:
  Subject  : Physics for Information Science
  Division : CS3
  Teacher  : Dr. Santhosh M. V.
  Required : 1 theory period(s)
  Conflicts:
    • division CS3 timetable completely full on: Mon, Tue, Wed, Thu, Fri
WARNING:timetable_generator_engine:Cannot place theory period:
  Subject  : Mathematics for Information Science-1
  Division : CS1
  Teacher  : Dr. Vidya Lekshmi K. P.
  Required : 1 theory period(s)
  Conflicts:
    • division CS1 timetable completely full on: Mon, Tue, Wed, Thu, Fri
WARNING:timetable_generator_engine:Cannot place theory period:
  Subject  : Mathematics for Information Science-2
  Division : CS2
  Teacher  : Ms. Anju Nair
  Required : 1 theory period(s)
  Conflicts:
    • division CS2 timetable completely full on: Mon, Tue, Wed, Thu, Fri
WARNING:timetable_generator_engine:Cannot place theory period:
  Subject  : Discrete Mathematics
  Division : CS3
  Teacher  : Ms. Resmimol N. R.
  Required : 1 theory period(s)
  Conflicts:
    • division CS3 timetable completely full on: Mon, Tue, Wed, Thu, Fri
WARNING:timetable_generator_engine:Cannot place theory period:
  Subject  : Chemistry for Information Science
  Division : CS3
  Teacher  : Ms. Reshma R
  Required : 1 theory period(s)
  Conflicts:
    • division CS3 timetable completely full on: Mon, Tue, Wed, Thu, Fri
WARNING:timetable_generator_engine:Cannot place theory period:
  Subject  : Physics for Information Science
  Division : CS3
  Teacher  : Dr. Santhosh M. V.
  Required : 1 theory period(s)
  Conflicts:
    • division CS3 timetable completely full on: Mon, Tue, Wed, Thu, Fri
WARNING:timetable_generator_engine:Cannot place theory period:
  Subject  : Chemistry for Information Science
  Division : CS2
  Teacher  : Ms. Surya K. A.
  Required : 1 theory period(s)
  Conflicts:
    • division CS2 timetable completely full on: Mon, Tue, Wed, Thu, Fri
WARNING:timetable_generator_engine:Cannot place theory period:
  Subject  : Physics for Information Science
  Division : CS3
  Teacher  : Dr. Santhosh M. V.
  Required : 1 theory period(s)
  Conflicts:
    • division CS3 timetable completely full on: Mon, Tue, Wed, Thu, Fri
WARNING:timetable_generator_engine:Cannot place theory period:
  Subject  : Chemistry for Information Science
  Division : CS2
  Teacher  : Ms. Surya K. A.
  Required : 1 theory period(s)
  Conflicts:
    • division CS2 timetable completely full on: Mon, Tue, Wed, Thu, Fri
WARNING:timetable_generator_engine:Cannot place theory period:
  Subject  : Physics for Information Science
  Division : CS3
  Teacher  : Dr. Santhosh M. V.
  Required : 1 theory period(s)
  Conflicts:
    • division CS3 timetable completely full on: Mon, Tue, Wed, Thu, Fri
WARNING:timetable_generator_engine:Cannot place theory period:
  Subject  : Chemistry for Information Science
  Division : CS2
  Teacher  : Ms. Surya K. A.
  Required : 1 theory period(s)
  Conflicts:
    • division CS2 timetable completely full on: Mon, Tue, Wed, Thu, Fri
WARNING:timetable_generator_engine:Cannot place theory period:
  Subject  : Physics for Information Science
  Division : CS3
  Teacher  : Dr. Santhosh M. V.
  Required : 1 theory period(s)
  Conflicts:
    • division CS3 timetable completely full on: Mon, Tue, Wed, Thu, Fri
WARNING:timetable_generator_engine:Cannot place theory period:
  Subject  : Chemistry for Information Science
  Division : CS2
  Teacher  : Ms. Surya K. A.
  Required : 1 theory period(s)
  Conflicts:
    • division CS2 timetable completely full on: Mon, Tue, Wed, Thu, Fri
WARNING:timetable_generator_engine:Cannot place theory period:
  Subject  : Chemistry for Information Science
  Division : CS2
  Teacher  : Ms. Surya K. A.
  Required : 1 theory period(s)
  Conflicts:
    • division CS2 timetable completely full on: Mon, Tue, Wed, Thu, Fri
WARNING:timetable_generator_engine:Cannot place theory period:
  Subject  : Chemistry for Information Science
  Division : CS2
  Teacher  : Ms. Surya K. A.
  Required : 1 theory period(s)
  Conflicts:
    • division CS2 timetable completely full on: Mon, Tue, Wed, Thu, Fri
WARNING:timetable_generator_engine:Cannot place theory period:
  Subject  : Chemistry for Information Science
  Division : CS2
  Teacher  : Ms. Surya K. A.
  Required : 1 theory period(s)
  Conflicts:
    • division CS2 timetable completely full on: Mon, Tue, Wed, Thu, Fri
INFO:timetable_generator_engine:  [relaxed pass] Mathematics for Information Science-2 / CS1: placing 1 missing period(s)
WARNING:timetable_generator_engine:  [relaxed pass] Cannot place Mathematics for Information Science-2 / CS1 even with relaxed cap
INFO:timetable_generator_engine:  [relaxed pass] Chemistry for Information Science / CS1: placing 4 missing period(s)
WARNING:timetable_generator_engine:  [relaxed pass] Cannot place Chemistry for Information Science / CS1 even with relaxed cap
INFO:timetable_generator_engine:  [relaxed pass] Discrete Mathematics / CS1: placing 1 missing period(s)
WARNING:timetable_generator_engine:  [relaxed pass] Cannot place Discrete Mathematics / CS1 even with relaxed cap
INFO:timetable_generator_engine:  [relaxed pass] Chemistry for Information Science / CS3: placing 2 missing period(s)
WARNING:timetable_generator_engine:  [relaxed pass] Cannot place Chemistry for Information Science / CS3 even with relaxed cap
INFO:timetable_generator_engine:  [relaxed pass] Discrete Mathematics / CS4: placing 4 missing period(s)
WARNING:timetable_generator_engine:  [relaxed pass] Cannot place Discrete Mathematics / CS4 even with relaxed cap
INFO:timetable_generator_engine:  [relaxed pass] Physics for Information Science / CS4: placing 6 missing period(s)
WARNING:timetable_generator_engine:  [relaxed pass] Cannot place Physics for Information Science / CS4 even with relaxed cap
INFO:timetable_generator_engine:  [relaxed pass] Physics for Information Science / CS3: placing 6 missing period(s)
WARNING:timetable_generator_engine:  [relaxed pass] Cannot place Physics for Information Science / CS3 even with relaxed cap
INFO:timetable_generator_engine:  [relaxed pass] Mathematics for Information Science-1 / CS1: placing 5 missing period(s)
WARNING:timetable_generator_engine:  [relaxed pass] Cannot place Mathematics for Information Science-1 / CS1 even with relaxed cap
INFO:timetable_generator_engine:  [relaxed pass] Discrete Mathematics / CS3: placing 3 missing period(s)
WARNING:timetable_generator_engine:  [relaxed pass] Cannot place Discrete Mathematics / CS3 even with relaxed cap
INFO:timetable_generator_engine:  [relaxed pass] Chemistry for Information Science / CS2: placing 7 missing period(s)
WARNING:timetable_generator_engine:  [relaxed pass] Cannot place Chemistry for Information Science / CS2 even with relaxed cap
INFO:timetable_generator_engine:  [relaxed pass] Introduction to Electronics Engineering / CS4: placing 1 missing period(s)
WARNING:timetable_generator_engine:  [relaxed pass] Cannot place Introduction to Electronics Engineering / CS4 even with relaxed cap
INFO:timetable_generator_engine:  [relaxed pass] Mathematics for Information Science-2 / CS2: placing 4 missing period(s)
WARNING:timetable_generator_engine:  [relaxed pass] Cannot place Mathematics for Information Science-2 / CS2 even with relaxed cap
INFO:timetable_generator_engine:  Attempt 8 (seed=411492) score: 94/100
INFO:timetable_generator_engine:Greedy attempt 9/80 …
WARNING:timetable_generator_engine:Cannot place theory period:
  Subject  : Engineering Entrepreneurship & IPR
  Division : CS1
  Teacher  : Ms. Surya K. A.
  Required : 1 theory period(s)
  Conflicts:
    • division CS1 timetable completely full on: Mon, Tue, Wed, Thu, Fri
WARNING:timetable_generator_engine:Cannot place theory period:
  Subject  : Physics for Information Science
  Division : CS1
  Teacher  : Dr. Nithya Mohan
  Required : 1 theory period(s)
  Conflicts:
    • division CS1 timetable completely full on: Mon, Tue, Wed, Thu, Fri
WARNING:timetable_generator_engine:Cannot place theory period:
  Subject  : Mathematics for Information Science-2
  Division : CS1
  Teacher  : Dr. Geethu R.
  Required : 1 theory period(s)
  Conflicts:
    • division CS1 timetable completely full on: Mon, Tue, Wed, Thu, Fri
WARNING:timetable_generator_engine:Cannot place theory period:
  Subject  : Mathematics for Information Science-1
  Division : CS1
  Teacher  : Dr. Vidya Lekshmi K. P.
  Required : 1 theory period(s)
  Conflicts:
    • division CS1 timetable completely full on: Mon, Tue, Wed, Thu, Fri
WARNING:timetable_generator_engine:Cannot place theory period:
  Subject  : Physics for Information Science
  Division : CS1
  Teacher  : Dr. Nithya Mohan
  Required : 1 theory period(s)
  Conflicts:
    • division CS1 timetable completely full on: Mon, Tue, Wed, Thu, Fri
WARNING:timetable_generator_engine:Cannot place theory period:
  Subject  : Discrete Mathematics
  Division : CS1
  Teacher  : Dr. Kannan Nithin K. V.
  Required : 1 theory period(s)
  Conflicts:
    • division CS1 timetable completely full on: Mon, Tue, Wed, Thu, Fri
WARNING:timetable_generator_engine:Cannot place theory period:
  Subject  : Physics for Information Science
  Division : CS1
  Teacher  : Dr. Nithya Mohan
  Required : 1 theory period(s)
  Conflicts:
    • division CS1 timetable completely full on: Mon, Tue, Wed, Thu, Fri
WARNING:timetable_generator_engine:Cannot place theory period:
  Subject  : Discrete Mathematics
  Division : CS1
  Teacher  : Dr. Kannan Nithin K. V.
  Required : 1 theory period(s)
  Conflicts:
    • division CS1 timetable completely full on: Mon, Tue, Wed, Thu, Fri
WARNING:timetable_generator_engine:Cannot place theory period:
  Subject  : Discrete Mathematics
  Division : CS1
  Teacher  : Dr. Kannan Nithin K. V.
  Required : 1 theory period(s)
  Conflicts:
    • division CS1 timetable completely full on: Mon, Tue, Wed, Thu, Fri
WARNING:timetable_generator_engine:Cannot place theory period:
  Subject  : Discrete Mathematics
  Division : CS1
  Teacher  : Dr. Kannan Nithin K. V.
  Required : 1 theory period(s)
  Conflicts:
    • division CS1 timetable completely full on: Mon, Tue, Wed, Thu, Fri
WARNING:timetable_generator_engine:Cannot place theory period:
  Subject  : Discrete Mathematics
  Division : CS1
  Teacher  : Dr. Kannan Nithin K. V.
  Required : 1 theory period(s)
  Conflicts:
    • division CS1 timetable completely full on: Mon, Tue, Wed, Thu, Fri
WARNING:timetable_generator_engine:Cannot place theory period:
  Subject  : Mathematics for Information Science-2
  Division : CS2
  Teacher  : Ms. Anju Nair
  Required : 1 theory period(s)
  Conflicts:
    • division CS2 timetable completely full on: Mon, Tue, Wed, Thu, Fri
WARNING:timetable_generator_engine:Cannot place theory period:
  Subject  : Chemistry for Information Science
  Division : CS3
  Teacher  : Ms. Reshma R
  Required : 1 theory period(s)
  Conflicts:
    • division CS3 timetable completely full on: Mon, Tue, Wed, Thu, Fri
WARNING:timetable_generator_engine:Cannot place theory period:
  Subject  : Physics for Information Science
  Division : CS3
  Teacher  : Dr. Santhosh M. V.
  Required : 1 theory period(s)
  Conflicts:
    • division CS3 timetable completely full on: Mon, Tue, Wed, Thu, Fri
WARNING:timetable_generator_engine:Cannot place theory period:
  Subject  : Discrete Mathematics
  Division : CS3
  Teacher  : Ms. Resmimol N. R.
  Required : 1 theory period(s)
  Conflicts:
    • division CS3 timetable completely full on: Mon, Tue, Wed, Thu, Fri
WARNING:timetable_generator_engine:Cannot place theory period:
  Subject  : Mathematics for Information Science-2
  Division : CS2
  Teacher  : Ms. Anju Nair
  Required : 1 theory period(s)
  Conflicts:
    • division CS2 timetable completely full on: Mon, Tue, Wed, Thu, Fri
WARNING:timetable_generator_engine:Cannot place theory period:
  Subject  : Mathematics for Information Science-1
  Division : CS4
  Teacher  : Ms. Resmimol N. R.
  Required : 1 theory period(s)
  Conflicts:
    • division CS4 timetable completely full on: Mon, Tue, Wed, Thu, Fri
WARNING:timetable_generator_engine:Cannot place theory period:
  Subject  : Chemistry for Information Science
  Division : CS3
  Teacher  : Ms. Reshma R
  Required : 1 theory period(s)
  Conflicts:
    • division CS3 timetable completely full on: Mon, Tue, Wed, Thu, Fri
WARNING:timetable_generator_engine:Cannot place theory period:
  Subject  : Physics for Information Science
  Division : CS3
  Teacher  : Dr. Santhosh M. V.
  Required : 1 theory period(s)
  Conflicts:
    • division CS3 timetable completely full on: Mon, Tue, Wed, Thu, Fri
WARNING:timetable_generator_engine:Cannot place theory period:
  Subject  : Discrete Mathematics
  Division : CS3
  Teacher  : Ms. Resmimol N. R.
  Required : 1 theory period(s)
  Conflicts:
    • division CS3 timetable completely full on: Mon, Tue, Wed, Thu, Fri
WARNING:timetable_generator_engine:Cannot place theory period:
  Subject  : Mathematics for Information Science-2
  Division : CS2
  Teacher  : Ms. Anju Nair
  Required : 1 theory period(s)
  Conflicts:
    • division CS2 timetable completely full on: Mon, Tue, Wed, Thu, Fri
WARNING:timetable_generator_engine:Cannot place theory period:
  Subject  : Mathematics for Information Science-1
  Division : CS4
  Teacher  : Ms. Resmimol N. R.
  Required : 1 theory period(s)
  Conflicts:
    • division CS4 timetable completely full on: Mon, Tue, Wed, Thu, Fri
WARNING:timetable_generator_engine:Cannot place theory period:
  Subject  : Chemistry for Information Science
  Division : CS3
  Teacher  : Ms. Reshma R
  Required : 1 theory period(s)
  Conflicts:
    • division CS3 timetable completely full on: Mon, Tue, Wed, Thu, Fri
WARNING:timetable_generator_engine:Cannot place theory period:
  Subject  : Physics for Information Science
  Division : CS2
  Teacher  : Dr. Vidya Lekshmi K. P.
  Required : 1 theory period(s)
  Conflicts:
    • division CS2 timetable completely full on: Mon, Tue, Wed, Thu, Fri
WARNING:timetable_generator_engine:Cannot place theory period:
  Subject  : Discrete Mathematics
  Division : CS3
  Teacher  : Ms. Resmimol N. R.
  Required : 1 theory period(s)
  Conflicts:
    • division CS3 timetable completely full on: Mon, Tue, Wed, Thu, Fri
WARNING:timetable_generator_engine:Cannot place theory period:
  Subject  : Mathematics for Information Science-2
  Division : CS2
  Teacher  : Ms. Anju Nair
  Required : 1 theory period(s)
  Conflicts:
    • division CS2 timetable completely full on: Mon, Tue, Wed, Thu, Fri
WARNING:timetable_generator_engine:Cannot place theory period:
  Subject  : Mathematics for Information Science-1
  Division : CS4
  Teacher  : Ms. Resmimol N. R.
  Required : 1 theory period(s)
  Conflicts:
    • division CS4 timetable completely full on: Mon, Tue, Wed, Thu, Fri
WARNING:timetable_generator_engine:Cannot place theory period:
  Subject  : Chemistry for Information Science
  Division : CS3
  Teacher  : Ms. Reshma R
  Required : 1 theory period(s)
  Conflicts:
    • division CS3 timetable completely full on: Mon, Tue, Wed, Thu, Fri
WARNING:timetable_generator_engine:Cannot place theory period:
  Subject  : Physics for Information Science
  Division : CS2
  Teacher  : Dr. Vidya Lekshmi K. P.
  Required : 1 theory period(s)
  Conflicts:
    • division CS2 timetable completely full on: Mon, Tue, Wed, Thu, Fri
WARNING:timetable_generator_engine:Cannot place theory period:
  Subject  : Discrete Mathematics
  Division : CS3
  Teacher  : Ms. Resmimol N. R.
  Required : 1 theory period(s)
  Conflicts:
    • division CS3 timetable completely full on: Mon, Tue, Wed, Thu, Fri
WARNING:timetable_generator_engine:Cannot place theory period:
  Subject  : Mathematics for Information Science-2
  Division : CS2
  Teacher  : Ms. Anju Nair
  Required : 1 theory period(s)
  Conflicts:
    • division CS2 timetable completely full on: Mon, Tue, Wed, Thu, Fri
WARNING:timetable_generator_engine:Cannot place theory period:
  Subject  : Mathematics for Information Science-1
  Division : CS4
  Teacher  : Ms. Resmimol N. R.
  Required : 1 theory period(s)
  Conflicts:
    • division CS4 timetable completely full on: Mon, Tue, Wed, Thu, Fri
WARNING:timetable_generator_engine:Cannot place theory period:
  Subject  : Chemistry for Information Science
  Division : CS3
  Teacher  : Ms. Reshma R
  Required : 1 theory period(s)
  Conflicts:
    • division CS3 timetable completely full on: Mon, Tue, Wed, Thu, Fri
WARNING:timetable_generator_engine:Cannot place theory period:
  Subject  : Physics for Information Science
  Division : CS2
  Teacher  : Dr. Vidya Lekshmi K. P.
  Required : 1 theory period(s)
  Conflicts:
    • division CS2 timetable completely full on: Mon, Tue, Wed, Thu, Fri
WARNING:timetable_generator_engine:Cannot place theory period:
  Subject  : Chemistry for Information Science
  Division : CS4
  Teacher  : Ms. Sophia Cleetus
  Required : 1 theory period(s)
  Conflicts:
    • division CS4 timetable completely full on: Mon, Tue, Wed, Thu, Fri
WARNING:timetable_generator_engine:Cannot place theory period:
  Subject  : Physics for Information Science
  Division : CS2
  Teacher  : Dr. Vidya Lekshmi K. P.
  Required : 1 theory period(s)
  Conflicts:
    • division CS2 timetable completely full on: Mon, Tue, Wed, Thu, Fri
WARNING:timetable_generator_engine:Cannot place theory period:
  Subject  : Chemistry for Information Science
  Division : CS4
  Teacher  : Ms. Sophia Cleetus
  Required : 1 theory period(s)
  Conflicts:
    • division CS4 timetable completely full on: Mon, Tue, Wed, Thu, Fri
WARNING:timetable_generator_engine:Cannot place theory period:
  Subject  : Physics for Information Science
  Division : CS2
  Teacher  : Dr. Vidya Lekshmi K. P.
  Required : 1 theory period(s)
  Conflicts:
    • division CS2 timetable completely full on: Mon, Tue, Wed, Thu, Fri
WARNING:timetable_generator_engine:Cannot place theory period:
  Subject  : Chemistry for Information Science
  Division : CS4
  Teacher  : Ms. Sophia Cleetus
  Required : 1 theory period(s)
  Conflicts:
    • division CS4 timetable completely full on: Mon, Tue, Wed, Thu, Fri
WARNING:timetable_generator_engine:Cannot place theory period:
  Subject  : Physics for Information Science
  Division : CS2
  Teacher  : Dr. Vidya Lekshmi K. P.
  Required : 1 theory period(s)
  Conflicts:
    • division CS2 timetable completely full on: Mon, Tue, Wed, Thu, Fri
WARNING:timetable_generator_engine:Cannot place theory period:
  Subject  : Chemistry for Information Science
  Division : CS4
  Teacher  : Ms. Sophia Cleetus
  Required : 1 theory period(s)
  Conflicts:
    • division CS4 timetable completely full on: Mon, Tue, Wed, Thu, Fri
WARNING:timetable_generator_engine:Cannot place theory period:
  Subject  : Chemistry for Information Science
  Division : CS4
  Teacher  : Ms. Sophia Cleetus
  Required : 1 theory period(s)
  Conflicts:
    • division CS4 timetable completely full on: Mon, Tue, Wed, Thu, Fri
WARNING:timetable_generator_engine:Cannot place theory period:
  Subject  : Chemistry for Information Science
  Division : CS4
  Teacher  : Ms. Sophia Cleetus
  Required : 1 theory period(s)
  Conflicts:
    • division CS4 timetable completely full on: Mon, Tue, Wed, Thu, Fri
WARNING:timetable_generator_engine:Cannot place theory period:
  Subject  : Chemistry for Information Science
  Division : CS4
  Teacher  : Ms. Sophia Cleetus
  Required : 1 theory period(s)
  Conflicts:
    • division CS4 timetable completely full on: Mon, Tue, Wed, Thu, Fri
INFO:timetable_generator_engine:  [relaxed pass] Physics for Information Science / CS1: placing 3 missing period(s)
WARNING:timetable_generator_engine:  [relaxed pass] Cannot place Physics for Information Science / CS1 even with relaxed cap
INFO:timetable_generator_engine:  [relaxed pass] Physics for Information Science / CS3: placing 2 missing period(s)
WARNING:timetable_generator_engine:  [relaxed pass] Cannot place Physics for Information Science / CS3 even with relaxed cap
INFO:timetable_generator_engine:  [relaxed pass] Discrete Mathematics / CS1: placing 5 missing period(s)
WARNING:timetable_generator_engine:  [relaxed pass] Cannot place Discrete Mathematics / CS1 even with relaxed cap
INFO:timetable_generator_engine:  [relaxed pass] Mathematics for Information Science-2 / CS1: placing 1 missing period(s)
WARNING:timetable_generator_engine:  [relaxed pass] Cannot place Mathematics for Information Science-2 / CS1 even with relaxed cap
INFO:timetable_generator_engine:  [relaxed pass] Chemistry for Information Science / CS3: placing 5 missing period(s)
WARNING:timetable_generator_engine:  [relaxed pass] Cannot place Chemistry for Information Science / CS3 even with relaxed cap
INFO:timetable_generator_engine:  [relaxed pass] Mathematics for Information Science-1 / CS1: placing 1 missing period(s)
WARNING:timetable_generator_engine:  [relaxed pass] Cannot place Mathematics for Information Science-1 / CS1 even with relaxed cap
INFO:timetable_generator_engine:  [relaxed pass] Discrete Mathematics / CS3: placing 4 missing period(s)
WARNING:timetable_generator_engine:  [relaxed pass] Cannot place Discrete Mathematics / CS3 even with relaxed cap
INFO:timetable_generator_engine:  [relaxed pass] Engineering Entrepreneurship & IPR / CS1: placing 1 missing period(s)
WARNING:timetable_generator_engine:  [relaxed pass] Cannot place Engineering Entrepreneurship & IPR / CS1 even with relaxed cap
INFO:timetable_generator_engine:  [relaxed pass] Mathematics for Information Science-1 / CS4: placing 4 missing period(s)
WARNING:timetable_generator_engine:  [relaxed pass] Cannot place Mathematics for Information Science-1 / CS4 even with relaxed cap
INFO:timetable_generator_engine:  [relaxed pass] Physics for Information Science / CS2: placing 6 missing period(s)
WARNING:timetable_generator_engine:  [relaxed pass] Cannot place Physics for Information Science / CS2 even with relaxed cap
INFO:timetable_generator_engine:  [relaxed pass] Mathematics for Information Science-2 / CS2: placing 5 missing period(s)
WARNING:timetable_generator_engine:  [relaxed pass] Cannot place Mathematics for Information Science-2 / CS2 even with relaxed cap
INFO:timetable_generator_engine:  [relaxed pass] Chemistry for Information Science / CS4: placing 7 missing period(s)
WARNING:timetable_generator_engine:  [relaxed pass] Cannot place Chemistry for Information Science / CS4 even with relaxed cap
INFO:timetable_generator_engine:  Attempt 9 (seed=478946) score: 91/100
INFO:timetable_generator_engine:Greedy attempt 10/80 …
WARNING:timetable_generator_engine:Cannot place theory period:
  Subject  : Discrete Mathematics
  Division : CS3
  Teacher  : Ms. Resmimol N. R.
  Required : 1 theory period(s)
  Conflicts:
    • division CS3 timetable completely full on: Mon, Tue, Wed, Thu, Fri
WARNING:timetable_generator_engine:Cannot place theory period:
  Subject  : Introduction to Electronics Engineering
  Division : CS3
  Teacher  : Dr. Sreeja K. A.
  Required : 1 theory period(s)
  Conflicts:
    • division CS3 timetable completely full on: Mon, Tue, Wed, Thu, Fri
WARNING:timetable_generator_engine:Cannot place theory period:
  Subject  : Mathematics for Information Science-2
  Division : CS3
  Teacher  : Ms. Jinu M. J.
  Required : 1 theory period(s)
  Conflicts:
    • division CS3 timetable completely full on: Mon, Tue, Wed, Thu, Fri
WARNING:timetable_generator_engine:Cannot place theory period:
  Subject  : Discrete Mathematics
  Division : CS3
  Teacher  : Ms. Resmimol N. R.
  Required : 1 theory period(s)
  Conflicts:
    • division CS3 timetable completely full on: Mon, Tue, Wed, Thu, Fri
WARNING:timetable_generator_engine:Cannot place theory period:
  Subject  : Introduction to Electronics Engineering
  Division : CS3
  Teacher  : Dr. Sreeja K. A.
  Required : 1 theory period(s)
  Conflicts:
    • division CS3 timetable completely full on: Mon, Tue, Wed, Thu, Fri
WARNING:timetable_generator_engine:Cannot place theory period:
  Subject  : Mathematics for Information Science-2
  Division : CS3
  Teacher  : Ms. Jinu M. J.
  Required : 1 theory period(s)
  Conflicts:
    • division CS3 timetable completely full on: Mon, Tue, Wed, Thu, Fri
WARNING:timetable_generator_engine:Cannot place theory period:
  Subject  : Discrete Mathematics
  Division : CS3
  Teacher  : Ms. Resmimol N. R.
  Required : 1 theory period(s)
  Conflicts:
    • division CS3 timetable completely full on: Mon, Tue, Wed, Thu, Fri
WARNING:timetable_generator_engine:Cannot place theory period:
  Subject  : Chemistry for Information Science
  Division : CS4
  Teacher  : Ms. Sophia Cleetus
  Required : 1 theory period(s)
  Conflicts:
    • division CS4 timetable completely full on: Mon, Tue, Wed, Thu, Fri
WARNING:timetable_generator_engine:Cannot place theory period:
  Subject  : Physics for Information Science
  Division : CS4
  Teacher  : Mr. Rahul Ravi
  Required : 1 theory period(s)
  Conflicts:
    • division CS4 timetable completely full on: Mon, Tue, Wed, Thu, Fri
WARNING:timetable_generator_engine:Cannot place theory period:
  Subject  : Mathematics for Information Science-2
  Division : CS3
  Teacher  : Ms. Jinu M. J.
  Required : 1 theory period(s)
  Conflicts:
    • division CS3 timetable completely full on: Mon, Tue, Wed, Thu, Fri
WARNING:timetable_generator_engine:Cannot place theory period:
  Subject  : Discrete Mathematics
  Division : CS3
  Teacher  : Ms. Resmimol N. R.
  Required : 1 theory period(s)
  Conflicts:
    • division CS3 timetable completely full on: Mon, Tue, Wed, Thu, Fri
WARNING:timetable_generator_engine:Cannot place theory period:
  Subject  : Physics for Information Science
  Division : CS4
  Teacher  : Mr. Rahul Ravi
  Required : 1 theory period(s)
  Conflicts:
    • division CS4 timetable completely full on: Mon, Tue, Wed, Thu, Fri
WARNING:timetable_generator_engine:Cannot place theory period:
  Subject  : Mathematics for Information Science-2
  Division : CS3
  Teacher  : Ms. Jinu M. J.
  Required : 1 theory period(s)
  Conflicts:
    • division CS3 timetable completely full on: Mon, Tue, Wed, Thu, Fri
WARNING:timetable_generator_engine:Cannot place theory period:
  Subject  : Discrete Mathematics
  Division : CS3
  Teacher  : Ms. Resmimol N. R.
  Required : 1 theory period(s)
  Conflicts:
    • division CS3 timetable completely full on: Mon, Tue, Wed, Thu, Fri
WARNING:timetable_generator_engine:Cannot place theory period:
  Subject  : Chemistry for Information Science
  Division : CS2
  Teacher  : Ms. Surya K. A.
  Required : 1 theory period(s)
  Conflicts:
    • division CS2 timetable completely full on: Mon, Tue, Wed, Thu, Fri
WARNING:timetable_generator_engine:Cannot place theory period:
  Subject  : Physics for Information Science
  Division : CS4
  Teacher  : Mr. Rahul Ravi
  Required : 1 theory period(s)
  Conflicts:
    • division CS4 timetable completely full on: Mon, Tue, Wed, Thu, Fri
WARNING:timetable_generator_engine:Cannot place theory period:
  Subject  : Mathematics for Information Science-2
  Division : CS2
  Teacher  : Ms. Anju Nair
  Required : 1 theory period(s)
  Conflicts:
    • division CS2 timetable completely full on: Mon, Tue, Wed, Thu, Fri
WARNING:timetable_generator_engine:Cannot place theory period:
  Subject  : Discrete Mathematics
  Division : CS4
  Teacher  : Dr. Mini Tom
  Required : 1 theory period(s)
  Conflicts:
    • division CS4 timetable completely full on: Mon, Tue, Wed, Thu, Fri
WARNING:timetable_generator_engine:Cannot place theory period:
  Subject  : Chemistry for Information Science
  Division : CS2
  Teacher  : Ms. Surya K. A.
  Required : 1 theory period(s)
  Conflicts:
    • division CS2 timetable completely full on: Mon, Tue, Wed, Thu, Fri
WARNING:timetable_generator_engine:Cannot place theory period:
  Subject  : Physics for Information Science
  Division : CS4
  Teacher  : Mr. Rahul Ravi
  Required : 1 theory period(s)
  Conflicts:
    • division CS4 timetable completely full on: Mon, Tue, Wed, Thu, Fri
WARNING:timetable_generator_engine:Cannot place theory period:
  Subject  : Mathematics for Information Science-2
  Division : CS2
  Teacher  : Ms. Anju Nair
  Required : 1 theory period(s)
  Conflicts:
    • division CS2 timetable completely full on: Mon, Tue, Wed, Thu, Fri
WARNING:timetable_generator_engine:Cannot place theory period:
  Subject  : Discrete Mathematics
  Division : CS4
  Teacher  : Dr. Mini Tom
  Required : 1 theory period(s)
  Conflicts:
    • division CS4 timetable completely full on: Mon, Tue, Wed, Thu, Fri
WARNING:timetable_generator_engine:Cannot place theory period:
  Subject  : Chemistry for Information Science
  Division : CS2
  Teacher  : Ms. Surya K. A.
  Required : 1 theory period(s)
  Conflicts:
    • division CS2 timetable completely full on: Mon, Tue, Wed, Thu, Fri
WARNING:timetable_generator_engine:Cannot place theory period:
  Subject  : Physics for Information Science
  Division : CS4
  Teacher  : Mr. Rahul Ravi
  Required : 1 theory period(s)
  Conflicts:
    • division CS4 timetable completely full on: Mon, Tue, Wed, Thu, Fri
WARNING:timetable_generator_engine:Cannot place theory period:
  Subject  : Mathematics for Information Science-2
  Division : CS2
  Teacher  : Ms. Anju Nair
  Required : 1 theory period(s)
  Conflicts:
    • division CS2 timetable completely full on: Mon, Tue, Wed, Thu, Fri
WARNING:timetable_generator_engine:Cannot place theory period:
  Subject  : Discrete Mathematics
  Division : CS4
  Teacher  : Dr. Mini Tom
  Required : 1 theory period(s)
  Conflicts:
    • division CS4 timetable completely full on: Mon, Tue, Wed, Thu, Fri
WARNING:timetable_generator_engine:Cannot place theory period:
  Subject  : Chemistry for Information Science
  Division : CS2
  Teacher  : Ms. Surya K. A.
  Required : 1 theory period(s)
  Conflicts:
    • division CS2 timetable completely full on: Mon, Tue, Wed, Thu, Fri
WARNING:timetable_generator_engine:Cannot place theory period:
  Subject  : Mathematics for Information Science-2
  Division : CS2
  Teacher  : Ms. Anju Nair
  Required : 1 theory period(s)
  Conflicts:
    • division CS2 timetable completely full on: Mon, Tue, Wed, Thu, Fri
WARNING:timetable_generator_engine:Cannot place theory period:
  Subject  : Discrete Mathematics
  Division : CS4
  Teacher  : Dr. Mini Tom
  Required : 1 theory period(s)
  Conflicts:
    • division CS4 timetable completely full on: Mon, Tue, Wed, Thu, Fri
WARNING:timetable_generator_engine:Cannot place theory period:
  Subject  : Chemistry for Information Science
  Division : CS2
  Teacher  : Ms. Surya K. A.
  Required : 1 theory period(s)
  Conflicts:
    • division CS2 timetable completely full on: Mon, Tue, Wed, Thu, Fri
WARNING:timetable_generator_engine:Cannot place theory period:
  Subject  : Mathematics for Information Science-2
  Division : CS2
  Teacher  : Ms. Anju Nair
  Required : 1 theory period(s)
  Conflicts:
    • division CS2 timetable completely full on: Mon, Tue, Wed, Thu, Fri
WARNING:timetable_generator_engine:Cannot place theory period:
  Subject  : Discrete Mathematics
  Division : CS4
  Teacher  : Dr. Mini Tom
  Required : 1 theory period(s)
  Conflicts:
    • division CS4 timetable completely full on: Mon, Tue, Wed, Thu, Fri
WARNING:timetable_generator_engine:Cannot place theory period:
  Subject  : Chemistry for Information Science
  Division : CS2
  Teacher  : Ms. Surya K. A.
  Required : 1 theory period(s)
  Conflicts:
    • division CS2 timetable completely full on: Mon, Tue, Wed, Thu, Fri
WARNING:timetable_generator_engine:Cannot place theory period:
  Subject  : Physics for Information Science
  Division : CS1
  Teacher  : Dr. Nithya Mohan
  Required : 1 theory period(s)
  Conflicts:
    • division CS1 timetable completely full on: Mon, Tue, Wed, Thu, Fri
WARNING:timetable_generator_engine:Cannot place theory period:
  Subject  : Chemistry for Information Science
  Division : CS1
  Teacher  : Dr. Mini Tom
  Required : 1 theory period(s)
  Conflicts:
    • division CS1 timetable completely full on: Mon, Tue, Wed, Thu, Fri
WARNING:timetable_generator_engine:Cannot place theory period:
  Subject  : Physics for Information Science
  Division : CS1
  Teacher  : Dr. Nithya Mohan
  Required : 1 theory period(s)
  Conflicts:
    • division CS1 timetable completely full on: Mon, Tue, Wed, Thu, Fri
WARNING:timetable_generator_engine:Cannot place theory period:
  Subject  : Chemistry for Information Science
  Division : CS1
  Teacher  : Dr. Mini Tom
  Required : 1 theory period(s)
  Conflicts:
    • division CS1 timetable completely full on: Mon, Tue, Wed, Thu, Fri
WARNING:timetable_generator_engine:Cannot place theory period:
  Subject  : Physics for Information Science
  Division : CS1
  Teacher  : Dr. Nithya Mohan
  Required : 1 theory period(s)
  Conflicts:
    • division CS1 timetable completely full on: Mon, Tue, Wed, Thu, Fri
WARNING:timetable_generator_engine:Cannot place theory period:
  Subject  : Chemistry for Information Science
  Division : CS1
  Teacher  : Dr. Mini Tom
  Required : 1 theory period(s)
  Conflicts:
    • division CS1 timetable completely full on: Mon, Tue, Wed, Thu, Fri
WARNING:timetable_generator_engine:Cannot place theory period:
  Subject  : Physics for Information Science
  Division : CS1
  Teacher  : Dr. Nithya Mohan
  Required : 1 theory period(s)
  Conflicts:
    • division CS1 timetable completely full on: Mon, Tue, Wed, Thu, Fri
WARNING:timetable_generator_engine:Cannot place theory period:
  Subject  : Chemistry for Information Science
  Division : CS1
  Teacher  : Dr. Mini Tom
  Required : 1 theory period(s)
  Conflicts:
    • division CS1 timetable completely full on: Mon, Tue, Wed, Thu, Fri
WARNING:timetable_generator_engine:Cannot place theory period:
  Subject  : Chemistry for Information Science
  Division : CS1
  Teacher  : Dr. Mini Tom
  Required : 1 theory period(s)
  Conflicts:
    • division CS1 timetable completely full on: Mon, Tue, Wed, Thu, Fri
WARNING:timetable_generator_engine:Cannot place theory period:
  Subject  : Chemistry for Information Science
  Division : CS1
  Teacher  : Dr. Mini Tom
  Required : 1 theory period(s)
  Conflicts:
    • division CS1 timetable completely full on: Mon, Tue, Wed, Thu, Fri
WARNING:timetable_generator_engine:Cannot place theory period:
  Subject  : Chemistry for Information Science
  Division : CS1
  Teacher  : Dr. Mini Tom
  Required : 1 theory period(s)
  Conflicts:
    • division CS1 timetable completely full on: Mon, Tue, Wed, Thu, Fri
INFO:timetable_generator_engine:  [relaxed pass] Mathematics for Information Science-2 / CS3: placing 4 missing period(s)
WARNING:timetable_generator_engine:  [relaxed pass] Cannot place Mathematics for Information Science-2 / CS3 even with relaxed cap
INFO:timetable_generator_engine:  [relaxed pass] Discrete Mathematics / CS3: placing 5 missing period(s)
WARNING:timetable_generator_engine:  [relaxed pass] Cannot place Discrete Mathematics / CS3 even with relaxed cap
INFO:timetable_generator_engine:  [relaxed pass] Discrete Mathematics / CS4: placing 5 missing period(s)
WARNING:timetable_generator_engine:  [relaxed pass] Cannot place Discrete Mathematics / CS4 even with relaxed cap
INFO:timetable_generator_engine:  [relaxed pass] Chemistry for Information Science / CS4: placing 1 missing period(s)
WARNING:timetable_generator_engine:  [relaxed pass] Cannot place Chemistry for Information Science / CS4 even with relaxed cap
INFO:timetable_generator_engine:  [relaxed pass] Physics for Information Science / CS4: placing 5 missing period(s)
WARNING:timetable_generator_engine:  [relaxed pass] Cannot place Physics for Information Science / CS4 even with relaxed cap
INFO:timetable_generator_engine:  [relaxed pass] Mathematics for Information Science-2 / CS2: placing 5 missing period(s)
WARNING:timetable_generator_engine:  [relaxed pass] Cannot place Mathematics for Information Science-2 / CS2 even with relaxed cap
INFO:timetable_generator_engine:  [relaxed pass] Physics for Information Science / CS1: placing 4 missing period(s)
WARNING:timetable_generator_engine:  [relaxed pass] Cannot place Physics for Information Science / CS1 even with relaxed cap
INFO:timetable_generator_engine:  [relaxed pass] Chemistry for Information Science / CS2: placing 6 missing period(s)
WARNING:timetable_generator_engine:  [relaxed pass] Cannot place Chemistry for Information Science / CS2 even with relaxed cap
INFO:timetable_generator_engine:  [relaxed pass] Chemistry for Information Science / CS1: placing 7 missing period(s)
WARNING:timetable_generator_engine:  [relaxed pass] Cannot place Chemistry for Information Science / CS1 even with relaxed cap
INFO:timetable_generator_engine:  [relaxed pass] Introduction to Electronics Engineering / CS3: placing 2 missing period(s)
WARNING:timetable_generator_engine:  [relaxed pass] Cannot place Introduction to Electronics Engineering / CS3 even with relaxed cap
INFO:timetable_generator_engine:  Attempt 10 (seed=324169) score: 88/100
INFO:timetable_generator_engine:Greedy attempt 11/80 …
WARNING:timetable_generator_engine:Cannot place theory period:
  Subject  : Physics for Information Science
  Division : CS2
  Teacher  : Dr. Vidya Lekshmi K. P.
  Required : 1 theory period(s)
  Conflicts:
    • division CS2 timetable completely full on: Mon, Tue, Wed, Thu, Fri
WARNING:timetable_generator_engine:Cannot place theory period:
  Subject  : Introduction to Electronics Engineering
  Division : CS2
  Teacher  : Ms. Retty George
  Required : 1 theory period(s)
  Conflicts:
    • division CS2 timetable completely full on: Mon, Tue, Wed, Thu, Fri
WARNING:timetable_generator_engine:Cannot place theory period:
  Subject  : Chemistry for Information Science
  Division : CS4
  Teacher  : Ms. Sophia Cleetus
  Required : 1 theory period(s)
  Conflicts:
    • division CS4 timetable completely full on: Mon, Tue, Wed, Thu, Fri
WARNING:timetable_generator_engine:Cannot place theory period:
  Subject  : Physics for Information Science
  Division : CS2
  Teacher  : Dr. Vidya Lekshmi K. P.
  Required : 1 theory period(s)
  Conflicts:
    • division CS2 timetable completely full on: Mon, Tue, Wed, Thu, Fri
WARNING:timetable_generator_engine:Cannot place theory period:
  Subject  : Engineering Entrepreneurship & IPR
  Division : CS4
  Teacher  : Dr. Nuja M. Unnikrishnan
  Required : 1 theory period(s)
  Conflicts:
    • division CS4 timetable completely full on: Mon, Tue, Wed, Thu, Fri
WARNING:timetable_generator_engine:Cannot place theory period:
  Subject  : Introduction to Electronics Engineering
  Division : CS2
  Teacher  : Ms. Retty George
  Required : 1 theory period(s)
  Conflicts:
    • division CS2 timetable completely full on: Mon, Tue, Wed, Thu, Fri
WARNING:timetable_generator_engine:Cannot place theory period:
  Subject  : Introduction to Electrical Engineering
  Division : CS4
  Teacher  : Dr. Jayanand B.
  Required : 1 theory period(s)
  Conflicts:
    • division CS4 timetable completely full on: Mon, Tue, Wed, Thu, Fri
WARNING:timetable_generator_engine:Cannot place theory period:
  Subject  : Chemistry for Information Science
  Division : CS4
  Teacher  : Ms. Sophia Cleetus
  Required : 1 theory period(s)
  Conflicts:
    • division CS4 timetable completely full on: Mon, Tue, Wed, Thu, Fri
WARNING:timetable_generator_engine:Cannot place theory period:
  Subject  : Chemistry for Information Science
  Division : CS4
  Teacher  : Ms. Sophia Cleetus
  Required : 1 theory period(s)
  Conflicts:
    • division CS4 timetable completely full on: Mon, Tue, Wed, Thu, Fri
WARNING:timetable_generator_engine:Cannot place theory period:
  Subject  : Mathematics for Information Science-2
  Division : CS1
  Teacher  : Dr. Geethu R.
  Required : 1 theory period(s)
  Conflicts:
    • division CS1 timetable completely full on: Mon, Tue, Wed, Thu, Fri
WARNING:timetable_generator_engine:Cannot place theory period:
  Subject  : Discrete Mathematics
  Division : CS1
  Teacher  : Dr. Kannan Nithin K. V.
  Required : 1 theory period(s)
  Conflicts:
    • division CS1 timetable completely full on: Mon, Tue, Wed, Thu, Fri
WARNING:timetable_generator_engine:Cannot place theory period:
  Subject  : Chemistry for Information Science
  Division : CS1
  Teacher  : Dr. Mini Tom
  Required : 1 theory period(s)
  Conflicts:
    • division CS1 timetable completely full on: Mon, Tue, Wed, Thu, Fri
WARNING:timetable_generator_engine:Cannot place theory period:
  Subject  : Physics for Information Science
  Division : CS1
  Teacher  : Dr. Nithya Mohan
  Required : 1 theory period(s)
  Conflicts:
    • division CS1 timetable completely full on: Mon, Tue, Wed, Thu, Fri
WARNING:timetable_generator_engine:Cannot place theory period:
  Subject  : Chemistry for Information Science
  Division : CS1
  Teacher  : Dr. Mini Tom
  Required : 1 theory period(s)
  Conflicts:
    • division CS1 timetable completely full on: Mon, Tue, Wed, Thu, Fri
WARNING:timetable_generator_engine:Cannot place theory period:
  Subject  : Physics for Information Science
  Division : CS1
  Teacher  : Dr. Nithya Mohan
  Required : 1 theory period(s)
  Conflicts:
    • division CS1 timetable completely full on: Mon, Tue, Wed, Thu, Fri
WARNING:timetable_generator_engine:Cannot place theory period:
  Subject  : Mathematics for Information Science-2
  Division : CS3
  Teacher  : Ms. Jinu M. J.
  Required : 1 theory period(s)
  Conflicts:
    • division CS3 timetable completely full on: Mon, Tue, Wed, Thu, Fri
WARNING:timetable_generator_engine:Cannot place theory period:
  Subject  : Discrete Mathematics
  Division : CS3
  Teacher  : Ms. Resmimol N. R.
  Required : 1 theory period(s)
  Conflicts:
    • division CS3 timetable completely full on: Mon, Tue, Wed, Thu, Fri
WARNING:timetable_generator_engine:Cannot place theory period:
  Subject  : Chemistry for Information Science
  Division : CS1
  Teacher  : Dr. Mini Tom
  Required : 1 theory period(s)
  Conflicts:
    • division CS1 timetable completely full on: Mon, Tue, Wed, Thu, Fri
WARNING:timetable_generator_engine:Cannot place theory period:
  Subject  : Physics for Information Science
  Division : CS1
  Teacher  : Dr. Nithya Mohan
  Required : 1 theory period(s)
  Conflicts:
    • division CS1 timetable completely full on: Mon, Tue, Wed, Thu, Fri
WARNING:timetable_generator_engine:Cannot place theory period:
  Subject  : Mathematics for Information Science-1
  Division : CS3
  Teacher  : Mr. Mohamed Akbar V. K.
  Required : 1 theory period(s)
  Conflicts:
    • division CS3 timetable completely full on: Mon, Tue, Wed, Thu, Fri
WARNING:timetable_generator_engine:Cannot place theory period:
  Subject  : Mathematics for Information Science-2
  Division : CS3
  Teacher  : Ms. Jinu M. J.
  Required : 1 theory period(s)
  Conflicts:
    • division CS3 timetable completely full on: Mon, Tue, Wed, Thu, Fri
WARNING:timetable_generator_engine:Cannot place theory period:
  Subject  : Discrete Mathematics
  Division : CS3
  Teacher  : Ms. Resmimol N. R.
  Required : 1 theory period(s)
  Conflicts:
    • division CS3 timetable completely full on: Mon, Tue, Wed, Thu, Fri
WARNING:timetable_generator_engine:Cannot place theory period:
  Subject  : Chemistry for Information Science
  Division : CS1
  Teacher  : Dr. Mini Tom
  Required : 1 theory period(s)
  Conflicts:
    • division CS1 timetable completely full on: Mon, Tue, Wed, Thu, Fri
WARNING:timetable_generator_engine:Cannot place theory period:
  Subject  : Physics for Information Science
  Division : CS4
  Teacher  : Mr. Rahul Ravi
  Required : 1 theory period(s)
  Conflicts:
    • division CS4 timetable completely full on: Mon, Tue, Wed, Thu, Fri
WARNING:timetable_generator_engine:Cannot place theory period:
  Subject  : Mathematics for Information Science-1
  Division : CS3
  Teacher  : Mr. Mohamed Akbar V. K.
  Required : 1 theory period(s)
  Conflicts:
    • division CS3 timetable completely full on: Mon, Tue, Wed, Thu, Fri
WARNING:timetable_generator_engine:Cannot place theory period:
  Subject  : Mathematics for Information Science-2
  Division : CS3
  Teacher  : Ms. Jinu M. J.
  Required : 1 theory period(s)
  Conflicts:
    • division CS3 timetable completely full on: Mon, Tue, Wed, Thu, Fri
WARNING:timetable_generator_engine:Cannot place theory period:
  Subject  : Discrete Mathematics
  Division : CS3
  Teacher  : Ms. Resmimol N. R.
  Required : 1 theory period(s)
  Conflicts:
    • division CS3 timetable completely full on: Mon, Tue, Wed, Thu, Fri
WARNING:timetable_generator_engine:Cannot place theory period:
  Subject  : Chemistry for Information Science
  Division : CS1
  Teacher  : Dr. Mini Tom
  Required : 1 theory period(s)
  Conflicts:
    • division CS1 timetable completely full on: Mon, Tue, Wed, Thu, Fri
WARNING:timetable_generator_engine:Cannot place theory period:
  Subject  : Physics for Information Science
  Division : CS4
  Teacher  : Mr. Rahul Ravi
  Required : 1 theory period(s)
  Conflicts:
    • division CS4 timetable completely full on: Mon, Tue, Wed, Thu, Fri
WARNING:timetable_generator_engine:Cannot place theory period:
  Subject  : Mathematics for Information Science-1
  Division : CS3
  Teacher  : Mr. Mohamed Akbar V. K.
  Required : 1 theory period(s)
  Conflicts:
    • division CS3 timetable completely full on: Mon, Tue, Wed, Thu, Fri
WARNING:timetable_generator_engine:Cannot place theory period:
  Subject  : Mathematics for Information Science-2
  Division : CS3
  Teacher  : Ms. Jinu M. J.
  Required : 1 theory period(s)
  Conflicts:
    • division CS3 timetable completely full on: Mon, Tue, Wed, Thu, Fri
WARNING:timetable_generator_engine:Cannot place theory period:
  Subject  : Discrete Mathematics
  Division : CS3
  Teacher  : Ms. Resmimol N. R.
  Required : 1 theory period(s)
  Conflicts:
    • division CS3 timetable completely full on: Mon, Tue, Wed, Thu, Fri
WARNING:timetable_generator_engine:Cannot place theory period:
  Subject  : Chemistry for Information Science
  Division : CS1
  Teacher  : Dr. Mini Tom
  Required : 1 theory period(s)
  Conflicts:
    • division CS1 timetable completely full on: Mon, Tue, Wed, Thu, Fri
WARNING:timetable_generator_engine:Cannot place theory period:
  Subject  : Physics for Information Science
  Division : CS4
  Teacher  : Mr. Rahul Ravi
  Required : 1 theory period(s)
  Conflicts:
    • division CS4 timetable completely full on: Mon, Tue, Wed, Thu, Fri
WARNING:timetable_generator_engine:Cannot place theory period:
  Subject  : Chemistry for Information Science
  Division : CS2
  Teacher  : Ms. Surya K. A.
  Required : 1 theory period(s)
  Conflicts:
    • division CS2 timetable completely full on: Mon, Tue, Wed, Thu, Fri
WARNING:timetable_generator_engine:Cannot place theory period:
  Subject  : Physics for Information Science
  Division : CS4
  Teacher  : Mr. Rahul Ravi
  Required : 1 theory period(s)
  Conflicts:
    • division CS4 timetable completely full on: Mon, Tue, Wed, Thu, Fri
WARNING:timetable_generator_engine:Cannot place theory period:
  Subject  : Chemistry for Information Science
  Division : CS2
  Teacher  : Ms. Surya K. A.
  Required : 1 theory period(s)
  Conflicts:
    • division CS2 timetable completely full on: Mon, Tue, Wed, Thu, Fri
WARNING:timetable_generator_engine:Cannot place theory period:
  Subject  : Physics for Information Science
  Division : CS4
  Teacher  : Mr. Rahul Ravi
  Required : 1 theory period(s)
  Conflicts:
    • division CS4 timetable completely full on: Mon, Tue, Wed, Thu, Fri
WARNING:timetable_generator_engine:Cannot place theory period:
  Subject  : Chemistry for Information Science
  Division : CS2
  Teacher  : Ms. Surya K. A.
  Required : 1 theory period(s)
  Conflicts:
    • division CS2 timetable completely full on: Mon, Tue, Wed, Thu, Fri
WARNING:timetable_generator_engine:Cannot place theory period:
  Subject  : Physics for Information Science
  Division : CS4
  Teacher  : Mr. Rahul Ravi
  Required : 1 theory period(s)
  Conflicts:
    • division CS4 timetable completely full on: Mon, Tue, Wed, Thu, Fri
WARNING:timetable_generator_engine:Cannot place theory period:
  Subject  : Chemistry for Information Science
  Division : CS2
  Teacher  : Ms. Surya K. A.
  Required : 1 theory period(s)
  Conflicts:
    • division CS2 timetable completely full on: Mon, Tue, Wed, Thu, Fri
WARNING:timetable_generator_engine:Cannot place theory period:
  Subject  : Chemistry for Information Science
  Division : CS2
  Teacher  : Ms. Surya K. A.
  Required : 1 theory period(s)
  Conflicts:
    • division CS2 timetable completely full on: Mon, Tue, Wed, Thu, Fri
WARNING:timetable_generator_engine:Cannot place theory period:
  Subject  : Chemistry for Information Science
  Division : CS2
  Teacher  : Ms. Surya K. A.
  Required : 1 theory period(s)
  Conflicts:
    • division CS2 timetable completely full on: Mon, Tue, Wed, Thu, Fri
WARNING:timetable_generator_engine:Cannot place theory period:
  Subject  : Chemistry for Information Science
  Division : CS2
  Teacher  : Ms. Surya K. A.
  Required : 1 theory period(s)
  Conflicts:
    • division CS2 timetable completely full on: Mon, Tue, Wed, Thu, Fri
INFO:timetable_generator_engine:  [relaxed pass] Physics for Information Science / CS2: placing 2 missing period(s)
WARNING:timetable_generator_engine:  [relaxed pass] Cannot place Physics for Information Science / CS2 even with relaxed cap
INFO:timetable_generator_engine:  [relaxed pass] Chemistry for Information Science / CS4: placing 3 missing period(s)
WARNING:timetable_generator_engine:  [relaxed pass] Cannot place Chemistry for Information Science / CS4 even with relaxed cap
INFO:timetable_generator_engine:  [relaxed pass] Physics for Information Science / CS1: placing 3 missing period(s)
WARNING:timetable_generator_engine:  [relaxed pass] Cannot place Physics for Information Science / CS1 even with relaxed cap
INFO:timetable_generator_engine:  [relaxed pass] Engineering Entrepreneurship & IPR / CS4: placing 1 missing period(s)
WARNING:timetable_generator_engine:  [relaxed pass] Cannot place Engineering Entrepreneurship & IPR / CS4 even with relaxed cap
INFO:timetable_generator_engine:  [relaxed pass] Chemistry for Information Science / CS1: placing 6 missing period(s)
WARNING:timetable_generator_engine:  [relaxed pass] Cannot place Chemistry for Information Science / CS1 even with relaxed cap
INFO:timetable_generator_engine:  [relaxed pass] Physics for Information Science / CS4: placing 6 missing period(s)
WARNING:timetable_generator_engine:  [relaxed pass] Cannot place Physics for Information Science / CS4 even with relaxed cap
INFO:timetable_generator_engine:  [relaxed pass] Mathematics for Information Science-2 / CS1: placing 1 missing period(s)
WARNING:timetable_generator_engine:  [relaxed pass] Cannot place Mathematics for Information Science-2 / CS1 even with relaxed cap
INFO:timetable_generator_engine:  [relaxed pass] Introduction to Electrical Engineering / CS4: placing 1 missing period(s)
WARNING:timetable_generator_engine:  [relaxed pass] Cannot place Introduction to Electrical Engineering / CS4 even with relaxed cap
INFO:timetable_generator_engine:  [relaxed pass] Mathematics for Information Science-1 / CS3: placing 3 missing period(s)
WARNING:timetable_generator_engine:  [relaxed pass] Cannot place Mathematics for Information Science-1 / CS3 even with relaxed cap
INFO:timetable_generator_engine:  [relaxed pass] Introduction to Electronics Engineering / CS2: placing 2 missing period(s)
WARNING:timetable_generator_engine:  [relaxed pass] Cannot place Introduction to Electronics Engineering / CS2 even with relaxed cap
INFO:timetable_generator_engine:  [relaxed pass] Discrete Mathematics / CS1: placing 1 missing period(s)
WARNING:timetable_generator_engine:  [relaxed pass] Cannot place Discrete Mathematics / CS1 even with relaxed cap
INFO:timetable_generator_engine:  [relaxed pass] Mathematics for Information Science-2 / CS3: placing 4 missing period(s)
WARNING:timetable_generator_engine:  [relaxed pass] Cannot place Mathematics for Information Science-2 / CS3 even with relaxed cap
INFO:timetable_generator_engine:  [relaxed pass] Discrete Mathematics / CS3: placing 4 missing period(s)
WARNING:timetable_generator_engine:  [relaxed pass] Cannot place Discrete Mathematics / CS3 even with relaxed cap
INFO:timetable_generator_engine:  [relaxed pass] Chemistry for Information Science / CS2: placing 7 missing period(s)
WARNING:timetable_generator_engine:  [relaxed pass] Cannot place Chemistry for Information Science / CS2 even with relaxed cap
INFO:timetable_generator_engine:  Attempt 11 (seed=304067) score: 91/100
INFO:timetable_generator_engine:Greedy attempt 12/80 …
WARNING:timetable_generator_engine:Cannot place theory period:
  Subject  : Mathematics for Information Science-1
  Division : CS2
  Teacher  : Mr. Rahul Ravi
  Required : 1 theory period(s)
  Conflicts:
    • division CS2 timetable completely full on: Mon, Tue, Wed, Thu, Fri
WARNING:timetable_generator_engine:Cannot place theory period:
  Subject  : Introduction to Electrical Engineering
  Division : CS2
  Teacher  : Mr. Varun Jose
  Required : 1 theory period(s)
  Conflicts:
    • division CS2 timetable completely full on: Mon, Tue, Wed, Thu, Fri
WARNING:timetable_generator_engine:Cannot place theory period:
  Subject  : Introduction to Electronics Engineering
  Division : CS2
  Teacher  : Ms. Retty George
  Required : 1 theory period(s)
  Conflicts:
    • division CS2 timetable completely full on: Mon, Tue, Wed, Thu, Fri
WARNING:timetable_generator_engine:Cannot place theory period:
  Subject  : Chemistry for Information Science
  Division : CS2
  Teacher  : Ms. Surya K. A.
  Required : 1 theory period(s)
  Conflicts:
    • division CS2 timetable completely full on: Mon, Tue, Wed, Thu, Fri
WARNING:timetable_generator_engine:Cannot place theory period:
  Subject  : Mathematics for Information Science-2
  Division : CS2
  Teacher  : Ms. Anju Nair
  Required : 1 theory period(s)
  Conflicts:
    • division CS2 timetable completely full on: Mon, Tue, Wed, Thu, Fri
WARNING:timetable_generator_engine:Cannot place theory period:
  Subject  : Mathematics for Information Science-1
  Division : CS2
  Teacher  : Mr. Rahul Ravi
  Required : 1 theory period(s)
  Conflicts:
    • division CS2 timetable completely full on: Mon, Tue, Wed, Thu, Fri
WARNING:timetable_generator_engine:Cannot place theory period:
  Subject  : Chemistry for Information Science
  Division : CS2
  Teacher  : Ms. Surya K. A.
  Required : 1 theory period(s)
  Conflicts:
    • division CS2 timetable completely full on: Mon, Tue, Wed, Thu, Fri
WARNING:timetable_generator_engine:Cannot place theory period:
  Subject  : Mathematics for Information Science-2
  Division : CS2
  Teacher  : Ms. Anju Nair
  Required : 1 theory period(s)
  Conflicts:
    • division CS2 timetable completely full on: Mon, Tue, Wed, Thu, Fri
WARNING:timetable_generator_engine:Cannot place theory period:
  Subject  : Mathematics for Information Science-1
  Division : CS2
  Teacher  : Mr. Rahul Ravi
  Required : 1 theory period(s)
  Conflicts:
    • division CS2 timetable completely full on: Mon, Tue, Wed, Thu, Fri
WARNING:timetable_generator_engine:Cannot place theory period:
  Subject  : Physics for Information Science
  Division : CS1
  Teacher  : Dr. Nithya Mohan
  Required : 1 theory period(s)
  Conflicts:
    • division CS1 timetable completely full on: Mon, Tue, Wed, Thu, Fri
WARNING:timetable_generator_engine:Cannot place theory period:
  Subject  : Mathematics for Information Science-2
  Division : CS2
  Teacher  : Ms. Anju Nair
  Required : 1 theory period(s)
  Conflicts:
    • division CS2 timetable completely full on: Mon, Tue, Wed, Thu, Fri
WARNING:timetable_generator_engine:Cannot place theory period:
  Subject  : Mathematics for Information Science-1
  Division : CS2
  Teacher  : Mr. Rahul Ravi
  Required : 1 theory period(s)
  Conflicts:
    • division CS2 timetable completely full on: Mon, Tue, Wed, Thu, Fri
WARNING:timetable_generator_engine:Cannot place theory period:
  Subject  : Physics for Information Science
  Division : CS1
  Teacher  : Dr. Nithya Mohan
  Required : 1 theory period(s)
  Conflicts:
    • division CS1 timetable completely full on: Mon, Tue, Wed, Thu, Fri
WARNING:timetable_generator_engine:Cannot place theory period:
  Subject  : Mathematics for Information Science-1
  Division : CS4
  Teacher  : Ms. Resmimol N. R.
  Required : 1 theory period(s)
  Conflicts:
    • division CS4 timetable completely full on: Mon, Tue, Wed, Thu, Fri
WARNING:timetable_generator_engine:Cannot place theory period:
  Subject  : Physics for Information Science
  Division : CS1
  Teacher  : Dr. Nithya Mohan
  Required : 1 theory period(s)
  Conflicts:
    • division CS1 timetable completely full on: Mon, Tue, Wed, Thu, Fri
WARNING:timetable_generator_engine:Cannot place theory period:
  Subject  : Mathematics for Information Science-1
  Division : CS4
  Teacher  : Ms. Resmimol N. R.
  Required : 1 theory period(s)
  Conflicts:
    • division CS4 timetable completely full on: Mon, Tue, Wed, Thu, Fri
WARNING:timetable_generator_engine:Cannot place theory period:
  Subject  : Discrete Mathematics
  Division : CS3
  Teacher  : Ms. Resmimol N. R.
  Required : 1 theory period(s)
  Conflicts:
    • division CS3 timetable completely full on: Mon, Tue, Wed, Thu, Fri
WARNING:timetable_generator_engine:Cannot place theory period:
  Subject  : Chemistry for Information Science
  Division : CS3
  Teacher  : Ms. Reshma R
  Required : 1 theory period(s)
  Conflicts:
    • division CS3 timetable completely full on: Mon, Tue, Wed, Thu, Fri
WARNING:timetable_generator_engine:Cannot place theory period:
  Subject  : Physics for Information Science
  Division : CS1
  Teacher  : Dr. Nithya Mohan
  Required : 1 theory period(s)
  Conflicts:
    • division CS1 timetable completely full on: Mon, Tue, Wed, Thu, Fri
WARNING:timetable_generator_engine:Cannot place theory period:
  Subject  : Mathematics for Information Science-2
  Division : CS3
  Teacher  : Ms. Jinu M. J.
  Required : 1 theory period(s)
  Conflicts:
    • division CS3 timetable completely full on: Mon, Tue, Wed, Thu, Fri
WARNING:timetable_generator_engine:Cannot place theory period:
  Subject  : Mathematics for Information Science-1
  Division : CS4
  Teacher  : Ms. Resmimol N. R.
  Required : 1 theory period(s)
  Conflicts:
    • division CS4 timetable completely full on: Mon, Tue, Wed, Thu, Fri
WARNING:timetable_generator_engine:Cannot place theory period:
  Subject  : Discrete Mathematics
  Division : CS3
  Teacher  : Ms. Resmimol N. R.
  Required : 1 theory period(s)
  Conflicts:
    • division CS3 timetable completely full on: Mon, Tue, Wed, Thu, Fri
WARNING:timetable_generator_engine:Cannot place theory period:
  Subject  : Chemistry for Information Science
  Division : CS3
  Teacher  : Ms. Reshma R
  Required : 1 theory period(s)
  Conflicts:
    • division CS3 timetable completely full on: Mon, Tue, Wed, Thu, Fri
WARNING:timetable_generator_engine:Cannot place theory period:
  Subject  : Physics for Information Science
  Division : CS4
  Teacher  : Mr. Rahul Ravi
  Required : 1 theory period(s)
  Conflicts:
    • division CS4 timetable completely full on: Mon, Tue, Wed, Thu, Fri
WARNING:timetable_generator_engine:Cannot place theory period:
  Subject  : Mathematics for Information Science-2
  Division : CS3
  Teacher  : Ms. Jinu M. J.
  Required : 1 theory period(s)
  Conflicts:
    • division CS3 timetable completely full on: Mon, Tue, Wed, Thu, Fri
WARNING:timetable_generator_engine:Cannot place theory period:
  Subject  : Mathematics for Information Science-1
  Division : CS4
  Teacher  : Ms. Resmimol N. R.
  Required : 1 theory period(s)
  Conflicts:
    • division CS4 timetable completely full on: Mon, Tue, Wed, Thu, Fri
WARNING:timetable_generator_engine:Cannot place theory period:
  Subject  : Discrete Mathematics
  Division : CS3
  Teacher  : Ms. Resmimol N. R.
  Required : 1 theory period(s)
  Conflicts:
    • division CS3 timetable completely full on: Mon, Tue, Wed, Thu, Fri
WARNING:timetable_generator_engine:Cannot place theory period:
  Subject  : Chemistry for Information Science
  Division : CS3
  Teacher  : Ms. Reshma R
  Required : 1 theory period(s)
  Conflicts:
    • division CS3 timetable completely full on: Mon, Tue, Wed, Thu, Fri
WARNING:timetable_generator_engine:Cannot place theory period:
  Subject  : Physics for Information Science
  Division : CS4
  Teacher  : Mr. Rahul Ravi
  Required : 1 theory period(s)
  Conflicts:
    • division CS4 timetable completely full on: Mon, Tue, Wed, Thu, Fri
WARNING:timetable_generator_engine:Cannot place theory period:
  Subject  : Mathematics for Information Science-2
  Division : CS3
  Teacher  : Ms. Jinu M. J.
  Required : 1 theory period(s)
  Conflicts:
    • division CS3 timetable completely full on: Mon, Tue, Wed, Thu, Fri
WARNING:timetable_generator_engine:Cannot place theory period:
  Subject  : Mathematics for Information Science-1
  Division : CS4
  Teacher  : Ms. Resmimol N. R.
  Required : 1 theory period(s)
  Conflicts:
    • division CS4 timetable completely full on: Mon, Tue, Wed, Thu, Fri
WARNING:timetable_generator_engine:Cannot place theory period:
  Subject  : Discrete Mathematics
  Division : CS3
  Teacher  : Ms. Resmimol N. R.
  Required : 1 theory period(s)
  Conflicts:
    • division CS3 timetable completely full on: Mon, Tue, Wed, Thu, Fri
WARNING:timetable_generator_engine:Cannot place theory period:
  Subject  : Chemistry for Information Science
  Division : CS3
  Teacher  : Ms. Reshma R
  Required : 1 theory period(s)
  Conflicts:
    • division CS3 timetable completely full on: Mon, Tue, Wed, Thu, Fri
WARNING:timetable_generator_engine:Cannot place theory period:
  Subject  : Physics for Information Science
  Division : CS4
  Teacher  : Mr. Rahul Ravi
  Required : 1 theory period(s)
  Conflicts:
    • division CS4 timetable completely full on: Mon, Tue, Wed, Thu, Fri
WARNING:timetable_generator_engine:Cannot place theory period:
  Subject  : Chemistry for Information Science
  Division : CS1
  Teacher  : Dr. Mini Tom
  Required : 1 theory period(s)
  Conflicts:
    • division CS1 timetable completely full on: Mon, Tue, Wed, Thu, Fri
WARNING:timetable_generator_engine:Cannot place theory period:
  Subject  : Physics for Information Science
  Division : CS4
  Teacher  : Mr. Rahul Ravi
  Required : 1 theory period(s)
  Conflicts:
    • division CS4 timetable completely full on: Mon, Tue, Wed, Thu, Fri
WARNING:timetable_generator_engine:Cannot place theory period:
  Subject  : Chemistry for Information Science
  Division : CS1
  Teacher  : Dr. Mini Tom
  Required : 1 theory period(s)
  Conflicts:
    • division CS1 timetable completely full on: Mon, Tue, Wed, Thu, Fri
WARNING:timetable_generator_engine:Cannot place theory period:
  Subject  : Physics for Information Science
  Division : CS4
  Teacher  : Mr. Rahul Ravi
  Required : 1 theory period(s)
  Conflicts:
    • division CS4 timetable completely full on: Mon, Tue, Wed, Thu, Fri
WARNING:timetable_generator_engine:Cannot place theory period:
  Subject  : Chemistry for Information Science
  Division : CS1
  Teacher  : Dr. Mini Tom
  Required : 1 theory period(s)
  Conflicts:
    • division CS1 timetable completely full on: Mon, Tue, Wed, Thu, Fri
WARNING:timetable_generator_engine:Cannot place theory period:
  Subject  : Physics for Information Science
  Division : CS4
  Teacher  : Mr. Rahul Ravi
  Required : 1 theory period(s)
  Conflicts:
    • division CS4 timetable completely full on: Mon, Tue, Wed, Thu, Fri
WARNING:timetable_generator_engine:Cannot place theory period:
  Subject  : Chemistry for Information Science
  Division : CS1
  Teacher  : Dr. Mini Tom
  Required : 1 theory period(s)
  Conflicts:
    • division CS1 timetable completely full on: Mon, Tue, Wed, Thu, Fri
WARNING:timetable_generator_engine:Cannot place theory period:
  Subject  : Chemistry for Information Science
  Division : CS1
  Teacher  : Dr. Mini Tom
  Required : 1 theory period(s)
  Conflicts:
    • division CS1 timetable completely full on: Mon, Tue, Wed, Thu, Fri
WARNING:timetable_generator_engine:Cannot place theory period:
  Subject  : Chemistry for Information Science
  Division : CS1
  Teacher  : Dr. Mini Tom
  Required : 1 theory period(s)
  Conflicts:
    • division CS1 timetable completely full on: Mon, Tue, Wed, Thu, Fri
WARNING:timetable_generator_engine:Cannot place theory period:
  Subject  : Chemistry for Information Science
  Division : CS1
  Teacher  : Dr. Mini Tom
  Required : 1 theory period(s)
  Conflicts:
    • division CS1 timetable completely full on: Mon, Tue, Wed, Thu, Fri
INFO:timetable_generator_engine:  [relaxed pass] Mathematics for Information Science-1 / CS2: placing 4 missing period(s)
WARNING:timetable_generator_engine:  [relaxed pass] Cannot place Mathematics for Information Science-1 / CS2 even with relaxed cap
INFO:timetable_generator_engine:  [relaxed pass] Physics for Information Science / CS1: placing 4 missing period(s)
WARNING:timetable_generator_engine:  [relaxed pass] Cannot place Physics for Information Science / CS1 even with relaxed cap
INFO:timetable_generator_engine:  [relaxed pass] Chemistry for Information Science / CS2: placing 2 missing period(s)
WARNING:timetable_generator_engine:  [relaxed pass] Cannot place Chemistry for Information Science / CS2 even with relaxed cap
INFO:timetable_generator_engine:  [relaxed pass] Mathematics for Information Science-2 / CS2: placing 3 missing period(s)
WARNING:timetable_generator_engine:  [relaxed pass] Cannot place Mathematics for Information Science-2 / CS2 even with relaxed cap
INFO:timetable_generator_engine:  [relaxed pass] Chemistry for Information Science / CS3: placing 4 missing period(s)
WARNING:timetable_generator_engine:  [relaxed pass] Cannot place Chemistry for Information Science / CS3 even with relaxed cap
INFO:timetable_generator_engine:  [relaxed pass] Chemistry for Information Science / CS1: placing 7 missing period(s)
WARNING:timetable_generator_engine:  [relaxed pass] Cannot place Chemistry for Information Science / CS1 even with relaxed cap
INFO:timetable_generator_engine:  [relaxed pass] Mathematics for Information Science-1 / CS4: placing 5 missing period(s)
WARNING:timetable_generator_engine:  [relaxed pass] Cannot place Mathematics for Information Science-1 / CS4 even with relaxed cap
INFO:timetable_generator_engine:  [relaxed pass] Introduction to Electronics Engineering / CS2: placing 1 missing period(s)
WARNING:timetable_generator_engine:  [relaxed pass] Cannot place Introduction to Electronics Engineering / CS2 even with relaxed cap
INFO:timetable_generator_engine:  [relaxed pass] Discrete Mathematics / CS3: placing 4 missing period(s)
WARNING:timetable_generator_engine:  [relaxed pass] Cannot place Discrete Mathematics / CS3 even with relaxed cap
INFO:timetable_generator_engine:  [relaxed pass] Mathematics for Information Science-2 / CS3: placing 3 missing period(s)
WARNING:timetable_generator_engine:  [relaxed pass] Cannot place Mathematics for Information Science-2 / CS3 even with relaxed cap
INFO:timetable_generator_engine:  [relaxed pass] Introduction to Electrical Engineering / CS2: placing 1 missing period(s)
WARNING:timetable_generator_engine:  [relaxed pass] Cannot place Introduction to Electrical Engineering / CS2 even with relaxed cap
INFO:timetable_generator_engine:  [relaxed pass] Physics for Information Science / CS4: placing 6 missing period(s)
WARNING:timetable_generator_engine:  [relaxed pass] Cannot place Physics for Information Science / CS4 even with relaxed cap
INFO:timetable_generator_engine:  Attempt 12 (seed=241054) score: 96/100
INFO:timetable_generator_engine:✔ Early stop on attempt 12 — score 96 ≥ 95.
INFO:timetable_generator_engine:Greedy base schedule score: 96
INFO:timetable_generator_engine:✔ Timetable finalised.  Score: 96/100.
INFO:subject_assignment_engine:Semester 3 load: 39 periods — MISMATCH (expected 34, got 39)
WARNING:subject_assignment_engine:Load mismatch for semester 3: got 39, expected 34. Check HOURS_PER_WEEK values.
INFO:timetable_generator_engine:Loaded 48 assignments (36 main) across 4 divisions, semester 3.
INFO:timetable_generator_engine:Greedy attempt 1/80 …
WARNING:timetable_generator_engine:Cannot place theory period:
  Subject  : Foundations of Computing: From Hardware Essentials to Web Design
  Division : CS1
  Teacher  : Dr. Manish T. I.
  Required : 1 theory period(s)
  Conflicts:
    • division CS1 timetable completely full on: Mon, Tue, Wed, Thu, Fri
WARNING:timetable_generator_engine:Cannot place theory period:
  Subject  : Algorithmic Thinking with Python
  Division : CS3
  Teacher  : Dr. Varun G. Menon
  Required : 1 theory period(s)
  Conflicts:
    • division CS3 timetable completely full on: Mon, Tue, Wed, Thu, Fri
WARNING:timetable_generator_engine:Cannot place theory period:
  Subject  : Object Oriented Programming
  Division : CS1
  Teacher  : Ms. Sanooja Beegam M. A.
  Required : 1 theory period(s)
  Conflicts:
    • division CS1 timetable completely full on: Mon, Tue, Wed, Thu, Fri
WARNING:timetable_generator_engine:Cannot place theory period:
  Subject  : Programming in C
  Division : CS3
  Teacher  : Ms. Demy Devassy
  Required : 1 theory period(s)
  Conflicts:
    • division CS3 timetable completely full on: Mon, Tue, Wed, Thu, Fri
WARNING:timetable_generator_engine:Cannot place theory period:
  Subject  : Algorithmic Thinking with Python
  Division : CS3
  Teacher  : Dr. Varun G. Menon
  Required : 1 theory period(s)
  Conflicts:
    • division CS3 timetable completely full on: Mon, Tue, Wed, Thu, Fri
WARNING:timetable_generator_engine:Cannot place theory period:
  Subject  : Object Oriented Programming
  Division : CS1
  Teacher  : Ms. Sanooja Beegam M. A.
  Required : 1 theory period(s)
  Conflicts:
    • division CS1 timetable completely full on: Mon, Tue, Wed, Thu, Fri
WARNING:timetable_generator_engine:Cannot place theory period:
  Subject  : Algorithmic Thinking with Python
  Division : CS3
  Teacher  : Dr. Varun G. Menon
  Required : 1 theory period(s)
  Conflicts:
    • division CS3 timetable completely full on: Mon, Tue, Wed, Thu, Fri
WARNING:timetable_generator_engine:Cannot place theory period:
  Subject  : Object Oriented Programming
  Division : CS1
  Teacher  : Ms. Sanooja Beegam M. A.
  Required : 1 theory period(s)
  Conflicts:
    • division CS1 timetable completely full on: Mon, Tue, Wed, Thu, Fri
WARNING:timetable_generator_engine:Cannot place theory period:
  Subject  : Engineering Graphics and Computer Aided Drawing.
  Division : CS2
  Teacher  : Ms. Preema T. S.
  Required : 1 theory period(s)
  Conflicts:
    • division CS2 timetable completely full on: Mon, Tue, Wed, Thu, Fri
WARNING:timetable_generator_engine:Cannot place theory period:
  Subject  : Algorithmic Thinking with Python
  Division : CS3
  Teacher  : Dr. Varun G. Menon
  Required : 1 theory period(s)
  Conflicts:
    • division CS3 timetable completely full on: Mon, Tue, Wed, Thu, Fri
WARNING:timetable_generator_engine:Cannot place theory period:
  Subject  : Object Oriented Programming
  Division : CS1
  Teacher  : Ms. Sanooja Beegam M. A.
  Required : 1 theory period(s)
  Conflicts:
    • division CS1 timetable completely full on: Mon, Tue, Wed, Thu, Fri
WARNING:timetable_generator_engine:Cannot place theory period:
  Subject  : Digital Electronics and Logic Design
  Division : CS4
  Teacher  : Ms. Sareena K. K.
  Required : 1 theory period(s)
  Conflicts:
    • division CS4 timetable completely full on: Mon, Tue, Wed, Thu, Fri
WARNING:timetable_generator_engine:Cannot place theory period:
  Subject  : Engineering Graphics and Computer Aided Drawing.
  Division : CS2
  Teacher  : Ms. Preema T. S.
  Required : 1 theory period(s)
  Conflicts:
    • division CS2 timetable completely full on: Mon, Tue, Wed, Thu, Fri
WARNING:timetable_generator_engine:Cannot place theory period:
  Subject  : Programming in C
  Division : CS4
  Teacher  : Ms. Vyshna R. K.
  Required : 1 theory period(s)
  Conflicts:
    • division CS4 timetable completely full on: Mon, Tue, Wed, Thu, Fri
WARNING:timetable_generator_engine:Cannot place theory period:
  Subject  : Engineering Graphics and Computer Aided Drawing.
  Division : CS2
  Teacher  : Ms. Preema T. S.
  Required : 1 theory period(s)
  Conflicts:
    • division CS2 timetable completely full on: Mon, Tue, Wed, Thu, Fri
WARNING:timetable_generator_engine:Cannot place theory period:
  Subject  : Programming in C
  Division : CS4
  Teacher  : Ms. Vyshna R. K.
  Required : 1 theory period(s)
  Conflicts:
    • division CS4 timetable completely full on: Mon, Tue, Wed, Thu, Fri
WARNING:timetable_generator_engine:Cannot place theory period:
  Subject  : Engineering Graphics and Computer Aided Drawing.
  Division : CS2
  Teacher  : Ms. Preema T. S.
  Required : 1 theory period(s)
  Conflicts:
    • division CS2 timetable completely full on: Mon, Tue, Wed, Thu, Fri
WARNING:timetable_generator_engine:Cannot place theory period:
  Subject  : Programming in C
  Division : CS4
  Teacher  : Ms. Vyshna R. K.
  Required : 1 theory period(s)
  Conflicts:
    • division CS4 timetable completely full on: Mon, Tue, Wed, Thu, Fri
WARNING:timetable_generator_engine:Cannot place theory period:
  Subject  : Engineering Graphics and Computer Aided Drawing.
  Division : CS2
  Teacher  : Ms. Preema T. S.
  Required : 1 theory period(s)
  Conflicts:
    • division CS2 timetable completely full on: Mon, Tue, Wed, Thu, Fri
WARNING:timetable_generator_engine:Cannot place theory period:
  Subject  : Programming in C
  Division : CS4
  Teacher  : Ms. Vyshna R. K.
  Required : 1 theory period(s)
  Conflicts:
    • division CS4 timetable completely full on: Mon, Tue, Wed, Thu, Fri
INFO:timetable_generator_engine:  [relaxed pass] Engineering Graphics and Computer Aided Drawing. / CS2: placing 5 missing period(s)
WARNING:timetable_generator_engine:  [relaxed pass] Cannot place Engineering Graphics and Computer Aided Drawing. / CS2 even with relaxed cap
INFO:timetable_generator_engine:  [relaxed pass] Object Oriented Programming / CS1: placing 4 missing period(s)
WARNING:timetable_generator_engine:  [relaxed pass] Cannot place Object Oriented Programming / CS1 even with relaxed cap
INFO:timetable_generator_engine:  [relaxed pass] Programming in C / CS3: placing 1 missing period(s)
WARNING:timetable_generator_engine:  [relaxed pass] Cannot place Programming in C / CS3 even with relaxed cap
INFO:timetable_generator_engine:  [relaxed pass] Algorithmic Thinking with Python / CS3: placing 4 missing period(s)
WARNING:timetable_generator_engine:  [relaxed pass] Cannot place Algorithmic Thinking with Python / CS3 even with relaxed cap
INFO:timetable_generator_engine:  [relaxed pass] Foundations of Computing: From Hardware Essentials to Web Design / CS1: placing 1 missing period(s)
WARNING:timetable_generator_engine:  [relaxed pass] Cannot place Foundations of Computing: From Hardware Essentials to Web Design / CS1 even with relaxed cap
INFO:timetable_generator_engine:  [relaxed pass] Digital Electronics and Logic Design / CS4: placing 1 missing period(s)
WARNING:timetable_generator_engine:  [relaxed pass] Cannot place Digital Electronics and Logic Design / CS4 even with relaxed cap
INFO:timetable_generator_engine:  [relaxed pass] Programming in C / CS4: placing 4 missing period(s)
WARNING:timetable_generator_engine:  [relaxed pass] Cannot place Programming in C / CS4 even with relaxed cap
INFO:timetable_generator_engine:  Attempt 1 (seed=881202) score: 83/100
INFO:timetable_generator_engine:Greedy attempt 2/80 …
WARNING:timetable_generator_engine:Cannot place theory period:
  Subject  : Programming in C
  Division : CS1
  Teacher  : Ms. Meera V. M.
  Required : 1 theory period(s)
  Conflicts:
    • division CS1 timetable completely full on: Mon, Tue, Wed, Thu, Fri
WARNING:timetable_generator_engine:Cannot place theory period:
  Subject  : Programming in C
  Division : CS1
  Teacher  : Ms. Meera V. M.
  Required : 1 theory period(s)
  Conflicts:
    • division CS1 timetable completely full on: Mon, Tue, Wed, Thu, Fri
WARNING:timetable_generator_engine:Cannot place theory period:
  Subject  : Programming in C
  Division : CS1
  Teacher  : Ms. Meera V. M.
  Required : 1 theory period(s)
  Conflicts:
    • division CS1 timetable completely full on: Mon, Tue, Wed, Thu, Fri
WARNING:timetable_generator_engine:Cannot place theory period:
  Subject  : Foundations of Computing: From Hardware Essentials to Web Design
  Division : CS4
  Teacher  : Ms. Doney Daniel
  Required : 1 theory period(s)
  Conflicts:
    • division CS4 timetable completely full on: Mon, Tue, Wed, Thu, Fri
WARNING:timetable_generator_engine:Cannot place theory period:
  Subject  : Programming in C
  Division : CS1
  Teacher  : Ms. Meera V. M.
  Required : 1 theory period(s)
  Conflicts:
    • division CS1 timetable completely full on: Mon, Tue, Wed, Thu, Fri
WARNING:timetable_generator_engine:Cannot place theory period:
  Subject  : Object Oriented Programming
  Division : CS4
  Teacher  : Ms. Neethu Roy
  Required : 1 theory period(s)
  Conflicts:
    • division CS4 timetable completely full on: Mon, Tue, Wed, Thu, Fri
WARNING:timetable_generator_engine:Cannot place theory period:
  Subject  : Programming in C
  Division : CS1
  Teacher  : Ms. Meera V. M.
  Required : 1 theory period(s)
  Conflicts:
    • division CS1 timetable completely full on: Mon, Tue, Wed, Thu, Fri
WARNING:timetable_generator_engine:Cannot place theory period:
  Subject  : Object Oriented Programming
  Division : CS4
  Teacher  : Ms. Neethu Roy
  Required : 1 theory period(s)
  Conflicts:
    • division CS4 timetable completely full on: Mon, Tue, Wed, Thu, Fri
WARNING:timetable_generator_engine:Cannot place theory period:
  Subject  : Object Oriented Programming
  Division : CS4
  Teacher  : Ms. Neethu Roy
  Required : 1 theory period(s)
  Conflicts:
    • division CS4 timetable completely full on: Mon, Tue, Wed, Thu, Fri
WARNING:timetable_generator_engine:Cannot place theory period:
  Subject  : Programming in C
  Division : CS3
  Teacher  : Ms. Demy Devassy
  Required : 1 theory period(s)
  Conflicts:
    • division CS3 timetable completely full on: Mon, Tue, Wed, Thu, Fri
WARNING:timetable_generator_engine:Cannot place theory period:
  Subject  : Digital Electronics and Logic Design
  Division : CS2
  Teacher  : Ms. Smera Thomas
  Required : 1 theory period(s)
  Conflicts:
    • division CS2 timetable completely full on: Mon, Tue, Wed, Thu, Fri
WARNING:timetable_generator_engine:Cannot place theory period:
  Subject  : Object Oriented Programming
  Division : CS4
  Teacher  : Ms. Neethu Roy
  Required : 1 theory period(s)
  Conflicts:
    • division CS4 timetable completely full on: Mon, Tue, Wed, Thu, Fri
WARNING:timetable_generator_engine:Cannot place theory period:
  Subject  : Engineering Graphics and Computer Aided Drawing.
  Division : CS2
  Teacher  : Ms. Preema T. S.
  Required : 1 theory period(s)
  Conflicts:
    • division CS2 timetable completely full on: Mon, Tue, Wed, Thu, Fri
WARNING:timetable_generator_engine:Cannot place theory period:
  Subject  : Programming in C
  Division : CS3
  Teacher  : Ms. Demy Devassy
  Required : 1 theory period(s)
  Conflicts:
    • division CS3 timetable completely full on: Mon, Tue, Wed, Thu, Fri
WARNING:timetable_generator_engine:Cannot place theory period:
  Subject  : Engineering Graphics and Computer Aided Drawing.
  Division : CS2
  Teacher  : Ms. Preema T. S.
  Required : 1 theory period(s)
  Conflicts:
    • division CS2 timetable completely full on: Mon, Tue, Wed, Thu, Fri
WARNING:timetable_generator_engine:Cannot place theory period:
  Subject  : Programming in C
  Division : CS3
  Teacher  : Ms. Demy Devassy
  Required : 1 theory period(s)
  Conflicts:
    • division CS3 timetable completely full on: Mon, Tue, Wed, Thu, Fri
WARNING:timetable_generator_engine:Cannot place theory period:
  Subject  : Engineering Graphics and Computer Aided Drawing.
  Division : CS2
  Teacher  : Ms. Preema T. S.
  Required : 1 theory period(s)
  Conflicts:
    • division CS2 timetable completely full on: Mon, Tue, Wed, Thu, Fri
WARNING:timetable_generator_engine:Cannot place theory period:
  Subject  : Programming in C
  Division : CS3
  Teacher  : Ms. Demy Devassy
  Required : 1 theory period(s)
  Conflicts:
    • division CS3 timetable completely full on: Mon, Tue, Wed, Thu, Fri
WARNING:timetable_generator_engine:Cannot place theory period:
  Subject  : Engineering Graphics and Computer Aided Drawing.
  Division : CS2
  Teacher  : Ms. Preema T. S.
  Required : 1 theory period(s)
  Conflicts:
    • division CS2 timetable completely full on: Mon, Tue, Wed, Thu, Fri
WARNING:timetable_generator_engine:Cannot place theory period:
  Subject  : Programming in C
  Division : CS3
  Teacher  : Ms. Demy Devassy
  Required : 1 theory period(s)
  Conflicts:
    • division CS3 timetable completely full on: Mon, Tue, Wed, Thu, Fri
INFO:timetable_generator_engine:  [relaxed pass] Engineering Graphics and Computer Aided Drawing. / CS2: placing 4 missing period(s)
WARNING:timetable_generator_engine:  [relaxed pass] Cannot place Engineering Graphics and Computer Aided Drawing. / CS2 even with relaxed cap
INFO:timetable_generator_engine:  [relaxed pass] Programming in C / CS1: placing 5 missing period(s)
WARNING:timetable_generator_engine:  [relaxed pass] Cannot place Programming in C / CS1 even with relaxed cap
INFO:timetable_generator_engine:  [relaxed pass] Digital Electronics and Logic Design / CS2: placing 1 missing period(s)
WARNING:timetable_generator_engine:  [relaxed pass] Cannot place Digital Electronics and Logic Design / CS2 even with relaxed cap
INFO:timetable_generator_engine:  [relaxed pass] Foundations of Computing: From Hardware Essentials to Web Design / CS4: placing 1 missing period(s)
WARNING:timetable_generator_engine:  [relaxed pass] Cannot place Foundations of Computing: From Hardware Essentials to Web Design / CS4 even with relaxed cap
INFO:timetable_generator_engine:  [relaxed pass] Programming in C / CS3: placing 5 missing period(s)
WARNING:timetable_generator_engine:  [relaxed pass] Cannot place Programming in C / CS3 even with relaxed cap
INFO:timetable_generator_engine:  [relaxed pass] Object Oriented Programming / CS4: placing 4 missing period(s)
WARNING:timetable_generator_engine:  [relaxed pass] Cannot place Object Oriented Programming / CS4 even with relaxed cap
INFO:timetable_generator_engine:  Attempt 2 (seed=611823) score: 87/100
INFO:timetable_generator_engine:Greedy attempt 3/80 …
WARNING:timetable_generator_engine:Cannot place theory period:
  Subject  : Digital Electronics and Logic Design
  Division : CS1
  Teacher  : Mr. Anoop Jose
  Required : 1 theory period(s)
  Conflicts:
    • division CS1 timetable completely full on: Mon, Tue, Wed, Thu, Fri
WARNING:timetable_generator_engine:Cannot place theory period:
  Subject  : Digital Electronics and Logic Design
  Division : CS1
  Teacher  : Mr. Anoop Jose
  Required : 1 theory period(s)
  Conflicts:
    • division CS1 timetable completely full on: Mon, Tue, Wed, Thu, Fri
WARNING:timetable_generator_engine:Cannot place theory period:
  Subject  : Programming in C
  Division : CS2
  Teacher  : Ms. Sruthy K. Joseph
  Required : 1 theory period(s)
  Conflicts:
    • division CS2 timetable completely full on: Mon, Tue, Wed, Thu, Fri
WARNING:timetable_generator_engine:Cannot place theory period:
  Subject  : Engineering Graphics and Computer Aided Drawing.
  Division : CS2
  Teacher  : Ms. Preema T. S.
  Required : 1 theory period(s)
  Conflicts:
    • division CS2 timetable completely full on: Mon, Tue, Wed, Thu, Fri
WARNING:timetable_generator_engine:Cannot place theory period:
  Subject  : Digital Electronics and Logic Design
  Division : CS1
  Teacher  : Mr. Anoop Jose
  Required : 1 theory period(s)
  Conflicts:
    • division CS1 timetable completely full on: Mon, Tue, Wed, Thu, Fri
WARNING:timetable_generator_engine:Cannot place theory period:
  Subject  : Algorithmic Thinking with Python
  Division : CS2
  Teacher  : Ms. Bini Omman
  Required : 1 theory period(s)
  Conflicts:
    • division CS2 timetable completely full on: Mon, Tue, Wed, Thu, Fri
WARNING:timetable_generator_engine:Cannot place theory period:
  Subject  : Digital Electronics and Logic Design
  Division : CS1
  Teacher  : Mr. Anoop Jose
  Required : 1 theory period(s)
  Conflicts:
    • division CS1 timetable completely full on: Mon, Tue, Wed, Thu, Fri
WARNING:timetable_generator_engine:Cannot place theory period:
  Subject  : Algorithmic Thinking with Python
  Division : CS2
  Teacher  : Ms. Bini Omman
  Required : 1 theory period(s)
  Conflicts:
    • division CS2 timetable completely full on: Mon, Tue, Wed, Thu, Fri
WARNING:timetable_generator_engine:Cannot place theory period:
  Subject  : Engineering Graphics and Computer Aided Drawing.
  Division : CS3
  Teacher  : Ms. Divya M. S.
  Required : 1 theory period(s)
  Conflicts:
    • division CS3 timetable completely full on: Mon, Tue, Wed, Thu, Fri
WARNING:timetable_generator_engine:Cannot place theory period:
  Subject  : Object Oriented Programming
  Division : CS4
  Teacher  : Ms. Neethu Roy
  Required : 1 theory period(s)
  Conflicts:
    • division CS4 timetable completely full on: Mon, Tue, Wed, Thu, Fri
WARNING:timetable_generator_engine:Cannot place theory period:
  Subject  : Digital Electronics and Logic Design
  Division : CS1
  Teacher  : Mr. Anoop Jose
  Required : 1 theory period(s)
  Conflicts:
    • division CS1 timetable completely full on: Mon, Tue, Wed, Thu, Fri
WARNING:timetable_generator_engine:Cannot place theory period:
  Subject  : Algorithmic Thinking with Python
  Division : CS2
  Teacher  : Ms. Bini Omman
  Required : 1 theory period(s)
  Conflicts:
    • division CS2 timetable completely full on: Mon, Tue, Wed, Thu, Fri
WARNING:timetable_generator_engine:Cannot place theory period:
  Subject  : Programming in C
  Division : CS4
  Teacher  : Ms. Vyshna R. K.
  Required : 1 theory period(s)
  Conflicts:
    • division CS4 timetable completely full on: Mon, Tue, Wed, Thu, Fri
WARNING:timetable_generator_engine:Cannot place theory period:
  Subject  : Engineering Graphics and Computer Aided Drawing.
  Division : CS3
  Teacher  : Ms. Divya M. S.
  Required : 1 theory period(s)
  Conflicts:
    • division CS3 timetable completely full on: Mon, Tue, Wed, Thu, Fri
WARNING:timetable_generator_engine:Cannot place theory period:
  Subject  : Programming in C
  Division : CS4
  Teacher  : Ms. Vyshna R. K.
  Required : 1 theory period(s)
  Conflicts:
    • division CS4 timetable completely full on: Mon, Tue, Wed, Thu, Fri
WARNING:timetable_generator_engine:Cannot place theory period:
  Subject  : Engineering Graphics and Computer Aided Drawing.
  Division : CS3
  Teacher  : Ms. Divya M. S.
  Required : 1 theory period(s)
  Conflicts:
    • division CS3 timetable completely full on: Mon, Tue, Wed, Thu, Fri
WARNING:timetable_generator_engine:Cannot place theory period:
  Subject  : Programming in C
  Division : CS4
  Teacher  : Ms. Vyshna R. K.
  Required : 1 theory period(s)
  Conflicts:
    • division CS4 timetable completely full on: Mon, Tue, Wed, Thu, Fri
WARNING:timetable_generator_engine:Cannot place theory period:
  Subject  : Engineering Graphics and Computer Aided Drawing.
  Division : CS3
  Teacher  : Ms. Divya M. S.
  Required : 1 theory period(s)
  Conflicts:
    • division CS3 timetable completely full on: Mon, Tue, Wed, Thu, Fri
WARNING:timetable_generator_engine:Cannot place theory period:
  Subject  : Programming in C
  Division : CS4
  Teacher  : Ms. Vyshna R. K.
  Required : 1 theory period(s)
  Conflicts:
    • division CS4 timetable completely full on: Mon, Tue, Wed, Thu, Fri
WARNING:timetable_generator_engine:Cannot place theory period:
  Subject  : Engineering Graphics and Computer Aided Drawing.
  Division : CS3
  Teacher  : Ms. Divya M. S.
  Required : 1 theory period(s)
  Conflicts:
    • division CS3 timetable completely full on: Mon, Tue, Wed, Thu, Fri
INFO:timetable_generator_engine:  [relaxed pass] Programming in C / CS2: placing 1 missing period(s)
WARNING:timetable_generator_engine:  [relaxed pass] Cannot place Programming in C / CS2 even with relaxed cap
INFO:timetable_generator_engine:  [relaxed pass] Digital Electronics and Logic Design / CS1: placing 5 missing period(s)
WARNING:timetable_generator_engine:  [relaxed pass] Cannot place Digital Electronics and Logic Design / CS1 even with relaxed cap
INFO:timetable_generator_engine:  [relaxed pass] Object Oriented Programming / CS4: placing 1 missing period(s)
WARNING:timetable_generator_engine:  [relaxed pass] Cannot place Object Oriented Programming / CS4 even with relaxed cap
INFO:timetable_generator_engine:  [relaxed pass] Engineering Graphics and Computer Aided Drawing. / CS2: placing 1 missing period(s)
WARNING:timetable_generator_engine:  [relaxed pass] Cannot place Engineering Graphics and Computer Aided Drawing. / CS2 even with relaxed cap
INFO:timetable_generator_engine:  [relaxed pass] Engineering Graphics and Computer Aided Drawing. / CS3: placing 5 missing period(s)
WARNING:timetable_generator_engine:  [relaxed pass] Cannot place Engineering Graphics and Computer Aided Drawing. / CS3 even with relaxed cap
INFO:timetable_generator_engine:  [relaxed pass] Programming in C / CS4: placing 4 missing period(s)
WARNING:timetable_generator_engine:  [relaxed pass] Cannot place Programming in C / CS4 even with relaxed cap
INFO:timetable_generator_engine:  [relaxed pass] Algorithmic Thinking with Python / CS2: placing 3 missing period(s)
WARNING:timetable_generator_engine:  [relaxed pass] Cannot place Algorithmic Thinking with Python / CS2 even with relaxed cap
INFO:timetable_generator_engine:  Attempt 3 (seed=593502) score: 83/100
INFO:timetable_generator_engine:Greedy attempt 4/80 …
WARNING:timetable_generator_engine:Cannot place theory period:
  Subject  : Engineering Graphics and Computer Aided Drawing.
  Division : CS1
  Teacher  : Ms. Jane Theresa
  Required : 1 theory period(s)
  Conflicts:
    • division CS1 timetable completely full on: Mon, Tue, Wed, Thu, Fri
WARNING:timetable_generator_engine:Cannot place theory period:
  Subject  : Digital Electronics and Logic Design
  Division : CS1
  Teacher  : Mr. Anoop Jose
  Required : 1 theory period(s)
  Conflicts:
    • division CS1 timetable completely full on: Mon, Tue, Wed, Thu, Fri
WARNING:timetable_generator_engine:Cannot place theory period:
  Subject  : Engineering Graphics and Computer Aided Drawing.
  Division : CS1
  Teacher  : Ms. Jane Theresa
  Required : 1 theory period(s)
  Conflicts:
    • division CS1 timetable completely full on: Mon, Tue, Wed, Thu, Fri
WARNING:timetable_generator_engine:Cannot place theory period:
  Subject  : Engineering Graphics and Computer Aided Drawing.
  Division : CS1
  Teacher  : Ms. Jane Theresa
  Required : 1 theory period(s)
  Conflicts:
    • division CS1 timetable completely full on: Mon, Tue, Wed, Thu, Fri
WARNING:timetable_generator_engine:Cannot place theory period:
  Subject  : Engineering Graphics and Computer Aided Drawing.
  Division : CS1
  Teacher  : Ms. Jane Theresa
  Required : 1 theory period(s)
  Conflicts:
    • division CS1 timetable completely full on: Mon, Tue, Wed, Thu, Fri
WARNING:timetable_generator_engine:Cannot place theory period:
  Subject  : Algorithmic Thinking with Python
  Division : CS4
  Teacher  : Ms. Neethu Krishna
  Required : 1 theory period(s)
  Conflicts:
    • division CS4 timetable completely full on: Mon, Tue, Wed, Thu, Fri
WARNING:timetable_generator_engine:Cannot place theory period:
  Subject  : Object Oriented Programming
  Division : CS4
  Teacher  : Ms. Neethu Roy
  Required : 1 theory period(s)
  Conflicts:
    • division CS4 timetable completely full on: Mon, Tue, Wed, Thu, Fri
WARNING:timetable_generator_engine:Cannot place theory period:
  Subject  : Algorithmic Thinking with Python
  Division : CS4
  Teacher  : Ms. Neethu Krishna
  Required : 1 theory period(s)
  Conflicts:
    • division CS4 timetable completely full on: Mon, Tue, Wed, Thu, Fri
WARNING:timetable_generator_engine:Cannot place theory period:
  Subject  : Engineering Graphics and Computer Aided Drawing.
  Division : CS3
  Teacher  : Ms. Divya M. S.
  Required : 1 theory period(s)
  Conflicts:
    • division CS3 timetable completely full on: Mon, Tue, Wed, Thu, Fri
WARNING:timetable_generator_engine:Cannot place theory period:
  Subject  : Object Oriented Programming
  Division : CS4
  Teacher  : Ms. Neethu Roy
  Required : 1 theory period(s)
  Conflicts:
    • division CS4 timetable completely full on: Mon, Tue, Wed, Thu, Fri
WARNING:timetable_generator_engine:Cannot place theory period:
  Subject  : Algorithmic Thinking with Python
  Division : CS4
  Teacher  : Ms. Neethu Krishna
  Required : 1 theory period(s)
  Conflicts:
    • division CS4 timetable completely full on: Mon, Tue, Wed, Thu, Fri
WARNING:timetable_generator_engine:Cannot place theory period:
  Subject  : Digital Electronics and Logic Design
  Division : CS2
  Teacher  : Ms. Smera Thomas
  Required : 1 theory period(s)
  Conflicts:
    • division CS2 timetable completely full on: Mon, Tue, Wed, Thu, Fri
WARNING:timetable_generator_engine:Cannot place theory period:
  Subject  : Programming in C
  Division : CS2
  Teacher  : Ms. Sruthy K. Joseph
  Required : 1 theory period(s)
  Conflicts:
    • division CS2 timetable completely full on: Mon, Tue, Wed, Thu, Fri
WARNING:timetable_generator_engine:Cannot place theory period:
  Subject  : Engineering Graphics and Computer Aided Drawing.
  Division : CS3
  Teacher  : Ms. Divya M. S.
  Required : 1 theory period(s)
  Conflicts:
    • division CS3 timetable completely full on: Mon, Tue, Wed, Thu, Fri
WARNING:timetable_generator_engine:Cannot place theory period:
  Subject  : Programming in C
  Division : CS2
  Teacher  : Ms. Sruthy K. Joseph
  Required : 1 theory period(s)
  Conflicts:
    • division CS2 timetable completely full on: Mon, Tue, Wed, Thu, Fri
WARNING:timetable_generator_engine:Cannot place theory period:
  Subject  : Engineering Graphics and Computer Aided Drawing.
  Division : CS3
  Teacher  : Ms. Divya M. S.
  Required : 1 theory period(s)
  Conflicts:
    • division CS3 timetable completely full on: Mon, Tue, Wed, Thu, Fri
WARNING:timetable_generator_engine:Cannot place theory period:
  Subject  : Programming in C
  Division : CS2
  Teacher  : Ms. Sruthy K. Joseph
  Required : 1 theory period(s)
  Conflicts:
    • division CS2 timetable completely full on: Mon, Tue, Wed, Thu, Fri
WARNING:timetable_generator_engine:Cannot place theory period:
  Subject  : Engineering Graphics and Computer Aided Drawing.
  Division : CS3
  Teacher  : Ms. Divya M. S.
  Required : 1 theory period(s)
  Conflicts:
    • division CS3 timetable completely full on: Mon, Tue, Wed, Thu, Fri
WARNING:timetable_generator_engine:Cannot place theory period:
  Subject  : Programming in C
  Division : CS2
  Teacher  : Ms. Sruthy K. Joseph
  Required : 1 theory period(s)
  Conflicts:
    • division CS2 timetable completely full on: Mon, Tue, Wed, Thu, Fri
WARNING:timetable_generator_engine:Cannot place theory period:
  Subject  : Engineering Graphics and Computer Aided Drawing.
  Division : CS3
  Teacher  : Ms. Divya M. S.
  Required : 1 theory period(s)
  Conflicts:
    • division CS3 timetable completely full on: Mon, Tue, Wed, Thu, Fri
INFO:timetable_generator_engine:  [relaxed pass] Engineering Graphics and Computer Aided Drawing. / CS1: placing 4 missing period(s)
WARNING:timetable_generator_engine:  [relaxed pass] Cannot place Engineering Graphics and Computer Aided Drawing. / CS1 even with relaxed cap
INFO:timetable_generator_engine:  [relaxed pass] Programming in C / CS2: placing 4 missing period(s)
WARNING:timetable_generator_engine:  [relaxed pass] Cannot place Programming in C / CS2 even with relaxed cap
INFO:timetable_generator_engine:  [relaxed pass] Engineering Graphics and Computer Aided Drawing. / CS3: placing 5 missing period(s)
WARNING:timetable_generator_engine:  [relaxed pass] Cannot place Engineering Graphics and Computer Aided Drawing. / CS3 even with relaxed cap
INFO:timetable_generator_engine:  [relaxed pass] Digital Electronics and Logic Design / CS1: placing 1 missing period(s)
WARNING:timetable_generator_engine:  [relaxed pass] Cannot place Digital Electronics and Logic Design / CS1 even with relaxed cap
INFO:timetable_generator_engine:  [relaxed pass] Object Oriented Programming / CS4: placing 2 missing period(s)
WARNING:timetable_generator_engine:  [relaxed pass] Cannot place Object Oriented Programming / CS4 even with relaxed cap
INFO:timetable_generator_engine:  [relaxed pass] Digital Electronics and Logic Design / CS2: placing 1 missing period(s)
WARNING:timetable_generator_engine:  [relaxed pass] Cannot place Digital Electronics and Logic Design / CS2 even with relaxed cap
INFO:timetable_generator_engine:  [relaxed pass] Algorithmic Thinking with Python / CS4: placing 3 missing period(s)
WARNING:timetable_generator_engine:  [relaxed pass] Cannot place Algorithmic Thinking with Python / CS4 even with relaxed cap
INFO:timetable_generator_engine:  Attempt 4 (seed=447432) score: 87/100
INFO:timetable_generator_engine:Greedy attempt 5/80 …
WARNING:timetable_generator_engine:Cannot place theory period:
  Subject  : Digital Electronics and Logic Design
  Division : CS2
  Teacher  : Ms. Smera Thomas
  Required : 1 theory period(s)
  Conflicts:
    • division CS2 timetable completely full on: Mon, Tue, Wed, Thu, Fri
WARNING:timetable_generator_engine:Cannot place theory period:
  Subject  : Object Oriented Programming
  Division : CS4
  Teacher  : Ms. Neethu Roy
  Required : 1 theory period(s)
  Conflicts:
    • division CS4 timetable completely full on: Mon, Tue, Wed, Thu, Fri
WARNING:timetable_generator_engine:Cannot place theory period:
  Subject  : Engineering Graphics and Computer Aided Drawing.
  Division : CS2
  Teacher  : Ms. Preema T. S.
  Required : 1 theory period(s)
  Conflicts:
    • division CS2 timetable completely full on: Mon, Tue, Wed, Thu, Fri
WARNING:timetable_generator_engine:Cannot place theory period:
  Subject  : Programming in C
  Division : CS4
  Teacher  : Ms. Vyshna R. K.
  Required : 1 theory period(s)
  Conflicts:
    • division CS4 timetable completely full on: Mon, Tue, Wed, Thu, Fri
WARNING:timetable_generator_engine:Cannot place theory period:
  Subject  : Digital Electronics and Logic Design
  Division : CS2
  Teacher  : Ms. Smera Thomas
  Required : 1 theory period(s)
  Conflicts:
    • division CS2 timetable completely full on: Mon, Tue, Wed, Thu, Fri
WARNING:timetable_generator_engine:Cannot place theory period:
  Subject  : Object Oriented Programming
  Division : CS4
  Teacher  : Ms. Neethu Roy
  Required : 1 theory period(s)
  Conflicts:
    • division CS4 timetable completely full on: Mon, Tue, Wed, Thu, Fri
WARNING:timetable_generator_engine:Cannot place theory period:
  Subject  : Digital Electronics and Logic Design
  Division : CS2
  Teacher  : Ms. Smera Thomas
  Required : 1 theory period(s)
  Conflicts:
    • division CS2 timetable completely full on: Mon, Tue, Wed, Thu, Fri
WARNING:timetable_generator_engine:Cannot place theory period:
  Subject  : Object Oriented Programming
  Division : CS4
  Teacher  : Ms. Neethu Roy
  Required : 1 theory period(s)
  Conflicts:
    • division CS4 timetable completely full on: Mon, Tue, Wed, Thu, Fri
WARNING:timetable_generator_engine:Cannot place theory period:
  Subject  : Engineering Graphics and Computer Aided Drawing.
  Division : CS3
  Teacher  : Ms. Divya M. S.
  Required : 1 theory period(s)
  Conflicts:
    • division CS3 timetable completely full on: Mon, Tue, Wed, Thu, Fri
WARNING:timetable_generator_engine:Cannot place theory period:
  Subject  : Digital Electronics and Logic Design
  Division : CS2
  Teacher  : Ms. Smera Thomas
  Required : 1 theory period(s)
  Conflicts:
    • division CS2 timetable completely full on: Mon, Tue, Wed, Thu, Fri
WARNING:timetable_generator_engine:Cannot place theory period:
  Subject  : Object Oriented Programming
  Division : CS4
  Teacher  : Ms. Neethu Roy
  Required : 1 theory period(s)
  Conflicts:
    • division CS4 timetable completely full on: Mon, Tue, Wed, Thu, Fri
WARNING:timetable_generator_engine:Cannot place theory period:
  Subject  : Algorithmic Thinking with Python
  Division : CS1
  Teacher  : Dr. Deepa K.
  Required : 1 theory period(s)
  Conflicts:
    • division CS1 timetable completely full on: Mon, Tue, Wed, Thu, Fri
WARNING:timetable_generator_engine:Cannot place theory period:
  Subject  : Engineering Graphics and Computer Aided Drawing.
  Division : CS3
  Teacher  : Ms. Divya M. S.
  Required : 1 theory period(s)
  Conflicts:
    • division CS3 timetable completely full on: Mon, Tue, Wed, Thu, Fri
WARNING:timetable_generator_engine:Cannot place theory period:
  Subject  : Programming in C
  Division : CS1
  Teacher  : Ms. Meera V. M.
  Required : 1 theory period(s)
  Conflicts:
    • division CS1 timetable completely full on: Mon, Tue, Wed, Thu, Fri
WARNING:timetable_generator_engine:Cannot place theory period:
  Subject  : Engineering Graphics and Computer Aided Drawing.
  Division : CS3
  Teacher  : Ms. Divya M. S.
  Required : 1 theory period(s)
  Conflicts:
    • division CS3 timetable completely full on: Mon, Tue, Wed, Thu, Fri
WARNING:timetable_generator_engine:Cannot place theory period:
  Subject  : Programming in C
  Division : CS1
  Teacher  : Ms. Meera V. M.
  Required : 1 theory period(s)
  Conflicts:
    • division CS1 timetable completely full on: Mon, Tue, Wed, Thu, Fri
WARNING:timetable_generator_engine:Cannot place theory period:
  Subject  : Engineering Graphics and Computer Aided Drawing.
  Division : CS3
  Teacher  : Ms. Divya M. S.
  Required : 1 theory period(s)
  Conflicts:
    • division CS3 timetable completely full on: Mon, Tue, Wed, Thu, Fri
WARNING:timetable_generator_engine:Cannot place theory period:
  Subject  : Programming in C
  Division : CS1
  Teacher  : Ms. Meera V. M.
  Required : 1 theory period(s)
  Conflicts:
    • division CS1 timetable completely full on: Mon, Tue, Wed, Thu, Fri
WARNING:timetable_generator_engine:Cannot place theory period:
  Subject  : Engineering Graphics and Computer Aided Drawing.
  Division : CS3
  Teacher  : Ms. Divya M. S.
  Required : 1 theory period(s)
  Conflicts:
    • division CS3 timetable completely full on: Mon, Tue, Wed, Thu, Fri
WARNING:timetable_generator_engine:Cannot place theory period:
  Subject  : Programming in C
  Division : CS1
  Teacher  : Ms. Meera V. M.
  Required : 1 theory period(s)
  Conflicts:
    • division CS1 timetable completely full on: Mon, Tue, Wed, Thu, Fri
INFO:timetable_generator_engine:  [relaxed pass] Engineering Graphics and Computer Aided Drawing. / CS2: placing 1 missing period(s)
WARNING:timetable_generator_engine:  [relaxed pass] Cannot place Engineering Graphics and Computer Aided Drawing. / CS2 even with relaxed cap
INFO:timetable_generator_engine:  [relaxed pass] Engineering Graphics and Computer Aided Drawing. / CS3: placing 5 missing period(s)
WARNING:timetable_generator_engine:  [relaxed pass] Cannot place Engineering Graphics and Computer Aided Drawing. / CS3 even with relaxed cap
INFO:timetable_generator_engine:  [relaxed pass] Algorithmic Thinking with Python / CS1: placing 1 missing period(s)
WARNING:timetable_generator_engine:  [relaxed pass] Cannot place Algorithmic Thinking with Python / CS1 even with relaxed cap
INFO:timetable_generator_engine:  [relaxed pass] Programming in C / CS4: placing 1 missing period(s)
WARNING:timetable_generator_engine:  [relaxed pass] Cannot place Programming in C / CS4 even with relaxed cap
INFO:timetable_generator_engine:  [relaxed pass] Digital Electronics and Logic Design / CS2: placing 4 missing period(s)
WARNING:timetable_generator_engine:  [relaxed pass] Cannot place Digital Electronics and Logic Design / CS2 even with relaxed cap
INFO:timetable_generator_engine:  [relaxed pass] Object Oriented Programming / CS4: placing 4 missing period(s)
WARNING:timetable_generator_engine:  [relaxed pass] Cannot place Object Oriented Programming / CS4 even with relaxed cap
INFO:timetable_generator_engine:  [relaxed pass] Programming in C / CS1: placing 4 missing period(s)
WARNING:timetable_generator_engine:  [relaxed pass] Cannot place Programming in C / CS1 even with relaxed cap
INFO:timetable_generator_engine:  Attempt 5 (seed=901961) score: 81/100
INFO:timetable_generator_engine:Greedy attempt 6/80 …
WARNING:timetable_generator_engine:Cannot place theory period:
  Subject  : Programming in C
  Division : CS4
  Teacher  : Ms. Vyshna R. K.
  Required : 1 theory period(s)
  Conflicts:
    • division CS4 timetable completely full on: Mon, Tue, Wed, Thu, Fri
WARNING:timetable_generator_engine:Cannot place theory period:
  Subject  : Foundations of Computing: From Hardware Essentials to Web Design
  Division : CS4
  Teacher  : Ms. Doney Daniel
  Required : 1 theory period(s)
  Conflicts:
    • division CS4 timetable completely full on: Mon, Tue, Wed, Thu, Fri
WARNING:timetable_generator_engine:Cannot place theory period:
  Subject  : Foundations of Computing: From Hardware Essentials to Web Design
  Division : CS4
  Teacher  : Ms. Doney Daniel
  Required : 1 theory period(s)
  Conflicts:
    • division CS4 timetable completely full on: Mon, Tue, Wed, Thu, Fri
WARNING:timetable_generator_engine:Cannot place theory period:
  Subject  : Foundations of Computing: From Hardware Essentials to Web Design
  Division : CS4
  Teacher  : Ms. Doney Daniel
  Required : 1 theory period(s)
  Conflicts:
    • division CS4 timetable completely full on: Mon, Tue, Wed, Thu, Fri
WARNING:timetable_generator_engine:Cannot place theory period:
  Subject  : Foundations of Computing: From Hardware Essentials to Web Design
  Division : CS4
  Teacher  : Ms. Doney Daniel
  Required : 1 theory period(s)
  Conflicts:
    • division CS4 timetable completely full on: Mon, Tue, Wed, Thu, Fri
WARNING:timetable_generator_engine:Cannot place theory period:
  Subject  : Digital Electronics and Logic Design
  Division : CS1
  Teacher  : Mr. Anoop Jose
  Required : 1 theory period(s)
  Conflicts:
    • division CS1 timetable completely full on: Mon, Tue, Wed, Thu, Fri
WARNING:timetable_generator_engine:Cannot place theory period:
  Subject  : Object Oriented Programming
  Division : CS1
  Teacher  : Ms. Sanooja Beegam M. A.
  Required : 1 theory period(s)
  Conflicts:
    • division CS1 timetable completely full on: Mon, Tue, Wed, Thu, Fri
WARNING:timetable_generator_engine:Cannot place theory period:
  Subject  : Digital Electronics and Logic Design
  Division : CS1
  Teacher  : Mr. Anoop Jose
  Required : 1 theory period(s)
  Conflicts:
    • division CS1 timetable completely full on: Mon, Tue, Wed, Thu, Fri
WARNING:timetable_generator_engine:Cannot place theory period:
  Subject  : Engineering Graphics and Computer Aided Drawing.
  Division : CS2
  Teacher  : Ms. Preema T. S.
  Required : 1 theory period(s)
  Conflicts:
    • division CS2 timetable completely full on: Mon, Tue, Wed, Thu, Fri
WARNING:timetable_generator_engine:Cannot place theory period:
  Subject  : Object Oriented Programming
  Division : CS1
  Teacher  : Ms. Sanooja Beegam M. A.
  Required : 1 theory period(s)
  Conflicts:
    • division CS1 timetable completely full on: Mon, Tue, Wed, Thu, Fri
WARNING:timetable_generator_engine:Cannot place theory period:
  Subject  : Digital Electronics and Logic Design
  Division : CS1
  Teacher  : Mr. Anoop Jose
  Required : 1 theory period(s)
  Conflicts:
    • division CS1 timetable completely full on: Mon, Tue, Wed, Thu, Fri
WARNING:timetable_generator_engine:Cannot place theory period:
  Subject  : Algorithmic Thinking with Python
  Division : CS3
  Teacher  : Dr. Varun G. Menon
  Required : 1 theory period(s)
  Conflicts:
    • division CS3 timetable completely full on: Mon, Tue, Wed, Thu, Fri
WARNING:timetable_generator_engine:Cannot place theory period:
  Subject  : Programming in C
  Division : CS3
  Teacher  : Ms. Demy Devassy
  Required : 1 theory period(s)
  Conflicts:
    • division CS3 timetable completely full on: Mon, Tue, Wed, Thu, Fri
WARNING:timetable_generator_engine:Cannot place theory period:
  Subject  : Engineering Graphics and Computer Aided Drawing.
  Division : CS2
  Teacher  : Ms. Preema T. S.
  Required : 1 theory period(s)
  Conflicts:
    • division CS2 timetable completely full on: Mon, Tue, Wed, Thu, Fri
WARNING:timetable_generator_engine:Cannot place theory period:
  Subject  : Programming in C
  Division : CS3
  Teacher  : Ms. Demy Devassy
  Required : 1 theory period(s)
  Conflicts:
    • division CS3 timetable completely full on: Mon, Tue, Wed, Thu, Fri
WARNING:timetable_generator_engine:Cannot place theory period:
  Subject  : Engineering Graphics and Computer Aided Drawing.
  Division : CS2
  Teacher  : Ms. Preema T. S.
  Required : 1 theory period(s)
  Conflicts:
    • division CS2 timetable completely full on: Mon, Tue, Wed, Thu, Fri
WARNING:timetable_generator_engine:Cannot place theory period:
  Subject  : Programming in C
  Division : CS3
  Teacher  : Ms. Demy Devassy
  Required : 1 theory period(s)
  Conflicts:
    • division CS3 timetable completely full on: Mon, Tue, Wed, Thu, Fri
WARNING:timetable_generator_engine:Cannot place theory period:
  Subject  : Engineering Graphics and Computer Aided Drawing.
  Division : CS2
  Teacher  : Ms. Preema T. S.
  Required : 1 theory period(s)
  Conflicts:
    • division CS2 timetable completely full on: Mon, Tue, Wed, Thu, Fri
WARNING:timetable_generator_engine:Cannot place theory period:
  Subject  : Programming in C
  Division : CS3
  Teacher  : Ms. Demy Devassy
  Required : 1 theory period(s)
  Conflicts:
    • division CS3 timetable completely full on: Mon, Tue, Wed, Thu, Fri
WARNING:timetable_generator_engine:Cannot place theory period:
  Subject  : Engineering Graphics and Computer Aided Drawing.
  Division : CS2
  Teacher  : Ms. Preema T. S.
  Required : 1 theory period(s)
  Conflicts:
    • division CS2 timetable completely full on: Mon, Tue, Wed, Thu, Fri
INFO:timetable_generator_engine:  [relaxed pass] Programming in C / CS4: placing 1 missing period(s)
WARNING:timetable_generator_engine:  [relaxed pass] Cannot place Programming in C / CS4 even with relaxed cap
INFO:timetable_generator_engine:  [relaxed pass] Programming in C / CS3: placing 4 missing period(s)
WARNING:timetable_generator_engine:  [relaxed pass] Cannot place Programming in C / CS3 even with relaxed cap
INFO:timetable_generator_engine:  [relaxed pass] Object Oriented Programming / CS1: placing 2 missing period(s)
WARNING:timetable_generator_engine:  [relaxed pass] Cannot place Object Oriented Programming / CS1 even with relaxed cap
INFO:timetable_generator_engine:  [relaxed pass] Engineering Graphics and Computer Aided Drawing. / CS2: placing 5 missing period(s)
WARNING:timetable_generator_engine:  [relaxed pass] Cannot place Engineering Graphics and Computer Aided Drawing. / CS2 even with relaxed cap
INFO:timetable_generator_engine:  [relaxed pass] Algorithmic Thinking with Python / CS3: placing 1 missing period(s)
WARNING:timetable_generator_engine:  [relaxed pass] Cannot place Algorithmic Thinking with Python / CS3 even with relaxed cap
INFO:timetable_generator_engine:  [relaxed pass] Digital Electronics and Logic Design / CS1: placing 3 missing period(s)
WARNING:timetable_generator_engine:  [relaxed pass] Cannot place Digital Electronics and Logic Design / CS1 even with relaxed cap
INFO:timetable_generator_engine:  [relaxed pass] Foundations of Computing: From Hardware Essentials to Web Design / CS4: placing 4 missing period(s)
WARNING:timetable_generator_engine:  [relaxed pass] Cannot place Foundations of Computing: From Hardware Essentials to Web Design / CS4 even with relaxed cap
INFO:timetable_generator_engine:  Attempt 6 (seed=996543) score: 88/100
INFO:timetable_generator_engine:Greedy attempt 7/80 …
WARNING:timetable_generator_engine:Cannot place theory period:
  Subject  : Digital Electronics and Logic Design
  Division : CS1
  Teacher  : Mr. Anoop Jose
  Required : 1 theory period(s)
  Conflicts:
    • division CS1 timetable completely full on: Mon, Tue, Wed, Thu, Fri
WARNING:timetable_generator_engine:Cannot place theory period:
  Subject  : Object Oriented Programming
  Division : CS1
  Teacher  : Ms. Sanooja Beegam M. A.
  Required : 1 theory period(s)
  Conflicts:
    • division CS1 timetable completely full on: Mon, Tue, Wed, Thu, Fri
WARNING:timetable_generator_engine:Cannot place theory period:
  Subject  : Digital Electronics and Logic Design
  Division : CS1
  Teacher  : Mr. Anoop Jose
  Required : 1 theory period(s)
  Conflicts:
    • division CS1 timetable completely full on: Mon, Tue, Wed, Thu, Fri
WARNING:timetable_generator_engine:Cannot place theory period:
  Subject  : Object Oriented Programming
  Division : CS1
  Teacher  : Ms. Sanooja Beegam M. A.
  Required : 1 theory period(s)
  Conflicts:
    • division CS1 timetable completely full on: Mon, Tue, Wed, Thu, Fri
WARNING:timetable_generator_engine:Cannot place theory period:
  Subject  : Digital Electronics and Logic Design
  Division : CS1
  Teacher  : Mr. Anoop Jose
  Required : 1 theory period(s)
  Conflicts:
    • division CS1 timetable completely full on: Mon, Tue, Wed, Thu, Fri
WARNING:timetable_generator_engine:Cannot place theory period:
  Subject  : Object Oriented Programming
  Division : CS3
  Teacher  : Ms. Anu S
  Required : 1 theory period(s)
  Conflicts:
    • division CS3 timetable completely full on: Mon, Tue, Wed, Thu, Fri
WARNING:timetable_generator_engine:Cannot place theory period:
  Subject  : Engineering Graphics and Computer Aided Drawing.
  Division : CS3
  Teacher  : Ms. Divya M. S.
  Required : 1 theory period(s)
  Conflicts:
    • division CS3 timetable completely full on: Mon, Tue, Wed, Thu, Fri
WARNING:timetable_generator_engine:Cannot place theory period:
  Subject  : Object Oriented Programming
  Division : CS3
  Teacher  : Ms. Anu S
  Required : 1 theory period(s)
  Conflicts:
    • division CS3 timetable completely full on: Mon, Tue, Wed, Thu, Fri
WARNING:timetable_generator_engine:Cannot place theory period:
  Subject  : Object Oriented Programming
  Division : CS3
  Teacher  : Ms. Anu S
  Required : 1 theory period(s)
  Conflicts:
    • division CS3 timetable completely full on: Mon, Tue, Wed, Thu, Fri
WARNING:timetable_generator_engine:Cannot place theory period:
  Subject  : Object Oriented Programming
  Division : CS3
  Teacher  : Ms. Anu S
  Required : 1 theory period(s)
  Conflicts:
    • division CS3 timetable completely full on: Mon, Tue, Wed, Thu, Fri
WARNING:timetable_generator_engine:Cannot place theory period:
  Subject  : Digital Electronics and Logic Design
  Division : CS4
  Teacher  : Ms. Sareena K. K.
  Required : 1 theory period(s)
  Conflicts:
    • division CS4 timetable completely full on: Mon, Tue, Wed, Thu, Fri
WARNING:timetable_generator_engine:Cannot place theory period:
  Subject  : Algorithmic Thinking with Python
  Division : CS2
  Teacher  : Ms. Bini Omman
  Required : 1 theory period(s)
  Conflicts:
    • division CS2 timetable completely full on: Mon, Tue, Wed, Thu, Fri
WARNING:timetable_generator_engine:Cannot place theory period:
  Subject  : Engineering Graphics and Computer Aided Drawing.
  Division : CS4
  Teacher  : Dr. Geethu R.
  Required : 1 theory period(s)
  Conflicts:
    • division CS4 timetable completely full on: Mon, Tue, Wed, Thu, Fri
WARNING:timetable_generator_engine:Cannot place theory period:
  Subject  : Programming in C
  Division : CS2
  Teacher  : Ms. Sruthy K. Joseph
  Required : 1 theory period(s)
  Conflicts:
    • division CS2 timetable completely full on: Mon, Tue, Wed, Thu, Fri
WARNING:timetable_generator_engine:Cannot place theory period:
  Subject  : Engineering Graphics and Computer Aided Drawing.
  Division : CS4
  Teacher  : Dr. Geethu R.
  Required : 1 theory period(s)
  Conflicts:
    • division CS4 timetable completely full on: Mon, Tue, Wed, Thu, Fri
WARNING:timetable_generator_engine:Cannot place theory period:
  Subject  : Programming in C
  Division : CS2
  Teacher  : Ms. Sruthy K. Joseph
  Required : 1 theory period(s)
  Conflicts:
    • division CS2 timetable completely full on: Mon, Tue, Wed, Thu, Fri
WARNING:timetable_generator_engine:Cannot place theory period:
  Subject  : Engineering Graphics and Computer Aided Drawing.
  Division : CS4
  Teacher  : Dr. Geethu R.
  Required : 1 theory period(s)
  Conflicts:
    • division CS4 timetable completely full on: Mon, Tue, Wed, Thu, Fri
WARNING:timetable_generator_engine:Cannot place theory period:
  Subject  : Programming in C
  Division : CS2
  Teacher  : Ms. Sruthy K. Joseph
  Required : 1 theory period(s)
  Conflicts:
    • division CS2 timetable completely full on: Mon, Tue, Wed, Thu, Fri
WARNING:timetable_generator_engine:Cannot place theory period:
  Subject  : Engineering Graphics and Computer Aided Drawing.
  Division : CS4
  Teacher  : Dr. Geethu R.
  Required : 1 theory period(s)
  Conflicts:
    • division CS4 timetable completely full on: Mon, Tue, Wed, Thu, Fri
WARNING:timetable_generator_engine:Cannot place theory period:
  Subject  : Programming in C
  Division : CS2
  Teacher  : Ms. Sruthy K. Joseph
  Required : 1 theory period(s)
  Conflicts:
    • division CS2 timetable completely full on: Mon, Tue, Wed, Thu, Fri
INFO:timetable_generator_engine:  [relaxed pass] Object Oriented Programming / CS1: placing 2 missing period(s)
WARNING:timetable_generator_engine:  [relaxed pass] Cannot place Object Oriented Programming / CS1 even with relaxed cap
INFO:timetable_generator_engine:  [relaxed pass] Engineering Graphics and Computer Aided Drawing. / CS3: placing 1 missing period(s)
WARNING:timetable_generator_engine:  [relaxed pass] Cannot place Engineering Graphics and Computer Aided Drawing. / CS3 even with relaxed cap
INFO:timetable_generator_engine:  [relaxed pass] Digital Electronics and Logic Design / CS1: placing 3 missing period(s)
WARNING:timetable_generator_engine:  [relaxed pass] Cannot place Digital Electronics and Logic Design / CS1 even with relaxed cap
INFO:timetable_generator_engine:  [relaxed pass] Digital Electronics and Logic Design / CS4: placing 1 missing period(s)
WARNING:timetable_generator_engine:  [relaxed pass] Cannot place Digital Electronics and Logic Design / CS4 even with relaxed cap
INFO:timetable_generator_engine:  [relaxed pass] Programming in C / CS2: placing 4 missing period(s)
WARNING:timetable_generator_engine:  [relaxed pass] Cannot place Programming in C / CS2 even with relaxed cap
INFO:timetable_generator_engine:  [relaxed pass] Object Oriented Programming / CS3: placing 4 missing period(s)
WARNING:timetable_generator_engine:  [relaxed pass] Cannot place Object Oriented Programming / CS3 even with relaxed cap
INFO:timetable_generator_engine:  [relaxed pass] Engineering Graphics and Computer Aided Drawing. / CS4: placing 4 missing period(s)
WARNING:timetable_generator_engine:  [relaxed pass] Cannot place Engineering Graphics and Computer Aided Drawing. / CS4 even with relaxed cap
INFO:timetable_generator_engine:  [relaxed pass] Algorithmic Thinking with Python / CS2: placing 1 missing period(s)
WARNING:timetable_generator_engine:  [relaxed pass] Cannot place Algorithmic Thinking with Python / CS2 even with relaxed cap
INFO:timetable_generator_engine:  Attempt 7 (seed=545724) score: 91/100
INFO:timetable_generator_engine:Greedy attempt 8/80 …
WARNING:timetable_generator_engine:Cannot place theory period:
  Subject  : Programming in C
  Division : CS1
  Teacher  : Ms. Meera V. M.
  Required : 1 theory period(s)
  Conflicts:
    • division CS1 timetable completely full on: Mon, Tue, Wed, Thu, Fri
WARNING:timetable_generator_engine:Cannot place theory period:
  Subject  : Object Oriented Programming
  Division : CS1
  Teacher  : Ms. Sanooja Beegam M. A.
  Required : 1 theory period(s)
  Conflicts:
    • division CS1 timetable completely full on: Mon, Tue, Wed, Thu, Fri
WARNING:timetable_generator_engine:Cannot place theory period:
  Subject  : Programming in C
  Division : CS1
  Teacher  : Ms. Meera V. M.
  Required : 1 theory period(s)
  Conflicts:
    • division CS1 timetable completely full on: Mon, Tue, Wed, Thu, Fri
WARNING:timetable_generator_engine:Cannot place theory period:
  Subject  : Programming in C
  Division : CS1
  Teacher  : Ms. Meera V. M.
  Required : 1 theory period(s)
  Conflicts:
    • division CS1 timetable completely full on: Mon, Tue, Wed, Thu, Fri
WARNING:timetable_generator_engine:Cannot place theory period:
  Subject  : Programming in C
  Division : CS1
  Teacher  : Ms. Meera V. M.
  Required : 1 theory period(s)
  Conflicts:
    • division CS1 timetable completely full on: Mon, Tue, Wed, Thu, Fri
WARNING:timetable_generator_engine:Cannot place theory period:
  Subject  : Object Oriented Programming
  Division : CS4
  Teacher  : Ms. Neethu Roy
  Required : 1 theory period(s)
  Conflicts:
    • division CS4 timetable completely full on: Mon, Tue, Wed, Thu, Fri
WARNING:timetable_generator_engine:Cannot place theory period:
  Subject  : Algorithmic Thinking with Python
  Division : CS4
  Teacher  : Ms. Neethu Krishna
  Required : 1 theory period(s)
  Conflicts:
    • division CS4 timetable completely full on: Mon, Tue, Wed, Thu, Fri
WARNING:timetable_generator_engine:Cannot place theory period:
  Subject  : Object Oriented Programming
  Division : CS4
  Teacher  : Ms. Neethu Roy
  Required : 1 theory period(s)
  Conflicts:
    • division CS4 timetable completely full on: Mon, Tue, Wed, Thu, Fri
WARNING:timetable_generator_engine:Cannot place theory period:
  Subject  : Engineering Graphics and Computer Aided Drawing.
  Division : CS3
  Teacher  : Ms. Divya M. S.
  Required : 1 theory period(s)
  Conflicts:
    • division CS3 timetable completely full on: Mon, Tue, Wed, Thu, Fri
WARNING:timetable_generator_engine:Cannot place theory period:
  Subject  : Digital Electronics and Logic Design
  Division : CS2
  Teacher  : Ms. Smera Thomas
  Required : 1 theory period(s)
  Conflicts:
    • division CS2 timetable completely full on: Mon, Tue, Wed, Thu, Fri
WARNING:timetable_generator_engine:Cannot place theory period:
  Subject  : Algorithmic Thinking with Python
  Division : CS4
  Teacher  : Ms. Neethu Krishna
  Required : 1 theory period(s)
  Conflicts:
    • division CS4 timetable completely full on: Mon, Tue, Wed, Thu, Fri
WARNING:timetable_generator_engine:Cannot place theory period:
  Subject  : Object Oriented Programming
  Division : CS4
  Teacher  : Ms. Neethu Roy
  Required : 1 theory period(s)
  Conflicts:
    • division CS4 timetable completely full on: Mon, Tue, Wed, Thu, Fri
WARNING:timetable_generator_engine:Cannot place theory period:
  Subject  : Programming in C
  Division : CS2
  Teacher  : Ms. Sruthy K. Joseph
  Required : 1 theory period(s)
  Conflicts:
    • division CS2 timetable completely full on: Mon, Tue, Wed, Thu, Fri
WARNING:timetable_generator_engine:Cannot place theory period:
  Subject  : Engineering Graphics and Computer Aided Drawing.
  Division : CS3
  Teacher  : Ms. Divya M. S.
  Required : 1 theory period(s)
  Conflicts:
    • division CS3 timetable completely full on: Mon, Tue, Wed, Thu, Fri
WARNING:timetable_generator_engine:Cannot place theory period:
  Subject  : Programming in C
  Division : CS2
  Teacher  : Ms. Sruthy K. Joseph
  Required : 1 theory period(s)
  Conflicts:
    • division CS2 timetable completely full on: Mon, Tue, Wed, Thu, Fri
WARNING:timetable_generator_engine:Cannot place theory period:
  Subject  : Engineering Graphics and Computer Aided Drawing.
  Division : CS3
  Teacher  : Ms. Divya M. S.
  Required : 1 theory period(s)
  Conflicts:
    • division CS3 timetable completely full on: Mon, Tue, Wed, Thu, Fri
WARNING:timetable_generator_engine:Cannot place theory period:
  Subject  : Programming in C
  Division : CS2
  Teacher  : Ms. Sruthy K. Joseph
  Required : 1 theory period(s)
  Conflicts:
    • division CS2 timetable completely full on: Mon, Tue, Wed, Thu, Fri
WARNING:timetable_generator_engine:Cannot place theory period:
  Subject  : Engineering Graphics and Computer Aided Drawing.
  Division : CS3
  Teacher  : Ms. Divya M. S.
  Required : 1 theory period(s)
  Conflicts:
    • division CS3 timetable completely full on: Mon, Tue, Wed, Thu, Fri
WARNING:timetable_generator_engine:Cannot place theory period:
  Subject  : Programming in C
  Division : CS2
  Teacher  : Ms. Sruthy K. Joseph
  Required : 1 theory period(s)
  Conflicts:
    • division CS2 timetable completely full on: Mon, Tue, Wed, Thu, Fri
WARNING:timetable_generator_engine:Cannot place theory period:
  Subject  : Engineering Graphics and Computer Aided Drawing.
  Division : CS3
  Teacher  : Ms. Divya M. S.
  Required : 1 theory period(s)
  Conflicts:
    • division CS3 timetable completely full on: Mon, Tue, Wed, Thu, Fri
INFO:timetable_generator_engine:  [relaxed pass] Digital Electronics and Logic Design / CS2: placing 1 missing period(s)
WARNING:timetable_generator_engine:  [relaxed pass] Cannot place Digital Electronics and Logic Design / CS2 even with relaxed cap
INFO:timetable_generator_engine:  [relaxed pass] Programming in C / CS1: placing 4 missing period(s)
WARNING:timetable_generator_engine:  [relaxed pass] Cannot place Programming in C / CS1 even with relaxed cap
INFO:timetable_generator_engine:  [relaxed pass] Object Oriented Programming / CS1: placing 1 missing period(s)
WARNING:timetable_generator_engine:  [relaxed pass] Cannot place Object Oriented Programming / CS1 even with relaxed cap
INFO:timetable_generator_engine:  [relaxed pass] Algorithmic Thinking with Python / CS4: placing 2 missing period(s)
WARNING:timetable_generator_engine:  [relaxed pass] Cannot place Algorithmic Thinking with Python / CS4 even with relaxed cap
INFO:timetable_generator_engine:  [relaxed pass] Programming in C / CS2: placing 4 missing period(s)
WARNING:timetable_generator_engine:  [relaxed pass] Cannot place Programming in C / CS2 even with relaxed cap
INFO:timetable_generator_engine:  [relaxed pass] Engineering Graphics and Computer Aided Drawing. / CS3: placing 5 missing period(s)
WARNING:timetable_generator_engine:  [relaxed pass] Cannot place Engineering Graphics and Computer Aided Drawing. / CS3 even with relaxed cap
INFO:timetable_generator_engine:  [relaxed pass] Object Oriented Programming / CS4: placing 3 missing period(s)
WARNING:timetable_generator_engine:  [relaxed pass] Cannot place Object Oriented Programming / CS4 even with relaxed cap
INFO:timetable_generator_engine:  Attempt 8 (seed=308367) score: 92/100
INFO:timetable_generator_engine:Greedy attempt 9/80 …
WARNING:timetable_generator_engine:Cannot place theory period:
  Subject  : Engineering Graphics and Computer Aided Drawing.
  Division : CS4
  Teacher  : Dr. Geethu R.
  Required : 1 theory period(s)
  Conflicts:
    • division CS4 timetable completely full on: Mon, Tue, Wed, Thu, Fri
WARNING:timetable_generator_engine:Cannot place theory period:
  Subject  : Algorithmic Thinking with Python
  Division : CS4
  Teacher  : Ms. Neethu Krishna
  Required : 1 theory period(s)
  Conflicts:
    • division CS4 timetable completely full on: Mon, Tue, Wed, Thu, Fri
WARNING:timetable_generator_engine:Cannot place theory period:
  Subject  : Engineering Graphics and Computer Aided Drawing.
  Division : CS4
  Teacher  : Dr. Geethu R.
  Required : 1 theory period(s)
  Conflicts:
    • division CS4 timetable completely full on: Mon, Tue, Wed, Thu, Fri
WARNING:timetable_generator_engine:Cannot place theory period:
  Subject  : Engineering Graphics and Computer Aided Drawing.
  Division : CS4
  Teacher  : Dr. Geethu R.
  Required : 1 theory period(s)
  Conflicts:
    • division CS4 timetable completely full on: Mon, Tue, Wed, Thu, Fri
WARNING:timetable_generator_engine:Cannot place theory period:
  Subject  : Algorithmic Thinking with Python
  Division : CS2
  Teacher  : Ms. Bini Omman
  Required : 1 theory period(s)
  Conflicts:
    • division CS2 timetable completely full on: Mon, Tue, Wed, Thu, Fri
WARNING:timetable_generator_engine:Cannot place theory period:
  Subject  : Programming in C
  Division : CS2
  Teacher  : Ms. Sruthy K. Joseph
  Required : 1 theory period(s)
  Conflicts:
    • division CS2 timetable completely full on: Mon, Tue, Wed, Thu, Fri
WARNING:timetable_generator_engine:Cannot place theory period:
  Subject  : Engineering Graphics and Computer Aided Drawing.
  Division : CS4
  Teacher  : Dr. Geethu R.
  Required : 1 theory period(s)
  Conflicts:
    • division CS4 timetable completely full on: Mon, Tue, Wed, Thu, Fri
WARNING:timetable_generator_engine:Cannot place theory period:
  Subject  : Algorithmic Thinking with Python
  Division : CS2
  Teacher  : Ms. Bini Omman
  Required : 1 theory period(s)
  Conflicts:
    • division CS2 timetable completely full on: Mon, Tue, Wed, Thu, Fri
WARNING:timetable_generator_engine:Cannot place theory period:
  Subject  : Algorithmic Thinking with Python
  Division : CS2
  Teacher  : Ms. Bini Omman
  Required : 1 theory period(s)
  Conflicts:
    • division CS2 timetable completely full on: Mon, Tue, Wed, Thu, Fri
WARNING:timetable_generator_engine:Cannot place theory period:
  Subject  : Programming in C
  Division : CS3
  Teacher  : Ms. Demy Devassy
  Required : 1 theory period(s)
  Conflicts:
    • division CS3 timetable completely full on: Mon, Tue, Wed, Thu, Fri
WARNING:timetable_generator_engine:Cannot place theory period:
  Subject  : Algorithmic Thinking with Python
  Division : CS2
  Teacher  : Ms. Bini Omman
  Required : 1 theory period(s)
  Conflicts:
    • division CS2 timetable completely full on: Mon, Tue, Wed, Thu, Fri
WARNING:timetable_generator_engine:Cannot place theory period:
  Subject  : Digital Electronics and Logic Design
  Division : CS1
  Teacher  : Mr. Anoop Jose
  Required : 1 theory period(s)
  Conflicts:
    • division CS1 timetable completely full on: Mon, Tue, Wed, Thu, Fri
WARNING:timetable_generator_engine:Cannot place theory period:
  Subject  : Programming in C
  Division : CS3
  Teacher  : Ms. Demy Devassy
  Required : 1 theory period(s)
  Conflicts:
    • division CS3 timetable completely full on: Mon, Tue, Wed, Thu, Fri
WARNING:timetable_generator_engine:Cannot place theory period:
  Subject  : Engineering Graphics and Computer Aided Drawing.
  Division : CS1
  Teacher  : Ms. Jane Theresa
  Required : 1 theory period(s)
  Conflicts:
    • division CS1 timetable completely full on: Mon, Tue, Wed, Thu, Fri
WARNING:timetable_generator_engine:Cannot place theory period:
  Subject  : Programming in C
  Division : CS3
  Teacher  : Ms. Demy Devassy
  Required : 1 theory period(s)
  Conflicts:
    • division CS3 timetable completely full on: Mon, Tue, Wed, Thu, Fri
WARNING:timetable_generator_engine:Cannot place theory period:
  Subject  : Engineering Graphics and Computer Aided Drawing.
  Division : CS1
  Teacher  : Ms. Jane Theresa
  Required : 1 theory period(s)
  Conflicts:
    • division CS1 timetable completely full on: Mon, Tue, Wed, Thu, Fri
WARNING:timetable_generator_engine:Cannot place theory period:
  Subject  : Programming in C
  Division : CS3
  Teacher  : Ms. Demy Devassy
  Required : 1 theory period(s)
  Conflicts:
    • division CS3 timetable completely full on: Mon, Tue, Wed, Thu, Fri
WARNING:timetable_generator_engine:Cannot place theory period:
  Subject  : Engineering Graphics and Computer Aided Drawing.
  Division : CS1
  Teacher  : Ms. Jane Theresa
  Required : 1 theory period(s)
  Conflicts:
    • division CS1 timetable completely full on: Mon, Tue, Wed, Thu, Fri
WARNING:timetable_generator_engine:Cannot place theory period:
  Subject  : Programming in C
  Division : CS3
  Teacher  : Ms. Demy Devassy
  Required : 1 theory period(s)
  Conflicts:
    • division CS3 timetable completely full on: Mon, Tue, Wed, Thu, Fri
WARNING:timetable_generator_engine:Cannot place theory period:
  Subject  : Engineering Graphics and Computer Aided Drawing.
  Division : CS1
  Teacher  : Ms. Jane Theresa
  Required : 1 theory period(s)
  Conflicts:
    • division CS1 timetable completely full on: Mon, Tue, Wed, Thu, Fri
INFO:timetable_generator_engine:  [relaxed pass] Programming in C / CS2: placing 1 missing period(s)
WARNING:timetable_generator_engine:  [relaxed pass] Cannot place Programming in C / CS2 even with relaxed cap
INFO:timetable_generator_engine:  [relaxed pass] Algorithmic Thinking with Python / CS4: placing 1 missing period(s)
WARNING:timetable_generator_engine:  [relaxed pass] Cannot place Algorithmic Thinking with Python / CS4 even with relaxed cap
INFO:timetable_generator_engine:  [relaxed pass] Programming in C / CS3: placing 5 missing period(s)
WARNING:timetable_generator_engine:  [relaxed pass] Cannot place Programming in C / CS3 even with relaxed cap
INFO:timetable_generator_engine:  [relaxed pass] Engineering Graphics and Computer Aided Drawing. / CS4: placing 4 missing period(s)
WARNING:timetable_generator_engine:  [relaxed pass] Cannot place Engineering Graphics and Computer Aided Drawing. / CS4 even with relaxed cap
INFO:timetable_generator_engine:  [relaxed pass] Digital Electronics and Logic Design / CS1: placing 1 missing period(s)
WARNING:timetable_generator_engine:  [relaxed pass] Cannot place Digital Electronics and Logic Design / CS1 even with relaxed cap
INFO:timetable_generator_engine:  [relaxed pass] Algorithmic Thinking with Python / CS2: placing 4 missing period(s)
WARNING:timetable_generator_engine:  [relaxed pass] Cannot place Algorithmic Thinking with Python / CS2 even with relaxed cap
INFO:timetable_generator_engine:  [relaxed pass] Engineering Graphics and Computer Aided Drawing. / CS1: placing 4 missing period(s)
WARNING:timetable_generator_engine:  [relaxed pass] Cannot place Engineering Graphics and Computer Aided Drawing. / CS1 even with relaxed cap
INFO:timetable_generator_engine:  Attempt 9 (seed=554011) score: 84/100
INFO:timetable_generator_engine:Greedy attempt 10/80 …
WARNING:timetable_generator_engine:Cannot place theory period:
  Subject  : Programming in C
  Division : CS3
  Teacher  : Ms. Demy Devassy
  Required : 1 theory period(s)
  Conflicts:
    • division CS3 timetable completely full on: Mon, Tue, Wed, Thu, Fri
WARNING:timetable_generator_engine:Cannot place theory period:
  Subject  : Programming in C
  Division : CS3
  Teacher  : Ms. Demy Devassy
  Required : 1 theory period(s)
  Conflicts:
    • division CS3 timetable completely full on: Mon, Tue, Wed, Thu, Fri
WARNING:timetable_generator_engine:Cannot place theory period:
  Subject  : Programming in C
  Division : CS3
  Teacher  : Ms. Demy Devassy
  Required : 1 theory period(s)
  Conflicts:
    • division CS3 timetable completely full on: Mon, Tue, Wed, Thu, Fri
WARNING:timetable_generator_engine:Cannot place theory period:
  Subject  : Digital Electronics and Logic Design
  Division : CS4
  Teacher  : Ms. Sareena K. K.
  Required : 1 theory period(s)
  Conflicts:
    • division CS4 timetable completely full on: Mon, Tue, Wed, Thu, Fri
WARNING:timetable_generator_engine:Cannot place theory period:
  Subject  : Programming in C
  Division : CS3
  Teacher  : Ms. Demy Devassy
  Required : 1 theory period(s)
  Conflicts:
    • division CS3 timetable completely full on: Mon, Tue, Wed, Thu, Fri
WARNING:timetable_generator_engine:Cannot place theory period:
  Subject  : Algorithmic Thinking with Python
  Division : CS1
  Teacher  : Dr. Deepa K.
  Required : 1 theory period(s)
  Conflicts:
    • division CS1 timetable completely full on: Mon, Tue, Wed, Thu, Fri
WARNING:timetable_generator_engine:Cannot place theory period:
  Subject  : Digital Electronics and Logic Design
  Division : CS4
  Teacher  : Ms. Sareena K. K.
  Required : 1 theory period(s)
  Conflicts:
    • division CS4 timetable completely full on: Mon, Tue, Wed, Thu, Fri
WARNING:timetable_generator_engine:Cannot place theory period:
  Subject  : Programming in C
  Division : CS3
  Teacher  : Ms. Demy Devassy
  Required : 1 theory period(s)
  Conflicts:
    • division CS3 timetable completely full on: Mon, Tue, Wed, Thu, Fri
WARNING:timetable_generator_engine:Cannot place theory period:
  Subject  : Engineering Graphics and Computer Aided Drawing.
  Division : CS1
  Teacher  : Ms. Jane Theresa
  Required : 1 theory period(s)
  Conflicts:
    • division CS1 timetable completely full on: Mon, Tue, Wed, Thu, Fri
WARNING:timetable_generator_engine:Cannot place theory period:
  Subject  : Algorithmic Thinking with Python
  Division : CS1
  Teacher  : Dr. Deepa K.
  Required : 1 theory period(s)
  Conflicts:
    • division CS1 timetable completely full on: Mon, Tue, Wed, Thu, Fri
WARNING:timetable_generator_engine:Cannot place theory period:
  Subject  : Digital Electronics and Logic Design
  Division : CS4
  Teacher  : Ms. Sareena K. K.
  Required : 1 theory period(s)
  Conflicts:
    • division CS4 timetable completely full on: Mon, Tue, Wed, Thu, Fri
WARNING:timetable_generator_engine:Cannot place theory period:
  Subject  : Algorithmic Thinking with Python
  Division : CS1
  Teacher  : Dr. Deepa K.
  Required : 1 theory period(s)
  Conflicts:
    • division CS1 timetable completely full on: Mon, Tue, Wed, Thu, Fri
WARNING:timetable_generator_engine:Cannot place theory period:
  Subject  : Digital Electronics and Logic Design
  Division : CS4
  Teacher  : Ms. Sareena K. K.
  Required : 1 theory period(s)
  Conflicts:
    • division CS4 timetable completely full on: Mon, Tue, Wed, Thu, Fri
WARNING:timetable_generator_engine:Cannot place theory period:
  Subject  : Algorithmic Thinking with Python
  Division : CS1
  Teacher  : Dr. Deepa K.
  Required : 1 theory period(s)
  Conflicts:
    • division CS1 timetable completely full on: Mon, Tue, Wed, Thu, Fri
WARNING:timetable_generator_engine:Cannot place theory period:
  Subject  : Digital Electronics and Logic Design
  Division : CS4
  Teacher  : Ms. Sareena K. K.
  Required : 1 theory period(s)
  Conflicts:
    • division CS4 timetable completely full on: Mon, Tue, Wed, Thu, Fri
WARNING:timetable_generator_engine:Cannot place theory period:
  Subject  : Engineering Graphics and Computer Aided Drawing.
  Division : CS2
  Teacher  : Ms. Preema T. S.
  Required : 1 theory period(s)
  Conflicts:
    • division CS2 timetable completely full on: Mon, Tue, Wed, Thu, Fri
WARNING:timetable_generator_engine:Cannot place theory period:
  Subject  : Programming in C
  Division : CS2
  Teacher  : Ms. Sruthy K. Joseph
  Required : 1 theory period(s)
  Conflicts:
    • division CS2 timetable completely full on: Mon, Tue, Wed, Thu, Fri
WARNING:timetable_generator_engine:Cannot place theory period:
  Subject  : Engineering Graphics and Computer Aided Drawing.
  Division : CS2
  Teacher  : Ms. Preema T. S.
  Required : 1 theory period(s)
  Conflicts:
    • division CS2 timetable completely full on: Mon, Tue, Wed, Thu, Fri
WARNING:timetable_generator_engine:Cannot place theory period:
  Subject  : Programming in C
  Division : CS2
  Teacher  : Ms. Sruthy K. Joseph
  Required : 1 theory period(s)
  Conflicts:
    • division CS2 timetable completely full on: Mon, Tue, Wed, Thu, Fri
WARNING:timetable_generator_engine:Cannot place theory period:
  Subject  : Engineering Graphics and Computer Aided Drawing.
  Division : CS2
  Teacher  : Ms. Preema T. S.
  Required : 1 theory period(s)
  Conflicts:
    • division CS2 timetable completely full on: Mon, Tue, Wed, Thu, Fri
INFO:timetable_generator_engine:  [relaxed pass] Programming in C / CS3: placing 5 missing period(s)
WARNING:timetable_generator_engine:  [relaxed pass] Cannot place Programming in C / CS3 even with relaxed cap
INFO:timetable_generator_engine:  [relaxed pass] Programming in C / CS2: placing 2 missing period(s)
WARNING:timetable_generator_engine:  [relaxed pass] Cannot place Programming in C / CS2 even with relaxed cap
INFO:timetable_generator_engine:  [relaxed pass] Algorithmic Thinking with Python / CS1: placing 4 missing period(s)
WARNING:timetable_generator_engine:  [relaxed pass] Cannot place Algorithmic Thinking with Python / CS1 even with relaxed cap
INFO:timetable_generator_engine:  [relaxed pass] Engineering Graphics and Computer Aided Drawing. / CS1: placing 1 missing period(s)
WARNING:timetable_generator_engine:  [relaxed pass] Cannot place Engineering Graphics and Computer Aided Drawing. / CS1 even with relaxed cap
INFO:timetable_generator_engine:  [relaxed pass] Digital Electronics and Logic Design / CS4: placing 5 missing period(s)
WARNING:timetable_generator_engine:  [relaxed pass] Cannot place Digital Electronics and Logic Design / CS4 even with relaxed cap
INFO:timetable_generator_engine:  [relaxed pass] Engineering Graphics and Computer Aided Drawing. / CS2: placing 3 missing period(s)
WARNING:timetable_generator_engine:  [relaxed pass] Cannot place Engineering Graphics and Computer Aided Drawing. / CS2 even with relaxed cap
INFO:timetable_generator_engine:  Attempt 10 (seed=342624) score: 84/100
INFO:timetable_generator_engine:Greedy attempt 11/80 …
WARNING:timetable_generator_engine:Cannot place theory period:
  Subject  : Digital Electronics and Logic Design
  Division : CS4
  Teacher  : Ms. Sareena K. K.
  Required : 1 theory period(s)
  Conflicts:
    • division CS4 timetable completely full on: Mon, Tue, Wed, Thu
WARNING:timetable_generator_engine:Cannot place theory period:
  Subject  : Programming in C
  Division : CS1
  Teacher  : Ms. Meera V. M.
  Required : 1 theory period(s)
  Conflicts:
    • division CS1 timetable completely full on: Mon, Tue, Wed, Fri
WARNING:timetable_generator_engine:Cannot place theory period:
  Subject  : Algorithmic Thinking with Python
  Division : CS4
  Teacher  : Ms. Neethu Krishna
  Required : 1 theory period(s)
  Conflicts:
    • division CS4 timetable completely full on: Mon, Tue, Wed, Thu, Fri
WARNING:timetable_generator_engine:Cannot place theory period:
  Subject  : Algorithmic Thinking with Python
  Division : CS4
  Teacher  : Ms. Neethu Krishna
  Required : 1 theory period(s)
  Conflicts:
    • division CS4 timetable completely full on: Mon, Tue, Wed, Thu, Fri
WARNING:timetable_generator_engine:Cannot place theory period:
  Subject  : Algorithmic Thinking with Python
  Division : CS4
  Teacher  : Ms. Neethu Krishna
  Required : 1 theory period(s)
  Conflicts:
    • division CS4 timetable completely full on: Mon, Tue, Wed, Thu, Fri
WARNING:timetable_generator_engine:Cannot place theory period:
  Subject  : Algorithmic Thinking with Python
  Division : CS4
  Teacher  : Ms. Neethu Krishna
  Required : 1 theory period(s)
  Conflicts:
    • division CS4 timetable completely full on: Mon, Tue, Wed, Thu, Fri
WARNING:timetable_generator_engine:Cannot place theory period:
  Subject  : Object Oriented Programming
  Division : CS1
  Teacher  : Ms. Sanooja Beegam M. A.
  Required : 1 theory period(s)
  Conflicts:
    • division CS1 timetable completely full on: Mon, Tue, Wed, Thu, Fri
WARNING:timetable_generator_engine:Cannot place theory period:
  Subject  : Object Oriented Programming
  Division : CS1
  Teacher  : Ms. Sanooja Beegam M. A.
  Required : 1 theory period(s)
  Conflicts:
    • division CS1 timetable completely full on: Mon, Tue, Wed, Thu, Fri
WARNING:timetable_generator_engine:Cannot place theory period:
  Subject  : Object Oriented Programming
  Division : CS1
  Teacher  : Ms. Sanooja Beegam M. A.
  Required : 1 theory period(s)
  Conflicts:
    • division CS1 timetable completely full on: Mon, Tue, Wed, Thu, Fri
WARNING:timetable_generator_engine:Cannot place theory period:
  Subject  : Engineering Graphics and Computer Aided Drawing.
  Division : CS3
  Teacher  : Ms. Divya M. S.
  Required : 1 theory period(s)
  Conflicts:
    • division CS3 timetable completely full on: Mon, Tue, Wed, Thu, Fri
WARNING:timetable_generator_engine:Cannot place theory period:
  Subject  : Object Oriented Programming
  Division : CS1
  Teacher  : Ms. Sanooja Beegam M. A.
  Required : 1 theory period(s)
  Conflicts:
    • division CS1 timetable completely full on: Mon, Tue, Wed, Thu, Fri
WARNING:timetable_generator_engine:Cannot place theory period:
  Subject  : Algorithmic Thinking with Python
  Division : CS2
  Teacher  : Ms. Bini Omman
  Required : 1 theory period(s)
  Conflicts:
    • division CS2 timetable completely full on: Mon, Tue, Wed, Thu, Fri
WARNING:timetable_generator_engine:Cannot place theory period:
  Subject  : Engineering Graphics and Computer Aided Drawing.
  Division : CS3
  Teacher  : Ms. Divya M. S.
  Required : 1 theory period(s)
  Conflicts:
    • division CS3 timetable completely full on: Mon, Tue, Wed, Thu, Fri
WARNING:timetable_generator_engine:Cannot place theory period:
  Subject  : Programming in C
  Division : CS2
  Teacher  : Ms. Sruthy K. Joseph
  Required : 1 theory period(s)
  Conflicts:
    • division CS2 timetable completely full on: Mon, Tue, Wed, Thu, Fri
WARNING:timetable_generator_engine:Cannot place theory period:
  Subject  : Engineering Graphics and Computer Aided Drawing.
  Division : CS3
  Teacher  : Ms. Divya M. S.
  Required : 1 theory period(s)
  Conflicts:
    • division CS3 timetable completely full on: Mon, Tue, Wed, Thu, Fri
WARNING:timetable_generator_engine:Cannot place theory period:
  Subject  : Programming in C
  Division : CS2
  Teacher  : Ms. Sruthy K. Joseph
  Required : 1 theory period(s)
  Conflicts:
    • division CS2 timetable completely full on: Mon, Tue, Wed, Thu, Fri
WARNING:timetable_generator_engine:Cannot place theory period:
  Subject  : Engineering Graphics and Computer Aided Drawing.
  Division : CS3
  Teacher  : Ms. Divya M. S.
  Required : 1 theory period(s)
  Conflicts:
    • division CS3 timetable completely full on: Mon, Tue, Wed, Thu, Fri
WARNING:timetable_generator_engine:Cannot place theory period:
  Subject  : Programming in C
  Division : CS2
  Teacher  : Ms. Sruthy K. Joseph
  Required : 1 theory period(s)
  Conflicts:
    • division CS2 timetable completely full on: Mon, Tue, Wed, Thu, Fri
WARNING:timetable_generator_engine:Cannot place theory period:
  Subject  : Engineering Graphics and Computer Aided Drawing.
  Division : CS3
  Teacher  : Ms. Divya M. S.
  Required : 1 theory period(s)
  Conflicts:
    • division CS3 timetable completely full on: Mon, Tue, Wed, Thu, Fri
WARNING:timetable_generator_engine:Cannot place theory period:
  Subject  : Programming in C
  Division : CS2
  Teacher  : Ms. Sruthy K. Joseph
  Required : 1 theory period(s)
  Conflicts:
    • division CS2 timetable completely full on: Mon, Tue, Wed, Thu, Fri
INFO:timetable_generator_engine:  [relaxed pass] Digital Electronics and Logic Design / CS4: placing 1 missing period(s)
WARNING:timetable_generator_engine:  [relaxed pass] Cannot place Digital Electronics and Logic Design / CS4 even with relaxed cap
INFO:timetable_generator_engine:  [relaxed pass] Algorithmic Thinking with Python / CS4: placing 4 missing period(s)
WARNING:timetable_generator_engine:  [relaxed pass] Cannot place Algorithmic Thinking with Python / CS4 even with relaxed cap
INFO:timetable_generator_engine:  [relaxed pass] Object Oriented Programming / CS1: placing 4 missing period(s)
WARNING:timetable_generator_engine:  [relaxed pass] Cannot place Object Oriented Programming / CS1 even with relaxed cap
INFO:timetable_generator_engine:  [relaxed pass] Algorithmic Thinking with Python / CS2: placing 1 missing period(s)
WARNING:timetable_generator_engine:  [relaxed pass] Cannot place Algorithmic Thinking with Python / CS2 even with relaxed cap
INFO:timetable_generator_engine:  [relaxed pass] Programming in C / CS1: placing 1 missing period(s)
WARNING:timetable_generator_engine:  [relaxed pass] Cannot place Programming in C / CS1 even with relaxed cap
INFO:timetable_generator_engine:  [relaxed pass] Engineering Graphics and Computer Aided Drawing. / CS3: placing 5 missing period(s)
WARNING:timetable_generator_engine:  [relaxed pass] Cannot place Engineering Graphics and Computer Aided Drawing. / CS3 even with relaxed cap
INFO:timetable_generator_engine:  [relaxed pass] Programming in C / CS2: placing 4 missing period(s)
WARNING:timetable_generator_engine:  [relaxed pass] Cannot place Programming in C / CS2 even with relaxed cap
INFO:timetable_generator_engine:  Attempt 11 (seed=733306) score: 87/100
INFO:timetable_generator_engine:Greedy attempt 12/80 …
WARNING:timetable_generator_engine:Cannot place theory period:
  Subject  : Programming in C
  Division : CS4
  Teacher  : Ms. Vyshna R. K.
  Required : 1 theory period(s)
  Conflicts:
    • division CS4 timetable completely full on: Mon, Tue, Wed, Thu, Fri
WARNING:timetable_generator_engine:Cannot place theory period:
  Subject  : Foundations of Computing: From Hardware Essentials to Web Design
  Division : CS4
  Teacher  : Ms. Doney Daniel
  Required : 1 theory period(s)
  Conflicts:
    • division CS4 timetable completely full on: Mon, Tue, Wed, Thu, Fri
WARNING:timetable_generator_engine:Cannot place theory period:
  Subject  : Foundations of Computing: From Hardware Essentials to Web Design
  Division : CS4
  Teacher  : Ms. Doney Daniel
  Required : 1 theory period(s)
  Conflicts:
    • division CS4 timetable completely full on: Mon, Tue, Wed, Thu, Fri
WARNING:timetable_generator_engine:Cannot place theory period:
  Subject  : Foundations of Computing: From Hardware Essentials to Web Design
  Division : CS4
  Teacher  : Ms. Doney Daniel
  Required : 1 theory period(s)
  Conflicts:
    • division CS4 timetable completely full on: Mon, Tue, Wed, Thu, Fri
WARNING:timetable_generator_engine:Cannot place theory period:
  Subject  : Programming in C
  Division : CS1
  Teacher  : Ms. Meera V. M.
  Required : 1 theory period(s)
  Conflicts:
    • division CS1 timetable completely full on: Mon, Tue, Wed, Thu, Fri
WARNING:timetable_generator_engine:Cannot place theory period:
  Subject  : Foundations of Computing: From Hardware Essentials to Web Design
  Division : CS4
  Teacher  : Ms. Doney Daniel
  Required : 1 theory period(s)
  Conflicts:
    • division CS4 timetable completely full on: Mon, Tue, Wed, Thu, Fri
WARNING:timetable_generator_engine:Cannot place theory period:
  Subject  : Engineering Graphics and Computer Aided Drawing.
  Division : CS1
  Teacher  : Ms. Jane Theresa
  Required : 1 theory period(s)
  Conflicts:
    • division CS1 timetable completely full on: Mon, Tue, Wed, Thu, Fri
WARNING:timetable_generator_engine:Cannot place theory period:
  Subject  : Programming in C
  Division : CS1
  Teacher  : Ms. Meera V. M.
  Required : 1 theory period(s)
  Conflicts:
    • division CS1 timetable completely full on: Mon, Tue, Wed, Thu, Fri
WARNING:timetable_generator_engine:Cannot place theory period:
  Subject  : Engineering Graphics and Computer Aided Drawing.
  Division : CS1
  Teacher  : Ms. Jane Theresa
  Required : 1 theory period(s)
  Conflicts:
    • division CS1 timetable completely full on: Mon, Tue, Wed, Thu, Fri
WARNING:timetable_generator_engine:Cannot place theory period:
  Subject  : Programming in C
  Division : CS1
  Teacher  : Ms. Meera V. M.
  Required : 1 theory period(s)
  Conflicts:
    • division CS1 timetable completely full on: Mon, Tue, Wed, Thu, Fri
WARNING:timetable_generator_engine:Cannot place theory period:
  Subject  : Object Oriented Programming
  Division : CS3
  Teacher  : Ms. Anu S
  Required : 1 theory period(s)
  Conflicts:
    • division CS3 timetable completely full on: Mon, Tue, Wed, Thu, Fri
WARNING:timetable_generator_engine:Cannot place theory period:
  Subject  : Algorithmic Thinking with Python
  Division : CS3
  Teacher  : Dr. Varun G. Menon
  Required : 1 theory period(s)
  Conflicts:
    • division CS3 timetable completely full on: Mon, Tue, Wed, Thu, Fri
WARNING:timetable_generator_engine:Cannot place theory period:
  Subject  : Digital Electronics and Logic Design
  Division : CS3
  Teacher  : Dr. Noora V. T.
  Required : 1 theory period(s)
  Conflicts:
    • division CS3 timetable completely full on: Mon, Tue, Wed, Thu, Fri
WARNING:timetable_generator_engine:Cannot place theory period:
  Subject  : Object Oriented Programming
  Division : CS3
  Teacher  : Ms. Anu S
  Required : 1 theory period(s)
  Conflicts:
    • division CS3 timetable completely full on: Mon, Tue, Wed, Thu, Fri
WARNING:timetable_generator_engine:Cannot place theory period:
  Subject  : Algorithmic Thinking with Python
  Division : CS3
  Teacher  : Dr. Varun G. Menon
  Required : 1 theory period(s)
  Conflicts:
    • division CS3 timetable completely full on: Mon, Tue, Wed, Thu, Fri
WARNING:timetable_generator_engine:Cannot place theory period:
  Subject  : Programming in C
  Division : CS2
  Teacher  : Ms. Sruthy K. Joseph
  Required : 1 theory period(s)
  Conflicts:
    • division CS2 timetable completely full on: Mon, Tue, Wed, Thu, Fri
WARNING:timetable_generator_engine:Cannot place theory period:
  Subject  : Engineering Graphics and Computer Aided Drawing.
  Division : CS2
  Teacher  : Ms. Preema T. S.
  Required : 1 theory period(s)
  Conflicts:
    • division CS2 timetable completely full on: Mon, Tue, Wed, Thu, Fri
WARNING:timetable_generator_engine:Cannot place theory period:
  Subject  : Programming in C
  Division : CS2
  Teacher  : Ms. Sruthy K. Joseph
  Required : 1 theory period(s)
  Conflicts:
    • division CS2 timetable completely full on: Mon, Tue, Wed, Thu, Fri
WARNING:timetable_generator_engine:Cannot place theory period:
  Subject  : Engineering Graphics and Computer Aided Drawing.
  Division : CS2
  Teacher  : Ms. Preema T. S.
  Required : 1 theory period(s)
  Conflicts:
    • division CS2 timetable completely full on: Mon, Tue, Wed, Thu, Fri
WARNING:timetable_generator_engine:Cannot place theory period:
  Subject  : Programming in C
  Division : CS2
  Teacher  : Ms. Sruthy K. Joseph
  Required : 1 theory period(s)
  Conflicts:
    • division CS2 timetable completely full on: Mon, Tue, Wed, Thu, Fri
INFO:timetable_generator_engine:  [relaxed pass] Engineering Graphics and Computer Aided Drawing. / CS1: placing 2 missing period(s)
WARNING:timetable_generator_engine:  [relaxed pass] Cannot place Engineering Graphics and Computer Aided Drawing. / CS1 even with relaxed cap
INFO:timetable_generator_engine:  [relaxed pass] Programming in C / CS4: placing 1 missing period(s)
WARNING:timetable_generator_engine:  [relaxed pass] Cannot place Programming in C / CS4 even with relaxed cap
INFO:timetable_generator_engine:  [relaxed pass] Foundations of Computing: From Hardware Essentials to Web Design / CS4: placing 4 missing period(s)
WARNING:timetable_generator_engine:  [relaxed pass] Cannot place Foundations of Computing: From Hardware Essentials to Web Design / CS4 even with relaxed cap
INFO:timetable_generator_engine:  [relaxed pass] Programming in C / CS1: placing 3 missing period(s)
WARNING:timetable_generator_engine:  [relaxed pass] Cannot place Programming in C / CS1 even with relaxed cap
INFO:timetable_generator_engine:  [relaxed pass] Programming in C / CS2: placing 3 missing period(s)
WARNING:timetable_generator_engine:  [relaxed pass] Cannot place Programming in C / CS2 even with relaxed cap
INFO:timetable_generator_engine:  [relaxed pass] Engineering Graphics and Computer Aided Drawing. / CS2: placing 2 missing period(s)
WARNING:timetable_generator_engine:  [relaxed pass] Cannot place Engineering Graphics and Computer Aided Drawing. / CS2 even with relaxed cap
INFO:timetable_generator_engine:  [relaxed pass] Algorithmic Thinking with Python / CS3: placing 2 missing period(s)
WARNING:timetable_generator_engine:  [relaxed pass] Cannot place Algorithmic Thinking with Python / CS3 even with relaxed cap
INFO:timetable_generator_engine:  [relaxed pass] Digital Electronics and Logic Design / CS3: placing 1 missing period(s)
WARNING:timetable_generator_engine:  [relaxed pass] Cannot place Digital Electronics and Logic Design / CS3 even with relaxed cap
INFO:timetable_generator_engine:  [relaxed pass] Object Oriented Programming / CS3: placing 2 missing period(s)
WARNING:timetable_generator_engine:  [relaxed pass] Cannot place Object Oriented Programming / CS3 even with relaxed cap
INFO:timetable_generator_engine:  Attempt 12 (seed=674901) score: 90/100
INFO:timetable_generator_engine:Greedy attempt 13/80 …
WARNING:timetable_generator_engine:Cannot place theory period:
  Subject  : Engineering Graphics and Computer Aided Drawing.
  Division : CS4
  Teacher  : Dr. Geethu R.
  Required : 1 theory period(s)
  Conflicts:
    • division CS4 timetable completely full on: Mon, Tue, Wed, Thu, Fri
WARNING:timetable_generator_engine:Cannot place theory period:
  Subject  : Algorithmic Thinking with Python
  Division : CS2
  Teacher  : Ms. Bini Omman
  Required : 1 theory period(s)
  Conflicts:
    • division CS2 timetable completely full on: Mon, Tue, Wed, Thu, Fri
WARNING:timetable_generator_engine:Cannot place theory period:
  Subject  : Programming in C
  Division : CS4
  Teacher  : Ms. Vyshna R. K.
  Required : 1 theory period(s)
  Conflicts:
    • division CS4 timetable completely full on: Mon, Tue, Wed, Thu, Fri
WARNING:timetable_generator_engine:Cannot place theory period:
  Subject  : Engineering Graphics and Computer Aided Drawing.
  Division : CS4
  Teacher  : Dr. Geethu R.
  Required : 1 theory period(s)
  Conflicts:
    • division CS4 timetable completely full on: Mon, Tue, Wed, Thu, Fri
WARNING:timetable_generator_engine:Cannot place theory period:
  Subject  : Algorithmic Thinking with Python
  Division : CS2
  Teacher  : Ms. Bini Omman
  Required : 1 theory period(s)
  Conflicts:
    • division CS2 timetable completely full on: Mon, Tue, Wed, Thu, Fri
WARNING:timetable_generator_engine:Cannot place theory period:
  Subject  : Programming in C
  Division : CS4
  Teacher  : Ms. Vyshna R. K.
  Required : 1 theory period(s)
  Conflicts:
    • division CS4 timetable completely full on: Mon, Tue, Wed, Thu, Fri
WARNING:timetable_generator_engine:Cannot place theory period:
  Subject  : Engineering Graphics and Computer Aided Drawing.
  Division : CS4
  Teacher  : Dr. Geethu R.
  Required : 1 theory period(s)
  Conflicts:
    • division CS4 timetable completely full on: Mon, Tue, Wed, Thu, Fri
WARNING:timetable_generator_engine:Cannot place theory period:
  Subject  : Algorithmic Thinking with Python
  Division : CS2
  Teacher  : Ms. Bini Omman
  Required : 1 theory period(s)
  Conflicts:
    • division CS2 timetable completely full on: Mon, Tue, Wed, Thu, Fri
WARNING:timetable_generator_engine:Cannot place theory period:
  Subject  : Algorithmic Thinking with Python
  Division : CS2
  Teacher  : Ms. Bini Omman
  Required : 1 theory period(s)
  Conflicts:
    • division CS2 timetable completely full on: Mon, Tue, Wed, Thu, Fri
WARNING:timetable_generator_engine:Cannot place theory period:
  Subject  : Programming in C
  Division : CS3
  Teacher  : Ms. Demy Devassy
  Required : 1 theory period(s)
  Conflicts:
    • division CS3 timetable completely full on: Mon, Tue, Wed, Thu, Fri
WARNING:timetable_generator_engine:Cannot place theory period:
  Subject  : Algorithmic Thinking with Python
  Division : CS2
  Teacher  : Ms. Bini Omman
  Required : 1 theory period(s)
  Conflicts:
    • division CS2 timetable completely full on: Mon, Tue, Wed, Thu, Fri
WARNING:timetable_generator_engine:Cannot place theory period:
  Subject  : Object Oriented Programming
  Division : CS1
  Teacher  : Ms. Sanooja Beegam M. A.
  Required : 1 theory period(s)
  Conflicts:
    • division CS1 timetable completely full on: Mon, Tue, Wed, Thu, Fri
WARNING:timetable_generator_engine:Cannot place theory period:
  Subject  : Programming in C
  Division : CS3
  Teacher  : Ms. Demy Devassy
  Required : 1 theory period(s)
  Conflicts:
    • division CS3 timetable completely full on: Mon, Tue, Wed, Thu, Fri
WARNING:timetable_generator_engine:Cannot place theory period:
  Subject  : Engineering Graphics and Computer Aided Drawing.
  Division : CS1
  Teacher  : Ms. Jane Theresa
  Required : 1 theory period(s)
  Conflicts:
    • division CS1 timetable completely full on: Mon, Tue, Wed, Thu, Fri
WARNING:timetable_generator_engine:Cannot place theory period:
  Subject  : Programming in C
  Division : CS3
  Teacher  : Ms. Demy Devassy
  Required : 1 theory period(s)
  Conflicts:
    • division CS3 timetable completely full on: Mon, Tue, Wed, Thu, Fri
WARNING:timetable_generator_engine:Cannot place theory period:
  Subject  : Engineering Graphics and Computer Aided Drawing.
  Division : CS1
  Teacher  : Ms. Jane Theresa
  Required : 1 theory period(s)
  Conflicts:
    • division CS1 timetable completely full on: Mon, Tue, Wed, Thu, Fri
WARNING:timetable_generator_engine:Cannot place theory period:
  Subject  : Programming in C
  Division : CS3
  Teacher  : Ms. Demy Devassy
  Required : 1 theory period(s)
  Conflicts:
    • division CS3 timetable completely full on: Mon, Tue, Wed, Thu, Fri
WARNING:timetable_generator_engine:Cannot place theory period:
  Subject  : Engineering Graphics and Computer Aided Drawing.
  Division : CS1
  Teacher  : Ms. Jane Theresa
  Required : 1 theory period(s)
  Conflicts:
    • division CS1 timetable completely full on: Mon, Tue, Wed, Thu, Fri
WARNING:timetable_generator_engine:Cannot place theory period:
  Subject  : Programming in C
  Division : CS3
  Teacher  : Ms. Demy Devassy
  Required : 1 theory period(s)
  Conflicts:
    • division CS3 timetable completely full on: Mon, Tue, Wed, Thu, Fri
WARNING:timetable_generator_engine:Cannot place theory period:
  Subject  : Engineering Graphics and Computer Aided Drawing.
  Division : CS1
  Teacher  : Ms. Jane Theresa
  Required : 1 theory period(s)
  Conflicts:
    • division CS1 timetable completely full on: Mon, Tue, Wed, Thu, Fri
INFO:timetable_generator_engine:  [relaxed pass] Programming in C / CS4: placing 2 missing period(s)
WARNING:timetable_generator_engine:  [relaxed pass] Cannot place Programming in C / CS4 even with relaxed cap
INFO:timetable_generator_engine:  [relaxed pass] Object Oriented Programming / CS1: placing 1 missing period(s)
WARNING:timetable_generator_engine:  [relaxed pass] Cannot place Object Oriented Programming / CS1 even with relaxed cap
INFO:timetable_generator_engine:  [relaxed pass] Algorithmic Thinking with Python / CS2: placing 5 missing period(s)
WARNING:timetable_generator_engine:  [relaxed pass] Cannot place Algorithmic Thinking with Python / CS2 even with relaxed cap
INFO:timetable_generator_engine:  [relaxed pass] Programming in C / CS3: placing 5 missing period(s)
WARNING:timetable_generator_engine:  [relaxed pass] Cannot place Programming in C / CS3 even with relaxed cap
INFO:timetable_generator_engine:  [relaxed pass] Engineering Graphics and Computer Aided Drawing. / CS4: placing 3 missing period(s)
WARNING:timetable_generator_engine:  [relaxed pass] Cannot place Engineering Graphics and Computer Aided Drawing. / CS4 even with relaxed cap
INFO:timetable_generator_engine:  [relaxed pass] Engineering Graphics and Computer Aided Drawing. / CS1: placing 4 missing period(s)
WARNING:timetable_generator_engine:  [relaxed pass] Cannot place Engineering Graphics and Computer Aided Drawing. / CS1 even with relaxed cap
INFO:timetable_generator_engine:  Attempt 13 (seed=827482) score: 89/100
INFO:timetable_generator_engine:Greedy attempt 14/80 …
WARNING:timetable_generator_engine:Cannot place theory period:
  Subject  : Programming in C
  Division : CS1
  Teacher  : Ms. Meera V. M.
  Required : 1 theory period(s)
  Conflicts:
    • division CS1 timetable completely full on: Mon, Tue, Wed, Thu, Fri
WARNING:timetable_generator_engine:Cannot place theory period:
  Subject  : Object Oriented Programming
  Division : CS2
  Teacher  : Ms. Julie Siby
  Required : 1 theory period(s)
  Conflicts:
    • division CS2 timetable completely full on: Mon, Tue, Wed, Thu, Fri
WARNING:timetable_generator_engine:Cannot place theory period:
  Subject  : Engineering Graphics and Computer Aided Drawing.
  Division : CS1
  Teacher  : Ms. Jane Theresa
  Required : 1 theory period(s)
  Conflicts:
    • division CS1 timetable completely full on: Mon, Tue, Wed, Thu, Fri
WARNING:timetable_generator_engine:Cannot place theory period:
  Subject  : Programming in C
  Division : CS1
  Teacher  : Ms. Meera V. M.
  Required : 1 theory period(s)
  Conflicts:
    • division CS1 timetable completely full on: Mon, Tue, Wed, Thu, Fri
WARNING:timetable_generator_engine:Cannot place theory period:
  Subject  : Object Oriented Programming
  Division : CS2
  Teacher  : Ms. Julie Siby
  Required : 1 theory period(s)
  Conflicts:
    • division CS2 timetable completely full on: Mon, Tue, Wed, Thu, Fri
WARNING:timetable_generator_engine:Cannot place theory period:
  Subject  : Engineering Graphics and Computer Aided Drawing.
  Division : CS1
  Teacher  : Ms. Jane Theresa
  Required : 1 theory period(s)
  Conflicts:
    • division CS1 timetable completely full on: Mon, Tue, Wed, Thu, Fri
WARNING:timetable_generator_engine:Cannot place theory period:
  Subject  : Programming in C
  Division : CS1
  Teacher  : Ms. Meera V. M.
  Required : 1 theory period(s)
  Conflicts:
    • division CS1 timetable completely full on: Mon, Tue, Wed, Thu, Fri
WARNING:timetable_generator_engine:Cannot place theory period:
  Subject  : Digital Electronics and Logic Design
  Division : CS4
  Teacher  : Ms. Sareena K. K.
  Required : 1 theory period(s)
  Conflicts:
    • division CS4 timetable completely full on: Mon, Tue, Wed, Thu, Fri
WARNING:timetable_generator_engine:Cannot place theory period:
  Subject  : Object Oriented Programming
  Division : CS2
  Teacher  : Ms. Julie Siby
  Required : 1 theory period(s)
  Conflicts:
    • division CS2 timetable completely full on: Mon, Tue, Wed, Thu, Fri
WARNING:timetable_generator_engine:Cannot place theory period:
  Subject  : Algorithmic Thinking with Python
  Division : CS4
  Teacher  : Ms. Neethu Krishna
  Required : 1 theory period(s)
  Conflicts:
    • division CS4 timetable completely full on: Mon, Tue, Wed, Thu, Fri
WARNING:timetable_generator_engine:Cannot place theory period:
  Subject  : Digital Electronics and Logic Design
  Division : CS4
  Teacher  : Ms. Sareena K. K.
  Required : 1 theory period(s)
  Conflicts:
    • division CS4 timetable completely full on: Mon, Tue, Wed, Thu, Fri
WARNING:timetable_generator_engine:Cannot place theory period:
  Subject  : Object Oriented Programming
  Division : CS2
  Teacher  : Ms. Julie Siby
  Required : 1 theory period(s)
  Conflicts:
    • division CS2 timetable completely full on: Mon, Tue, Wed, Thu, Fri
WARNING:timetable_generator_engine:Cannot place theory period:
  Subject  : Algorithmic Thinking with Python
  Division : CS4
  Teacher  : Ms. Neethu Krishna
  Required : 1 theory period(s)
  Conflicts:
    • division CS4 timetable completely full on: Mon, Tue, Wed, Thu, Fri
WARNING:timetable_generator_engine:Cannot place theory period:
  Subject  : Digital Electronics and Logic Design
  Division : CS4
  Teacher  : Ms. Sareena K. K.
  Required : 1 theory period(s)
  Conflicts:
    • division CS4 timetable completely full on: Mon, Tue, Wed, Thu, Fri
WARNING:timetable_generator_engine:Cannot place theory period:
  Subject  : Object Oriented Programming
  Division : CS2
  Teacher  : Ms. Julie Siby
  Required : 1 theory period(s)
  Conflicts:
    • division CS2 timetable completely full on: Mon, Tue, Wed, Thu, Fri
WARNING:timetable_generator_engine:Cannot place theory period:
  Subject  : Programming in C
  Division : CS3
  Teacher  : Ms. Demy Devassy
  Required : 1 theory period(s)
  Conflicts:
    • division CS3 timetable completely full on: Mon, Tue, Wed, Thu, Fri
WARNING:timetable_generator_engine:Cannot place theory period:
  Subject  : Engineering Graphics and Computer Aided Drawing.
  Division : CS3
  Teacher  : Ms. Divya M. S.
  Required : 1 theory period(s)
  Conflicts:
    • division CS3 timetable completely full on: Mon, Tue, Wed, Thu, Fri
WARNING:timetable_generator_engine:Cannot place theory period:
  Subject  : Programming in C
  Division : CS3
  Teacher  : Ms. Demy Devassy
  Required : 1 theory period(s)
  Conflicts:
    • division CS3 timetable completely full on: Mon, Tue, Wed, Thu, Fri
WARNING:timetable_generator_engine:Cannot place theory period:
  Subject  : Engineering Graphics and Computer Aided Drawing.
  Division : CS3
  Teacher  : Ms. Divya M. S.
  Required : 1 theory period(s)
  Conflicts:
    • division CS3 timetable completely full on: Mon, Tue, Wed, Thu, Fri
WARNING:timetable_generator_engine:Cannot place theory period:
  Subject  : Programming in C
  Division : CS3
  Teacher  : Ms. Demy Devassy
  Required : 1 theory period(s)
  Conflicts:
    • division CS3 timetable completely full on: Mon, Tue, Wed, Thu, Fri
INFO:timetable_generator_engine:  [relaxed pass] Engineering Graphics and Computer Aided Drawing. / CS1: placing 2 missing period(s)
WARNING:timetable_generator_engine:  [relaxed pass] Cannot place Engineering Graphics and Computer Aided Drawing. / CS1 even with relaxed cap
INFO:timetable_generator_engine:  [relaxed pass] Algorithmic Thinking with Python / CS4: placing 2 missing period(s)
WARNING:timetable_generator_engine:  [relaxed pass] Cannot place Algorithmic Thinking with Python / CS4 even with relaxed cap
INFO:timetable_generator_engine:  [relaxed pass] Programming in C / CS1: placing 3 missing period(s)
WARNING:timetable_generator_engine:  [relaxed pass] Cannot place Programming in C / CS1 even with relaxed cap
INFO:timetable_generator_engine:  [relaxed pass] Digital Electronics and Logic Design / CS4: placing 3 missing period(s)
WARNING:timetable_generator_engine:  [relaxed pass] Cannot place Digital Electronics and Logic Design / CS4 even with relaxed cap
INFO:timetable_generator_engine:  [relaxed pass] Object Oriented Programming / CS2: placing 5 missing period(s)
WARNING:timetable_generator_engine:  [relaxed pass] Cannot place Object Oriented Programming / CS2 even with relaxed cap
INFO:timetable_generator_engine:  [relaxed pass] Engineering Graphics and Computer Aided Drawing. / CS3: placing 2 missing period(s)
WARNING:timetable_generator_engine:  [relaxed pass] Cannot place Engineering Graphics and Computer Aided Drawing. / CS3 even with relaxed cap
INFO:timetable_generator_engine:  [relaxed pass] Programming in C / CS3: placing 3 missing period(s)
WARNING:timetable_generator_engine:  [relaxed pass] Cannot place Programming in C / CS3 even with relaxed cap
INFO:timetable_generator_engine:  Attempt 14 (seed=497736) score: 81/100
INFO:timetable_generator_engine:Greedy attempt 15/80 …
WARNING:timetable_generator_engine:Cannot place theory period:
  Subject  : Object Oriented Programming
  Division : CS1
  Teacher  : Ms. Sanooja Beegam M. A.
  Required : 1 theory period(s)
  Conflicts:
    • division CS1 timetable completely full on: Mon, Tue, Wed, Thu, Fri
WARNING:timetable_generator_engine:Cannot place theory period:
  Subject  : Engineering Graphics and Computer Aided Drawing.
  Division : CS1
  Teacher  : Ms. Jane Theresa
  Required : 1 theory period(s)
  Conflicts:
    • division CS1 timetable completely full on: Mon, Tue, Wed, Thu, Fri
WARNING:timetable_generator_engine:Cannot place theory period:
  Subject  : Object Oriented Programming
  Division : CS1
  Teacher  : Ms. Sanooja Beegam M. A.
  Required : 1 theory period(s)
  Conflicts:
    • division CS1 timetable completely full on: Mon, Tue, Wed, Thu, Fri
WARNING:timetable_generator_engine:Cannot place theory period:
  Subject  : Engineering Graphics and Computer Aided Drawing.
  Division : CS1
  Teacher  : Ms. Jane Theresa
  Required : 1 theory period(s)
  Conflicts:
    • division CS1 timetable completely full on: Mon, Tue, Wed, Thu, Fri
WARNING:timetable_generator_engine:Cannot place theory period:
  Subject  : Engineering Graphics and Computer Aided Drawing.
  Division : CS1
  Teacher  : Ms. Jane Theresa
  Required : 1 theory period(s)
  Conflicts:
    • division CS1 timetable completely full on: Mon, Tue, Wed, Thu, Fri
WARNING:timetable_generator_engine:Cannot place theory period:
  Subject  : Foundations of Computing: From Hardware Essentials to Web Design
  Division : CS4
  Teacher  : Ms. Doney Daniel
  Required : 1 theory period(s)
  Conflicts:
    • division CS4 timetable completely full on: Mon, Tue, Wed, Thu, Fri
WARNING:timetable_generator_engine:Cannot place theory period:
  Subject  : Programming in C
  Division : CS4
  Teacher  : Ms. Vyshna R. K.
  Required : 1 theory period(s)
  Conflicts:
    • division CS4 timetable completely full on: Mon, Tue, Wed, Thu, Fri
WARNING:timetable_generator_engine:Cannot place theory period:
  Subject  : Foundations of Computing: From Hardware Essentials to Web Design
  Division : CS4
  Teacher  : Ms. Doney Daniel
  Required : 1 theory period(s)
  Conflicts:
    • division CS4 timetable completely full on: Mon, Tue, Wed, Thu, Fri
WARNING:timetable_generator_engine:Cannot place theory period:
  Subject  : Programming in C
  Division : CS4
  Teacher  : Ms. Vyshna R. K.
  Required : 1 theory period(s)
  Conflicts:
    • division CS4 timetable completely full on: Mon, Tue, Wed, Thu, Fri
WARNING:timetable_generator_engine:Cannot place theory period:
  Subject  : Programming in C
  Division : CS4
  Teacher  : Ms. Vyshna R. K.
  Required : 1 theory period(s)
  Conflicts:
    • division CS4 timetable completely full on: Mon, Tue, Wed, Thu, Fri
WARNING:timetable_generator_engine:Cannot place theory period:
  Subject  : Digital Electronics and Logic Design
  Division : CS2
  Teacher  : Ms. Smera Thomas
  Required : 1 theory period(s)
  Conflicts:
    • division CS2 timetable completely full on: Mon, Tue, Wed, Thu, Fri
WARNING:timetable_generator_engine:Cannot place theory period:
  Subject  : Algorithmic Thinking with Python
  Division : CS2
  Teacher  : Ms. Bini Omman
  Required : 1 theory period(s)
  Conflicts:
    • division CS2 timetable completely full on: Mon, Tue, Wed, Thu, Fri
WARNING:timetable_generator_engine:Cannot place theory period:
  Subject  : Digital Electronics and Logic Design
  Division : CS2
  Teacher  : Ms. Smera Thomas
  Required : 1 theory period(s)
  Conflicts:
    • division CS2 timetable completely full on: Mon, Tue, Wed, Thu, Fri
WARNING:timetable_generator_engine:Cannot place theory period:
  Subject  : Algorithmic Thinking with Python
  Division : CS2
  Teacher  : Ms. Bini Omman
  Required : 1 theory period(s)
  Conflicts:
    • division CS2 timetable completely full on: Mon, Tue, Wed, Thu, Fri
WARNING:timetable_generator_engine:Cannot place theory period:
  Subject  : Digital Electronics and Logic Design
  Division : CS2
  Teacher  : Ms. Smera Thomas
  Required : 1 theory period(s)
  Conflicts:
    • division CS2 timetable completely full on: Mon, Tue, Wed, Thu, Fri
WARNING:timetable_generator_engine:Cannot place theory period:
  Subject  : Programming in C
  Division : CS3
  Teacher  : Ms. Demy Devassy
  Required : 1 theory period(s)
  Conflicts:
    • division CS3 timetable completely full on: Mon, Tue, Wed, Thu, Fri
WARNING:timetable_generator_engine:Cannot place theory period:
  Subject  : Engineering Graphics and Computer Aided Drawing.
  Division : CS3
  Teacher  : Ms. Divya M. S.
  Required : 1 theory period(s)
  Conflicts:
    • division CS3 timetable completely full on: Mon, Tue, Wed, Thu, Fri
WARNING:timetable_generator_engine:Cannot place theory period:
  Subject  : Programming in C
  Division : CS3
  Teacher  : Ms. Demy Devassy
  Required : 1 theory period(s)
  Conflicts:
    • division CS3 timetable completely full on: Mon, Tue, Wed, Thu, Fri
WARNING:timetable_generator_engine:Cannot place theory period:
  Subject  : Engineering Graphics and Computer Aided Drawing.
  Division : CS3
  Teacher  : Ms. Divya M. S.
  Required : 1 theory period(s)
  Conflicts:
    • division CS3 timetable completely full on: Mon, Tue, Wed, Thu, Fri
WARNING:timetable_generator_engine:Cannot place theory period:
  Subject  : Programming in C
  Division : CS3
  Teacher  : Ms. Demy Devassy
  Required : 1 theory period(s)
  Conflicts:
    • division CS3 timetable completely full on: Mon, Tue, Wed, Thu, Fri
INFO:timetable_generator_engine:  [relaxed pass] Object Oriented Programming / CS1: placing 2 missing period(s)
WARNING:timetable_generator_engine:  [relaxed pass] Cannot place Object Oriented Programming / CS1 even with relaxed cap
INFO:timetable_generator_engine:  [relaxed pass] Engineering Graphics and Computer Aided Drawing. / CS1: placing 3 missing period(s)
WARNING:timetable_generator_engine:  [relaxed pass] Cannot place Engineering Graphics and Computer Aided Drawing. / CS1 even with relaxed cap
INFO:timetable_generator_engine:  [relaxed pass] Programming in C / CS4: placing 3 missing period(s)
WARNING:timetable_generator_engine:  [relaxed pass] Cannot place Programming in C / CS4 even with relaxed cap
INFO:timetable_generator_engine:  [relaxed pass] Programming in C / CS3: placing 3 missing period(s)
WARNING:timetable_generator_engine:  [relaxed pass] Cannot place Programming in C / CS3 even with relaxed cap
INFO:timetable_generator_engine:  [relaxed pass] Algorithmic Thinking with Python / CS2: placing 2 missing period(s)
WARNING:timetable_generator_engine:  [relaxed pass] Cannot place Algorithmic Thinking with Python / CS2 even with relaxed cap
INFO:timetable_generator_engine:  [relaxed pass] Engineering Graphics and Computer Aided Drawing. / CS3: placing 2 missing period(s)
WARNING:timetable_generator_engine:  [relaxed pass] Cannot place Engineering Graphics and Computer Aided Drawing. / CS3 even with relaxed cap
INFO:timetable_generator_engine:  [relaxed pass] Foundations of Computing: From Hardware Essentials to Web Design / CS4: placing 2 missing period(s)
WARNING:timetable_generator_engine:  [relaxed pass] Cannot place Foundations of Computing: From Hardware Essentials to Web Design / CS4 even with relaxed cap
INFO:timetable_generator_engine:  [relaxed pass] Digital Electronics and Logic Design / CS2: placing 3 missing period(s)
WARNING:timetable_generator_engine:  [relaxed pass] Cannot place Digital Electronics and Logic Design / CS2 even with relaxed cap
INFO:timetable_generator_engine:  Attempt 15 (seed=356996) score: 90/100
INFO:timetable_generator_engine:Greedy attempt 16/80 …
WARNING:timetable_generator_engine:Cannot place theory period:
  Subject  : Engineering Graphics and Computer Aided Drawing.
  Division : CS1
  Teacher  : Ms. Jane Theresa
  Required : 1 theory period(s)
  Conflicts:
    • division CS1 timetable completely full on: Mon, Tue, Wed, Thu, Fri
WARNING:timetable_generator_engine:Cannot place theory period:
  Subject  : Engineering Graphics and Computer Aided Drawing.
  Division : CS1
  Teacher  : Ms. Jane Theresa
  Required : 1 theory period(s)
  Conflicts:
    • division CS1 timetable completely full on: Mon, Tue, Wed, Thu, Fri
WARNING:timetable_generator_engine:Cannot place theory period:
  Subject  : Engineering Graphics and Computer Aided Drawing.
  Division : CS1
  Teacher  : Ms. Jane Theresa
  Required : 1 theory period(s)
  Conflicts:
    • division CS1 timetable completely full on: Mon, Tue, Wed, Thu, Fri
WARNING:timetable_generator_engine:Cannot place theory period:
  Subject  : Engineering Graphics and Computer Aided Drawing.
  Division : CS1
  Teacher  : Ms. Jane Theresa
  Required : 1 theory period(s)
  Conflicts:
    • division CS1 timetable completely full on: Mon, Tue, Wed, Thu, Fri
WARNING:timetable_generator_engine:Cannot place theory period:
  Subject  : Digital Electronics and Logic Design
  Division : CS2
  Teacher  : Ms. Smera Thomas
  Required : 1 theory period(s)
  Conflicts:
    • division CS2 timetable completely full on: Mon, Tue, Wed, Thu, Fri
WARNING:timetable_generator_engine:Cannot place theory period:
  Subject  : Programming in C
  Division : CS2
  Teacher  : Ms. Sruthy K. Joseph
  Required : 1 theory period(s)
  Conflicts:
    • division CS2 timetable completely full on: Mon, Tue, Wed, Thu, Fri
WARNING:timetable_generator_engine:Cannot place theory period:
  Subject  : Engineering Graphics and Computer Aided Drawing.
  Division : CS1
  Teacher  : Ms. Jane Theresa
  Required : 1 theory period(s)
  Conflicts:
    • division CS1 timetable completely full on: Mon, Tue, Wed, Thu, Fri
WARNING:timetable_generator_engine:Cannot place theory period:
  Subject  : Digital Electronics and Logic Design
  Division : CS2
  Teacher  : Ms. Smera Thomas
  Required : 1 theory period(s)
  Conflicts:
    • division CS2 timetable completely full on: Mon, Tue, Wed, Thu, Fri
WARNING:timetable_generator_engine:Cannot place theory period:
  Subject  : Digital Electronics and Logic Design
  Division : CS2
  Teacher  : Ms. Smera Thomas
  Required : 1 theory period(s)
  Conflicts:
    • division CS2 timetable completely full on: Mon, Tue, Wed, Thu, Fri
WARNING:timetable_generator_engine:Cannot place theory period:
  Subject  : Programming in C
  Division : CS3
  Teacher  : Ms. Demy Devassy
  Required : 1 theory period(s)
  Conflicts:
    • division CS3 timetable completely full on: Mon, Tue, Wed, Thu, Fri
WARNING:timetable_generator_engine:Cannot place theory period:
  Subject  : Digital Electronics and Logic Design
  Division : CS2
  Teacher  : Ms. Smera Thomas
  Required : 1 theory period(s)
  Conflicts:
    • division CS2 timetable completely full on: Mon, Tue, Wed, Thu, Fri
WARNING:timetable_generator_engine:Cannot place theory period:
  Subject  : Object Oriented Programming
  Division : CS4
  Teacher  : Ms. Neethu Roy
  Required : 1 theory period(s)
  Conflicts:
    • division CS4 timetable completely full on: Mon, Tue, Wed, Thu, Fri
WARNING:timetable_generator_engine:Cannot place theory period:
  Subject  : Programming in C
  Division : CS3
  Teacher  : Ms. Demy Devassy
  Required : 1 theory period(s)
  Conflicts:
    • division CS3 timetable completely full on: Mon, Tue, Wed, Thu, Fri
WARNING:timetable_generator_engine:Cannot place theory period:
  Subject  : Engineering Graphics and Computer Aided Drawing.
  Division : CS4
  Teacher  : Dr. Geethu R.
  Required : 1 theory period(s)
  Conflicts:
    • division CS4 timetable completely full on: Mon, Tue, Wed, Thu, Fri
WARNING:timetable_generator_engine:Cannot place theory period:
  Subject  : Programming in C
  Division : CS3
  Teacher  : Ms. Demy Devassy
  Required : 1 theory period(s)
  Conflicts:
    • division CS3 timetable completely full on: Mon, Tue, Wed, Thu, Fri
WARNING:timetable_generator_engine:Cannot place theory period:
  Subject  : Engineering Graphics and Computer Aided Drawing.
  Division : CS4
  Teacher  : Dr. Geethu R.
  Required : 1 theory period(s)
  Conflicts:
    • division CS4 timetable completely full on: Mon, Tue, Wed, Thu, Fri
WARNING:timetable_generator_engine:Cannot place theory period:
  Subject  : Programming in C
  Division : CS3
  Teacher  : Ms. Demy Devassy
  Required : 1 theory period(s)
  Conflicts:
    • division CS3 timetable completely full on: Mon, Tue, Wed, Thu, Fri
WARNING:timetable_generator_engine:Cannot place theory period:
  Subject  : Engineering Graphics and Computer Aided Drawing.
  Division : CS4
  Teacher  : Dr. Geethu R.
  Required : 1 theory period(s)
  Conflicts:
    • division CS4 timetable completely full on: Mon, Tue, Wed, Thu, Fri
WARNING:timetable_generator_engine:Cannot place theory period:
  Subject  : Programming in C
  Division : CS3
  Teacher  : Ms. Demy Devassy
  Required : 1 theory period(s)
  Conflicts:
    • division CS3 timetable completely full on: Mon, Tue, Wed, Thu, Fri
WARNING:timetable_generator_engine:Cannot place theory period:
  Subject  : Engineering Graphics and Computer Aided Drawing.
  Division : CS4
  Teacher  : Dr. Geethu R.
  Required : 1 theory period(s)
  Conflicts:
    • division CS4 timetable completely full on: Mon, Tue, Wed, Thu, Fri
INFO:timetable_generator_engine:  [relaxed pass] Programming in C / CS2: placing 1 missing period(s)
WARNING:timetable_generator_engine:  [relaxed pass] Cannot place Programming in C / CS2 even with relaxed cap
INFO:timetable_generator_engine:  [relaxed pass] Programming in C / CS3: placing 5 missing period(s)
WARNING:timetable_generator_engine:  [relaxed pass] Cannot place Programming in C / CS3 even with relaxed cap
INFO:timetable_generator_engine:  [relaxed pass] Engineering Graphics and Computer Aided Drawing. / CS1: placing 5 missing period(s)
WARNING:timetable_generator_engine:  [relaxed pass] Cannot place Engineering Graphics and Computer Aided Drawing. / CS1 even with relaxed cap
INFO:timetable_generator_engine:  [relaxed pass] Engineering Graphics and Computer Aided Drawing. / CS4: placing 4 missing period(s)
WARNING:timetable_generator_engine:  [relaxed pass] Cannot place Engineering Graphics and Computer Aided Drawing. / CS4 even with relaxed cap
INFO:timetable_generator_engine:  [relaxed pass] Object Oriented Programming / CS4: placing 1 missing period(s)
WARNING:timetable_generator_engine:  [relaxed pass] Cannot place Object Oriented Programming / CS4 even with relaxed cap
INFO:timetable_generator_engine:  [relaxed pass] Digital Electronics and Logic Design / CS2: placing 4 missing period(s)
WARNING:timetable_generator_engine:  [relaxed pass] Cannot place Digital Electronics and Logic Design / CS2 even with relaxed cap
INFO:timetable_generator_engine:  Attempt 16 (seed=864588) score: 84/100
INFO:timetable_generator_engine:Greedy attempt 17/80 …
WARNING:timetable_generator_engine:Cannot place theory period:
  Subject  : Programming in C
  Division : CS1
  Teacher  : Ms. Meera V. M.
  Required : 1 theory period(s)
  Conflicts:
    • division CS1 timetable completely full on: Mon, Tue, Wed, Thu, Fri
WARNING:timetable_generator_engine:Cannot place theory period:
  Subject  : Digital Electronics and Logic Design
  Division : CS1
  Teacher  : Mr. Anoop Jose
  Required : 1 theory period(s)
  Conflicts:
    • division CS1 timetable completely full on: Mon, Tue, Wed, Thu, Fri
WARNING:timetable_generator_engine:Cannot place theory period:
  Subject  : Digital Electronics and Logic Design
  Division : CS1
  Teacher  : Mr. Anoop Jose
  Required : 1 theory period(s)
  Conflicts:
    • division CS1 timetable completely full on: Mon, Tue, Wed, Thu, Fri
WARNING:timetable_generator_engine:Cannot place theory period:
  Subject  : Digital Electronics and Logic Design
  Division : CS1
  Teacher  : Mr. Anoop Jose
  Required : 1 theory period(s)
  Conflicts:
    • division CS1 timetable completely full on: Mon, Tue, Wed, Thu, Fri
WARNING:timetable_generator_engine:Cannot place theory period:
  Subject  : Digital Electronics and Logic Design
  Division : CS1
  Teacher  : Mr. Anoop Jose
  Required : 1 theory period(s)
  Conflicts:
    • division CS1 timetable completely full on: Mon, Tue, Wed, Thu, Fri
WARNING:timetable_generator_engine:Cannot place theory period:
  Subject  : Algorithmic Thinking with Python
  Division : CS2
  Teacher  : Ms. Bini Omman
  Required : 1 theory period(s)
  Conflicts:
    • division CS2 timetable completely full on: Mon, Tue, Wed, Thu, Fri
WARNING:timetable_generator_engine:Cannot place theory period:
  Subject  : Programming in C
  Division : CS2
  Teacher  : Ms. Sruthy K. Joseph
  Required : 1 theory period(s)
  Conflicts:
    • division CS2 timetable completely full on: Mon, Tue, Wed, Thu, Fri
WARNING:timetable_generator_engine:Cannot place theory period:
  Subject  : Object Oriented Programming
  Division : CS3
  Teacher  : Ms. Anu S
  Required : 1 theory period(s)
  Conflicts:
    • division CS3 timetable completely full on: Mon, Tue, Wed, Thu, Fri
WARNING:timetable_generator_engine:Cannot place theory period:
  Subject  : Algorithmic Thinking with Python
  Division : CS2
  Teacher  : Ms. Bini Omman
  Required : 1 theory period(s)
  Conflicts:
    • division CS2 timetable completely full on: Mon, Tue, Wed, Thu, Fri
WARNING:timetable_generator_engine:Cannot place theory period:
  Subject  : Digital Electronics and Logic Design
  Division : CS3
  Teacher  : Dr. Noora V. T.
  Required : 1 theory period(s)
  Conflicts:
    • division CS3 timetable completely full on: Mon, Tue, Wed, Thu, Fri
WARNING:timetable_generator_engine:Cannot place theory period:
  Subject  : Object Oriented Programming
  Division : CS3
  Teacher  : Ms. Anu S
  Required : 1 theory period(s)
  Conflicts:
    • division CS3 timetable completely full on: Mon, Tue, Wed, Thu, Fri
WARNING:timetable_generator_engine:Cannot place theory period:
  Subject  : Algorithmic Thinking with Python
  Division : CS2
  Teacher  : Ms. Bini Omman
  Required : 1 theory period(s)
  Conflicts:
    • division CS2 timetable completely full on: Mon, Tue, Wed, Thu, Fri
WARNING:timetable_generator_engine:Cannot place theory period:
  Subject  : Digital Electronics and Logic Design
  Division : CS3
  Teacher  : Dr. Noora V. T.
  Required : 1 theory period(s)
  Conflicts:
    • division CS3 timetable completely full on: Mon, Tue, Wed, Thu, Fri
WARNING:timetable_generator_engine:Cannot place theory period:
  Subject  : Object Oriented Programming
  Division : CS3
  Teacher  : Ms. Anu S
  Required : 1 theory period(s)
  Conflicts:
    • division CS3 timetable completely full on: Mon, Tue, Wed, Thu, Fri
WARNING:timetable_generator_engine:Cannot place theory period:
  Subject  : Algorithmic Thinking with Python
  Division : CS2
  Teacher  : Ms. Bini Omman
  Required : 1 theory period(s)
  Conflicts:
    • division CS2 timetable completely full on: Mon, Tue, Wed, Thu, Fri
WARNING:timetable_generator_engine:Cannot place theory period:
  Subject  : Programming in C
  Division : CS4
  Teacher  : Ms. Vyshna R. K.
  Required : 1 theory period(s)
  Conflicts:
    • division CS4 timetable completely full on: Mon, Tue, Wed, Thu, Fri
WARNING:timetable_generator_engine:Cannot place theory period:
  Subject  : Engineering Graphics and Computer Aided Drawing.
  Division : CS4
  Teacher  : Dr. Geethu R.
  Required : 1 theory period(s)
  Conflicts:
    • division CS4 timetable completely full on: Mon, Tue, Wed, Thu, Fri
WARNING:timetable_generator_engine:Cannot place theory period:
  Subject  : Programming in C
  Division : CS4
  Teacher  : Ms. Vyshna R. K.
  Required : 1 theory period(s)
  Conflicts:
    • division CS4 timetable completely full on: Mon, Tue, Wed, Thu, Fri
WARNING:timetable_generator_engine:Cannot place theory period:
  Subject  : Engineering Graphics and Computer Aided Drawing.
  Division : CS4
  Teacher  : Dr. Geethu R.
  Required : 1 theory period(s)
  Conflicts:
    • division CS4 timetable completely full on: Mon, Tue, Wed, Thu, Fri
WARNING:timetable_generator_engine:Cannot place theory period:
  Subject  : Programming in C
  Division : CS4
  Teacher  : Ms. Vyshna R. K.
  Required : 1 theory period(s)
  Conflicts:
    • division CS4 timetable completely full on: Mon, Tue, Wed, Thu, Fri
INFO:timetable_generator_engine:  [relaxed pass] Digital Electronics and Logic Design / CS1: placing 4 missing period(s)
WARNING:timetable_generator_engine:  [relaxed pass] Cannot place Digital Electronics and Logic Design / CS1 even with relaxed cap
INFO:timetable_generator_engine:  [relaxed pass] Digital Electronics and Logic Design / CS3: placing 2 missing period(s)
WARNING:timetable_generator_engine:  [relaxed pass] Cannot place Digital Electronics and Logic Design / CS3 even with relaxed cap
INFO:timetable_generator_engine:  [relaxed pass] Object Oriented Programming / CS3: placing 3 missing period(s)
WARNING:timetable_generator_engine:  [relaxed pass] Cannot place Object Oriented Programming / CS3 even with relaxed cap
INFO:timetable_generator_engine:  [relaxed pass] Algorithmic Thinking with Python / CS2: placing 4 missing period(s)
WARNING:timetable_generator_engine:  [relaxed pass] Cannot place Algorithmic Thinking with Python / CS2 even with relaxed cap
INFO:timetable_generator_engine:  [relaxed pass] Programming in C / CS1: placing 1 missing period(s)
WARNING:timetable_generator_engine:  [relaxed pass] Cannot place Programming in C / CS1 even with relaxed cap
INFO:timetable_generator_engine:  [relaxed pass] Programming in C / CS2: placing 1 missing period(s)
WARNING:timetable_generator_engine:  [relaxed pass] Cannot place Programming in C / CS2 even with relaxed cap
INFO:timetable_generator_engine:  [relaxed pass] Engineering Graphics and Computer Aided Drawing. / CS4: placing 2 missing period(s)
WARNING:timetable_generator_engine:  [relaxed pass] Cannot place Engineering Graphics and Computer Aided Drawing. / CS4 even with relaxed cap
INFO:timetable_generator_engine:  [relaxed pass] Programming in C / CS4: placing 3 missing period(s)
WARNING:timetable_generator_engine:  [relaxed pass] Cannot place Programming in C / CS4 even with relaxed cap
INFO:timetable_generator_engine:  Attempt 17 (seed=487953) score: 85/100
INFO:timetable_generator_engine:Greedy attempt 18/80 …
WARNING:timetable_generator_engine:Cannot place theory period:
  Subject  : Object Oriented Programming
  Division : CS1
  Teacher  : Ms. Sanooja Beegam M. A.
  Required : 1 theory period(s)
  Conflicts:
    • division CS1 timetable completely full on: Mon, Tue, Wed, Thu, Fri
WARNING:timetable_generator_engine:Cannot place theory period:
  Subject  : Object Oriented Programming
  Division : CS1
  Teacher  : Ms. Sanooja Beegam M. A.
  Required : 1 theory period(s)
  Conflicts:
    • division CS1 timetable completely full on: Mon, Tue, Wed, Thu, Fri
WARNING:timetable_generator_engine:Cannot place theory period:
  Subject  : Algorithmic Thinking with Python
  Division : CS3
  Teacher  : Dr. Varun G. Menon
  Required : 1 theory period(s)
  Conflicts:
    • division CS3 timetable completely full on: Mon, Tue, Wed, Thu, Fri
WARNING:timetable_generator_engine:Cannot place theory period:
  Subject  : Engineering Graphics and Computer Aided Drawing.
  Division : CS3
  Teacher  : Ms. Divya M. S.
  Required : 1 theory period(s)
  Conflicts:
    • division CS3 timetable completely full on: Mon, Tue, Wed, Thu, Fri
WARNING:timetable_generator_engine:Cannot place theory period:
  Subject  : Object Oriented Programming
  Division : CS1
  Teacher  : Ms. Sanooja Beegam M. A.
  Required : 1 theory period(s)
  Conflicts:
    • division CS1 timetable completely full on: Mon, Tue, Wed, Thu, Fri
WARNING:timetable_generator_engine:Cannot place theory period:
  Subject  : Algorithmic Thinking with Python
  Division : CS3
  Teacher  : Dr. Varun G. Menon
  Required : 1 theory period(s)
  Conflicts:
    • division CS3 timetable completely full on: Mon, Tue, Wed, Thu, Fri
WARNING:timetable_generator_engine:Cannot place theory period:
  Subject  : Object Oriented Programming
  Division : CS1
  Teacher  : Ms. Sanooja Beegam M. A.
  Required : 1 theory period(s)
  Conflicts:
    • division CS1 timetable completely full on: Mon, Tue, Wed, Thu, Fri
WARNING:timetable_generator_engine:Cannot place theory period:
  Subject  : Algorithmic Thinking with Python
  Division : CS3
  Teacher  : Dr. Varun G. Menon
  Required : 1 theory period(s)
  Conflicts:
    • division CS3 timetable completely full on: Mon, Tue, Wed, Thu, Fri
WARNING:timetable_generator_engine:Cannot place theory period:
  Subject  : Engineering Graphics and Computer Aided Drawing.
  Division : CS2
  Teacher  : Ms. Preema T. S.
  Required : 1 theory period(s)
  Conflicts:
    • division CS2 timetable completely full on: Mon, Tue, Wed, Thu, Fri
WARNING:timetable_generator_engine:Cannot place theory period:
  Subject  : Object Oriented Programming
  Division : CS1
  Teacher  : Ms. Sanooja Beegam M. A.
  Required : 1 theory period(s)
  Conflicts:
    • division CS1 timetable completely full on: Mon, Tue, Wed, Thu, Fri
WARNING:timetable_generator_engine:Cannot place theory period:
  Subject  : Algorithmic Thinking with Python
  Division : CS3
  Teacher  : Dr. Varun G. Menon
  Required : 1 theory period(s)
  Conflicts:
    • division CS3 timetable completely full on: Mon, Tue, Wed, Thu, Fri
WARNING:timetable_generator_engine:Cannot place theory period:
  Subject  : Digital Electronics and Logic Design
  Division : CS4
  Teacher  : Ms. Sareena K. K.
  Required : 1 theory period(s)
  Conflicts:
    • division CS4 timetable completely full on: Mon, Tue, Wed, Thu, Fri
WARNING:timetable_generator_engine:Cannot place theory period:
  Subject  : Programming in C
  Division : CS4
  Teacher  : Ms. Vyshna R. K.
  Required : 1 theory period(s)
  Conflicts:
    • division CS4 timetable completely full on: Mon, Tue, Wed, Thu, Fri
WARNING:timetable_generator_engine:Cannot place theory period:
  Subject  : Engineering Graphics and Computer Aided Drawing.
  Division : CS2
  Teacher  : Ms. Preema T. S.
  Required : 1 theory period(s)
  Conflicts:
    • division CS2 timetable completely full on: Mon, Tue, Wed, Thu, Fri
WARNING:timetable_generator_engine:Cannot place theory period:
  Subject  : Programming in C
  Division : CS4
  Teacher  : Ms. Vyshna R. K.
  Required : 1 theory period(s)
  Conflicts:
    • division CS4 timetable completely full on: Mon, Tue, Wed, Thu, Fri
WARNING:timetable_generator_engine:Cannot place theory period:
  Subject  : Engineering Graphics and Computer Aided Drawing.
  Division : CS2
  Teacher  : Ms. Preema T. S.
  Required : 1 theory period(s)
  Conflicts:
    • division CS2 timetable completely full on: Mon, Tue, Wed, Thu, Fri
WARNING:timetable_generator_engine:Cannot place theory period:
  Subject  : Programming in C
  Division : CS4
  Teacher  : Ms. Vyshna R. K.
  Required : 1 theory period(s)
  Conflicts:
    • division CS4 timetable completely full on: Mon, Tue, Wed, Thu, Fri
WARNING:timetable_generator_engine:Cannot place theory period:
  Subject  : Engineering Graphics and Computer Aided Drawing.
  Division : CS2
  Teacher  : Ms. Preema T. S.
  Required : 1 theory period(s)
  Conflicts:
    • division CS2 timetable completely full on: Mon, Tue, Wed, Thu, Fri
WARNING:timetable_generator_engine:Cannot place theory period:
  Subject  : Programming in C
  Division : CS4
  Teacher  : Ms. Vyshna R. K.
  Required : 1 theory period(s)
  Conflicts:
    • division CS4 timetable completely full on: Mon, Tue, Wed, Thu, Fri
WARNING:timetable_generator_engine:Cannot place theory period:
  Subject  : Engineering Graphics and Computer Aided Drawing.
  Division : CS2
  Teacher  : Ms. Preema T. S.
  Required : 1 theory period(s)
  Conflicts:
    • division CS2 timetable completely full on: Mon, Tue, Wed, Thu, Fri
INFO:timetable_generator_engine:  [relaxed pass] Algorithmic Thinking with Python / CS3: placing 4 missing period(s)
WARNING:timetable_generator_engine:  [relaxed pass] Cannot place Algorithmic Thinking with Python / CS3 even with relaxed cap
INFO:timetable_generator_engine:  [relaxed pass] Engineering Graphics and Computer Aided Drawing. / CS3: placing 1 missing period(s)
WARNING:timetable_generator_engine:  [relaxed pass] Cannot place Engineering Graphics and Computer Aided Drawing. / CS3 even with relaxed cap
INFO:timetable_generator_engine:  [relaxed pass] Digital Electronics and Logic Design / CS4: placing 1 missing period(s)
WARNING:timetable_generator_engine:  [relaxed pass] Cannot place Digital Electronics and Logic Design / CS4 even with relaxed cap
INFO:timetable_generator_engine:  [relaxed pass] Engineering Graphics and Computer Aided Drawing. / CS2: placing 5 missing period(s)
WARNING:timetable_generator_engine:  [relaxed pass] Cannot place Engineering Graphics and Computer Aided Drawing. / CS2 even with relaxed cap
INFO:timetable_generator_engine:  [relaxed pass] Programming in C / CS4: placing 4 missing period(s)
WARNING:timetable_generator_engine:  [relaxed pass] Cannot place Programming in C / CS4 even with relaxed cap
INFO:timetable_generator_engine:  [relaxed pass] Object Oriented Programming / CS1: placing 5 missing period(s)
WARNING:timetable_generator_engine:  [relaxed pass] Cannot place Object Oriented Programming / CS1 even with relaxed cap
INFO:timetable_generator_engine:  Attempt 18 (seed=784146) score: 89/100
INFO:timetable_generator_engine:Greedy attempt 19/80 …
WARNING:timetable_generator_engine:Cannot place theory period:
  Subject  : Object Oriented Programming
  Division : CS4
  Teacher  : Ms. Neethu Roy
  Required : 1 theory period(s)
  Conflicts:
    • division CS4 timetable completely full on: Mon, Tue, Wed, Thu, Fri
WARNING:timetable_generator_engine:Cannot place theory period:
  Subject  : Foundations of Computing: From Hardware Essentials to Web Design
  Division : CS4
  Teacher  : Ms. Doney Daniel
  Required : 1 theory period(s)
  Conflicts:
    • division CS4 timetable completely full on: Mon, Tue, Wed, Thu, Fri
WARNING:timetable_generator_engine:Cannot place theory period:
  Subject  : Object Oriented Programming
  Division : CS4
  Teacher  : Ms. Neethu Roy
  Required : 1 theory period(s)
  Conflicts:
    • division CS4 timetable completely full on: Mon, Tue, Wed, Thu, Fri
WARNING:timetable_generator_engine:Cannot place theory period:
  Subject  : Object Oriented Programming
  Division : CS4
  Teacher  : Ms. Neethu Roy
  Required : 1 theory period(s)
  Conflicts:
    • division CS4 timetable completely full on: Mon, Tue, Wed, Thu, Fri
WARNING:timetable_generator_engine:Cannot place theory period:
  Subject  : Object Oriented Programming
  Division : CS4
  Teacher  : Ms. Neethu Roy
  Required : 1 theory period(s)
  Conflicts:
    • division CS4 timetable completely full on: Mon, Tue, Wed, Thu, Fri
WARNING:timetable_generator_engine:Cannot place theory period:
  Subject  : Algorithmic Thinking with Python
  Division : CS2
  Teacher  : Ms. Bini Omman
  Required : 1 theory period(s)
  Conflicts:
    • division CS2 timetable completely full on: Mon, Tue, Wed, Thu, Fri
WARNING:timetable_generator_engine:Cannot place theory period:
  Subject  : Engineering Graphics and Computer Aided Drawing.
  Division : CS2
  Teacher  : Ms. Preema T. S.
  Required : 1 theory period(s)
  Conflicts:
    • division CS2 timetable completely full on: Mon, Tue, Wed, Thu, Fri
WARNING:timetable_generator_engine:Cannot place theory period:
  Subject  : Object Oriented Programming
  Division : CS1
  Teacher  : Ms. Sanooja Beegam M. A.
  Required : 1 theory period(s)
  Conflicts:
    • division CS1 timetable completely full on: Mon, Tue, Wed, Thu, Fri
WARNING:timetable_generator_engine:Cannot place theory period:
  Subject  : Algorithmic Thinking with Python
  Division : CS2
  Teacher  : Ms. Bini Omman
  Required : 1 theory period(s)
  Conflicts:
    • division CS2 timetable completely full on: Mon, Tue, Wed, Thu, Fri
WARNING:timetable_generator_engine:Cannot place theory period:
  Subject  : Digital Electronics and Logic Design
  Division : CS1
  Teacher  : Mr. Anoop Jose
  Required : 1 theory period(s)
  Conflicts:
    • division CS1 timetable completely full on: Mon, Tue, Wed, Thu, Fri
WARNING:timetable_generator_engine:Cannot place theory period:
  Subject  : Object Oriented Programming
  Division : CS1
  Teacher  : Ms. Sanooja Beegam M. A.
  Required : 1 theory period(s)
  Conflicts:
    • division CS1 timetable completely full on: Mon, Tue, Wed, Thu, Fri
WARNING:timetable_generator_engine:Cannot place theory period:
  Subject  : Algorithmic Thinking with Python
  Division : CS2
  Teacher  : Ms. Bini Omman
  Required : 1 theory period(s)
  Conflicts:
    • division CS2 timetable completely full on: Mon, Tue, Wed, Thu, Fri
WARNING:timetable_generator_engine:Cannot place theory period:
  Subject  : Digital Electronics and Logic Design
  Division : CS1
  Teacher  : Mr. Anoop Jose
  Required : 1 theory period(s)
  Conflicts:
    • division CS1 timetable completely full on: Mon, Tue, Wed, Thu, Fri
WARNING:timetable_generator_engine:Cannot place theory period:
  Subject  : Object Oriented Programming
  Division : CS1
  Teacher  : Ms. Sanooja Beegam M. A.
  Required : 1 theory period(s)
  Conflicts:
    • division CS1 timetable completely full on: Mon, Tue, Wed, Thu, Fri
WARNING:timetable_generator_engine:Cannot place theory period:
  Subject  : Algorithmic Thinking with Python
  Division : CS2
  Teacher  : Ms. Bini Omman
  Required : 1 theory period(s)
  Conflicts:
    • division CS2 timetable completely full on: Mon, Tue, Wed, Thu, Fri
WARNING:timetable_generator_engine:Cannot place theory period:
  Subject  : Engineering Graphics and Computer Aided Drawing.
  Division : CS3
  Teacher  : Ms. Divya M. S.
  Required : 1 theory period(s)
  Conflicts:
    • division CS3 timetable completely full on: Mon, Tue, Wed, Thu, Fri
WARNING:timetable_generator_engine:Cannot place theory period:
  Subject  : Programming in C
  Division : CS3
  Teacher  : Ms. Demy Devassy
  Required : 1 theory period(s)
  Conflicts:
    • division CS3 timetable completely full on: Mon, Tue, Wed, Thu, Fri
WARNING:timetable_generator_engine:Cannot place theory period:
  Subject  : Engineering Graphics and Computer Aided Drawing.
  Division : CS3
  Teacher  : Ms. Divya M. S.
  Required : 1 theory period(s)
  Conflicts:
    • division CS3 timetable completely full on: Mon, Tue, Wed, Thu, Fri
WARNING:timetable_generator_engine:Cannot place theory period:
  Subject  : Programming in C
  Division : CS3
  Teacher  : Ms. Demy Devassy
  Required : 1 theory period(s)
  Conflicts:
    • division CS3 timetable completely full on: Mon, Tue, Wed, Thu, Fri
WARNING:timetable_generator_engine:Cannot place theory period:
  Subject  : Engineering Graphics and Computer Aided Drawing.
  Division : CS3
  Teacher  : Ms. Divya M. S.
  Required : 1 theory period(s)
  Conflicts:
    • division CS3 timetable completely full on: Mon, Tue, Wed, Thu, Fri
INFO:timetable_generator_engine:  [relaxed pass] Foundations of Computing: From Hardware Essentials to Web Design / CS4: placing 1 missing period(s)
WARNING:timetable_generator_engine:  [relaxed pass] Cannot place Foundations of Computing: From Hardware Essentials to Web Design / CS4 even with relaxed cap
INFO:timetable_generator_engine:  [relaxed pass] Object Oriented Programming / CS4: placing 4 missing period(s)
WARNING:timetable_generator_engine:  [relaxed pass] Cannot place Object Oriented Programming / CS4 even with relaxed cap
INFO:timetable_generator_engine:  [relaxed pass] Object Oriented Programming / CS1: placing 3 missing period(s)
WARNING:timetable_generator_engine:  [relaxed pass] Cannot place Object Oriented Programming / CS1 even with relaxed cap
INFO:timetable_generator_engine:  [relaxed pass] Programming in C / CS3: placing 2 missing period(s)
WARNING:timetable_generator_engine:  [relaxed pass] Cannot place Programming in C / CS3 even with relaxed cap
INFO:timetable_generator_engine:  [relaxed pass] Engineering Graphics and Computer Aided Drawing. / CS2: placing 1 missing period(s)
WARNING:timetable_generator_engine:  [relaxed pass] Cannot place Engineering Graphics and Computer Aided Drawing. / CS2 even with relaxed cap
INFO:timetable_generator_engine:  [relaxed pass] Engineering Graphics and Computer Aided Drawing. / CS3: placing 3 missing period(s)
WARNING:timetable_generator_engine:  [relaxed pass] Cannot place Engineering Graphics and Computer Aided Drawing. / CS3 even with relaxed cap
INFO:timetable_generator_engine:  [relaxed pass] Algorithmic Thinking with Python / CS2: placing 4 missing period(s)
WARNING:timetable_generator_engine:  [relaxed pass] Cannot place Algorithmic Thinking with Python / CS2 even with relaxed cap
INFO:timetable_generator_engine:  [relaxed pass] Digital Electronics and Logic Design / CS1: placing 2 missing period(s)
WARNING:timetable_generator_engine:  [relaxed pass] Cannot place Digital Electronics and Logic Design / CS1 even with relaxed cap
INFO:timetable_generator_engine:  Attempt 19 (seed=611308) score: 89/100
INFO:timetable_generator_engine:Greedy attempt 20/80 …
WARNING:timetable_generator_engine:Cannot place theory period:
  Subject  : Object Oriented Programming
  Division : CS3
  Teacher  : Ms. Anu S
  Required : 1 theory period(s)
  Conflicts:
    • division CS3 timetable completely full on: Mon, Tue, Wed, Thu, Fri
WARNING:timetable_generator_engine:Cannot place theory period:
  Subject  : Foundations of Computing: From Hardware Essentials to Web Design
  Division : CS3
  Teacher  : Ms. Greshma P Sebastian
  Required : 1 theory period(s)
  Conflicts:
    • division CS3 timetable completely full on: Mon, Tue, Wed, Thu, Fri
WARNING:timetable_generator_engine:Cannot place theory period:
  Subject  : Object Oriented Programming
  Division : CS3
  Teacher  : Ms. Anu S
  Required : 1 theory period(s)
  Conflicts:
    • division CS3 timetable completely full on: Mon, Tue, Wed, Thu, Fri
WARNING:timetable_generator_engine:Cannot place theory period:
  Subject  : Object Oriented Programming
  Division : CS3
  Teacher  : Ms. Anu S
  Required : 1 theory period(s)
  Conflicts:
    • division CS3 timetable completely full on: Mon, Tue, Wed, Thu, Fri
WARNING:timetable_generator_engine:Cannot place theory period:
  Subject  : Object Oriented Programming
  Division : CS3
  Teacher  : Ms. Anu S
  Required : 1 theory period(s)
  Conflicts:
    • division CS3 timetable completely full on: Mon, Tue, Wed, Thu, Fri
WARNING:timetable_generator_engine:Cannot place theory period:
  Subject  : Digital Electronics and Logic Design
  Division : CS4
  Teacher  : Ms. Sareena K. K.
  Required : 1 theory period(s)
  Conflicts:
    • division CS4 timetable completely full on: Mon, Tue, Wed, Thu, Fri
WARNING:timetable_generator_engine:Cannot place theory period:
  Subject  : Algorithmic Thinking with Python
  Division : CS4
  Teacher  : Ms. Neethu Krishna
  Required : 1 theory period(s)
  Conflicts:
    • division CS4 timetable completely full on: Mon, Tue, Wed, Thu, Fri
WARNING:timetable_generator_engine:Cannot place theory period:
  Subject  : Programming in C
  Division : CS2
  Teacher  : Ms. Sruthy K. Joseph
  Required : 1 theory period(s)
  Conflicts:
    • division CS2 timetable completely full on: Mon, Tue, Wed, Thu, Fri
WARNING:timetable_generator_engine:Cannot place theory period:
  Subject  : Engineering Graphics and Computer Aided Drawing.
  Division : CS1
  Teacher  : Ms. Jane Theresa
  Required : 1 theory period(s)
  Conflicts:
    • division CS1 timetable completely full on: Mon, Tue, Wed, Thu, Fri
WARNING:timetable_generator_engine:Cannot place theory period:
  Subject  : Object Oriented Programming
  Division : CS4
  Teacher  : Ms. Neethu Roy
  Required : 1 theory period(s)
  Conflicts:
    • division CS4 timetable completely full on: Mon, Tue, Wed, Thu, Fri
WARNING:timetable_generator_engine:Cannot place theory period:
  Subject  : Digital Electronics and Logic Design
  Division : CS4
  Teacher  : Ms. Sareena K. K.
  Required : 1 theory period(s)
  Conflicts:
    • division CS4 timetable completely full on: Mon, Tue, Wed, Thu, Fri
WARNING:timetable_generator_engine:Cannot place theory period:
  Subject  : Algorithmic Thinking with Python
  Division : CS4
  Teacher  : Ms. Neethu Krishna
  Required : 1 theory period(s)
  Conflicts:
    • division CS4 timetable completely full on: Mon, Tue, Wed, Thu, Fri
WARNING:timetable_generator_engine:Cannot place theory period:
  Subject  : Programming in C
  Division : CS2
  Teacher  : Ms. Sruthy K. Joseph
  Required : 1 theory period(s)
  Conflicts:
    • division CS2 timetable completely full on: Mon, Tue, Wed, Thu, Fri
WARNING:timetable_generator_engine:Cannot place theory period:
  Subject  : Engineering Graphics and Computer Aided Drawing.
  Division : CS1
  Teacher  : Ms. Jane Theresa
  Required : 1 theory period(s)
  Conflicts:
    • division CS1 timetable completely full on: Mon, Tue, Wed, Thu, Fri
WARNING:timetable_generator_engine:Cannot place theory period:
  Subject  : Programming in C
  Division : CS2
  Teacher  : Ms. Sruthy K. Joseph
  Required : 1 theory period(s)
  Conflicts:
    • division CS2 timetable completely full on: Mon, Tue, Wed, Thu, Fri
WARNING:timetable_generator_engine:Cannot place theory period:
  Subject  : Engineering Graphics and Computer Aided Drawing.
  Division : CS1
  Teacher  : Ms. Jane Theresa
  Required : 1 theory period(s)
  Conflicts:
    • division CS1 timetable completely full on: Mon, Tue, Wed, Thu, Fri
WARNING:timetable_generator_engine:Cannot place theory period:
  Subject  : Programming in C
  Division : CS2
  Teacher  : Ms. Sruthy K. Joseph
  Required : 1 theory period(s)
  Conflicts:
    • division CS2 timetable completely full on: Mon, Tue, Wed, Thu, Fri
WARNING:timetable_generator_engine:Cannot place theory period:
  Subject  : Engineering Graphics and Computer Aided Drawing.
  Division : CS1
  Teacher  : Ms. Jane Theresa
  Required : 1 theory period(s)
  Conflicts:
    • division CS1 timetable completely full on: Mon, Tue, Wed, Thu, Fri
WARNING:timetable_generator_engine:Cannot place theory period:
  Subject  : Programming in C
  Division : CS2
  Teacher  : Ms. Sruthy K. Joseph
  Required : 1 theory period(s)
  Conflicts:
    • division CS2 timetable completely full on: Mon, Tue, Wed, Thu, Fri
WARNING:timetable_generator_engine:Cannot place theory period:
  Subject  : Engineering Graphics and Computer Aided Drawing.
  Division : CS1
  Teacher  : Ms. Jane Theresa
  Required : 1 theory period(s)
  Conflicts:
    • division CS1 timetable completely full on: Mon, Tue, Wed, Thu, Fri
INFO:timetable_generator_engine:  [relaxed pass] Object Oriented Programming / CS3: placing 4 missing period(s)
WARNING:timetable_generator_engine:  [relaxed pass] Cannot place Object Oriented Programming / CS3 even with relaxed cap
INFO:timetable_generator_engine:  [relaxed pass] Foundations of Computing: From Hardware Essentials to Web Design / CS3: placing 1 missing period(s)
WARNING:timetable_generator_engine:  [relaxed pass] Cannot place Foundations of Computing: From Hardware Essentials to Web Design / CS3 even with relaxed cap
INFO:timetable_generator_engine:  [relaxed pass] Digital Electronics and Logic Design / CS4: placing 2 missing period(s)
WARNING:timetable_generator_engine:  [relaxed pass] Cannot place Digital Electronics and Logic Design / CS4 even with relaxed cap
INFO:timetable_generator_engine:  [relaxed pass] Algorithmic Thinking with Python / CS4: placing 2 missing period(s)
WARNING:timetable_generator_engine:  [relaxed pass] Cannot place Algorithmic Thinking with Python / CS4 even with relaxed cap
INFO:timetable_generator_engine:  [relaxed pass] Object Oriented Programming / CS4: placing 1 missing period(s)
WARNING:timetable_generator_engine:  [relaxed pass] Cannot place Object Oriented Programming / CS4 even with relaxed cap
INFO:timetable_generator_engine:  [relaxed pass] Programming in C / CS2: placing 5 missing period(s)
WARNING:timetable_generator_engine:  [relaxed pass] Cannot place Programming in C / CS2 even with relaxed cap
INFO:timetable_generator_engine:  [relaxed pass] Engineering Graphics and Computer Aided Drawing. / CS1: placing 5 missing period(s)
WARNING:timetable_generator_engine:  [relaxed pass] Cannot place Engineering Graphics and Computer Aided Drawing. / CS1 even with relaxed cap
INFO:timetable_generator_engine:  Attempt 20 (seed=238325) score: 92/100
INFO:timetable_generator_engine:Greedy attempt 21/80 …
WARNING:timetable_generator_engine:Cannot place theory period:
  Subject  : Digital Electronics and Logic Design
  Division : CS1
  Teacher  : Mr. Anoop Jose
  Required : 1 theory period(s)
  Conflicts:
    • division CS1 timetable completely full on: Mon, Tue, Wed, Thu, Fri
WARNING:timetable_generator_engine:Cannot place theory period:
  Subject  : Algorithmic Thinking with Python
  Division : CS3
  Teacher  : Dr. Varun G. Menon
  Required : 1 theory period(s)
  Conflicts:
    • division CS3 timetable completely full on: Mon, Tue, Wed, Thu, Fri
WARNING:timetable_generator_engine:Cannot place theory period:
  Subject  : Foundations of Computing: From Hardware Essentials to Web Design
  Division : CS2
  Teacher  : Ms. Surya S. G.
  Required : 1 theory period(s)
  Conflicts:
    • division CS2 timetable completely full on: Mon, Tue, Wed, Thu, Fri
WARNING:timetable_generator_engine:Cannot place theory period:
  Subject  : Engineering Graphics and Computer Aided Drawing.
  Division : CS2
  Teacher  : Ms. Preema T. S.
  Required : 1 theory period(s)
  Conflicts:
    • division CS2 timetable completely full on: Mon, Tue, Wed, Thu, Fri
WARNING:timetable_generator_engine:Cannot place theory period:
  Subject  : Programming in C
  Division : CS2
  Teacher  : Ms. Sruthy K. Joseph
  Required : 1 theory period(s)
  Conflicts:
    • division CS2 timetable completely full on: Mon, Tue, Wed, Thu, Fri
WARNING:timetable_generator_engine:Cannot place theory period:
  Subject  : Digital Electronics and Logic Design
  Division : CS1
  Teacher  : Mr. Anoop Jose
  Required : 1 theory period(s)
  Conflicts:
    • division CS1 timetable completely full on: Mon, Tue, Wed, Thu, Fri
WARNING:timetable_generator_engine:Cannot place theory period:
  Subject  : Algorithmic Thinking with Python
  Division : CS3
  Teacher  : Dr. Varun G. Menon
  Required : 1 theory period(s)
  Conflicts:
    • division CS3 timetable completely full on: Mon, Tue, Wed, Thu, Fri
WARNING:timetable_generator_engine:Cannot place theory period:
  Subject  : Engineering Graphics and Computer Aided Drawing.
  Division : CS2
  Teacher  : Ms. Preema T. S.
  Required : 1 theory period(s)
  Conflicts:
    • division CS2 timetable completely full on: Mon, Tue, Wed, Thu, Fri
WARNING:timetable_generator_engine:Cannot place theory period:
  Subject  : Programming in C
  Division : CS2
  Teacher  : Ms. Sruthy K. Joseph
  Required : 1 theory period(s)
  Conflicts:
    • division CS2 timetable completely full on: Mon, Tue, Wed, Thu, Fri
WARNING:timetable_generator_engine:Cannot place theory period:
  Subject  : Digital Electronics and Logic Design
  Division : CS1
  Teacher  : Mr. Anoop Jose
  Required : 1 theory period(s)
  Conflicts:
    • division CS1 timetable completely full on: Mon, Tue, Wed, Thu, Fri
WARNING:timetable_generator_engine:Cannot place theory period:
  Subject  : Algorithmic Thinking with Python
  Division : CS3
  Teacher  : Dr. Varun G. Menon
  Required : 1 theory period(s)
  Conflicts:
    • division CS3 timetable completely full on: Mon, Tue, Wed, Thu, Fri
WARNING:timetable_generator_engine:Cannot place theory period:
  Subject  : Digital Electronics and Logic Design
  Division : CS1
  Teacher  : Mr. Anoop Jose
  Required : 1 theory period(s)
  Conflicts:
    • division CS1 timetable completely full on: Mon, Tue, Wed, Thu, Fri
WARNING:timetable_generator_engine:Cannot place theory period:
  Subject  : Algorithmic Thinking with Python
  Division : CS3
  Teacher  : Dr. Varun G. Menon
  Required : 1 theory period(s)
  Conflicts:
    • division CS3 timetable completely full on: Mon, Tue, Wed, Thu, Fri
WARNING:timetable_generator_engine:Cannot place theory period:
  Subject  : Digital Electronics and Logic Design
  Division : CS1
  Teacher  : Mr. Anoop Jose
  Required : 1 theory period(s)
  Conflicts:
    • division CS1 timetable completely full on: Mon, Tue, Wed, Thu, Fri
WARNING:timetable_generator_engine:Cannot place theory period:
  Subject  : Algorithmic Thinking with Python
  Division : CS3
  Teacher  : Dr. Varun G. Menon
  Required : 1 theory period(s)
  Conflicts:
    • division CS3 timetable completely full on: Mon, Tue, Wed, Thu, Fri
WARNING:timetable_generator_engine:Cannot place theory period:
  Subject  : Programming in C
  Division : CS4
  Teacher  : Ms. Vyshna R. K.
  Required : 1 theory period(s)
  Conflicts:
    • division CS4 timetable completely full on: Mon, Tue, Wed, Thu, Fri
WARNING:timetable_generator_engine:Cannot place theory period:
  Subject  : Engineering Graphics and Computer Aided Drawing.
  Division : CS4
  Teacher  : Dr. Geethu R.
  Required : 1 theory period(s)
  Conflicts:
    • division CS4 timetable completely full on: Mon, Tue, Wed, Thu, Fri
WARNING:timetable_generator_engine:Cannot place theory period:
  Subject  : Programming in C
  Division : CS4
  Teacher  : Ms. Vyshna R. K.
  Required : 1 theory period(s)
  Conflicts:
    • division CS4 timetable completely full on: Mon, Tue, Wed, Thu, Fri
WARNING:timetable_generator_engine:Cannot place theory period:
  Subject  : Engineering Graphics and Computer Aided Drawing.
  Division : CS4
  Teacher  : Dr. Geethu R.
  Required : 1 theory period(s)
  Conflicts:
    • division CS4 timetable completely full on: Mon, Tue, Wed, Thu, Fri
WARNING:timetable_generator_engine:Cannot place theory period:
  Subject  : Programming in C
  Division : CS4
  Teacher  : Ms. Vyshna R. K.
  Required : 1 theory period(s)
  Conflicts:
    • division CS4 timetable completely full on: Mon, Tue, Wed, Thu, Fri
INFO:timetable_generator_engine:  [relaxed pass] Digital Electronics and Logic Design / CS1: placing 5 missing period(s)
WARNING:timetable_generator_engine:  [relaxed pass] Cannot place Digital Electronics and Logic Design / CS1 even with relaxed cap
INFO:timetable_generator_engine:  [relaxed pass] Algorithmic Thinking with Python / CS3: placing 5 missing period(s)
WARNING:timetable_generator_engine:  [relaxed pass] Cannot place Algorithmic Thinking with Python / CS3 even with relaxed cap
INFO:timetable_generator_engine:  [relaxed pass] Programming in C / CS2: placing 2 missing period(s)
WARNING:timetable_generator_engine:  [relaxed pass] Cannot place Programming in C / CS2 even with relaxed cap
INFO:timetable_generator_engine:  [relaxed pass] Engineering Graphics and Computer Aided Drawing. / CS2: placing 2 missing period(s)
WARNING:timetable_generator_engine:  [relaxed pass] Cannot place Engineering Graphics and Computer Aided Drawing. / CS2 even with relaxed cap
INFO:timetable_generator_engine:  [relaxed pass] Engineering Graphics and Computer Aided Drawing. / CS4: placing 2 missing period(s)
WARNING:timetable_generator_engine:  [relaxed pass] Cannot place Engineering Graphics and Computer Aided Drawing. / CS4 even with relaxed cap
INFO:timetable_generator_engine:  [relaxed pass] Programming in C / CS4: placing 3 missing period(s)
WARNING:timetable_generator_engine:  [relaxed pass] Cannot place Programming in C / CS4 even with relaxed cap
INFO:timetable_generator_engine:  [relaxed pass] Foundations of Computing: From Hardware Essentials to Web Design / CS2: placing 1 missing period(s)
WARNING:timetable_generator_engine:  [relaxed pass] Cannot place Foundations of Computing: From Hardware Essentials to Web Design / CS2 even with relaxed cap
INFO:timetable_generator_engine:  Attempt 21 (seed=583168) score: 86/100
INFO:timetable_generator_engine:Greedy attempt 22/80 …
WARNING:timetable_generator_engine:Cannot place theory period:
  Subject  : Algorithmic Thinking with Python
  Division : CS2
  Teacher  : Ms. Bini Omman
  Required : 1 theory period(s)
  Conflicts:
    • division CS2 timetable completely full on: Mon, Tue, Wed, Thu, Fri
WARNING:timetable_generator_engine:Cannot place theory period:
  Subject  : Foundations of Computing: From Hardware Essentials to Web Design
  Division : CS2
  Teacher  : Ms. Surya S. G.
  Required : 1 theory period(s)
  Conflicts:
    • division CS2 timetable completely full on: Mon, Tue, Wed, Thu, Fri
WARNING:timetable_generator_engine:Cannot place theory period:
  Subject  : Algorithmic Thinking with Python
  Division : CS2
  Teacher  : Ms. Bini Omman
  Required : 1 theory period(s)
  Conflicts:
    • division CS2 timetable completely full on: Mon, Tue, Wed, Thu, Fri
WARNING:timetable_generator_engine:Cannot place theory period:
  Subject  : Algorithmic Thinking with Python
  Division : CS2
  Teacher  : Ms. Bini Omman
  Required : 1 theory period(s)
  Conflicts:
    • division CS2 timetable completely full on: Mon, Tue, Wed, Thu, Fri
WARNING:timetable_generator_engine:Cannot place theory period:
  Subject  : Programming in C
  Division : CS1
  Teacher  : Ms. Meera V. M.
  Required : 1 theory period(s)
  Conflicts:
    • division CS1 timetable completely full on: Mon, Tue, Wed, Thu, Fri
WARNING:timetable_generator_engine:Cannot place theory period:
  Subject  : Digital Electronics and Logic Design
  Division : CS1
  Teacher  : Mr. Anoop Jose
  Required : 1 theory period(s)
  Conflicts:
    • division CS1 timetable completely full on: Mon, Tue, Wed, Thu, Fri
WARNING:timetable_generator_engine:Cannot place theory period:
  Subject  : Algorithmic Thinking with Python
  Division : CS2
  Teacher  : Ms. Bini Omman
  Required : 1 theory period(s)
  Conflicts:
    • division CS2 timetable completely full on: Mon, Tue, Wed, Thu, Fri
WARNING:timetable_generator_engine:Cannot place theory period:
  Subject  : Programming in C
  Division : CS1
  Teacher  : Ms. Meera V. M.
  Required : 1 theory period(s)
  Conflicts:
    • division CS1 timetable completely full on: Mon, Tue, Wed, Thu, Fri
WARNING:timetable_generator_engine:Cannot place theory period:
  Subject  : Programming in C
  Division : CS1
  Teacher  : Ms. Meera V. M.
  Required : 1 theory period(s)
  Conflicts:
    • division CS1 timetable completely full on: Mon, Tue, Wed, Thu, Fri
WARNING:timetable_generator_engine:Cannot place theory period:
  Subject  : Programming in C
  Division : CS1
  Teacher  : Ms. Meera V. M.
  Required : 1 theory period(s)
  Conflicts:
    • division CS1 timetable completely full on: Mon, Tue, Wed, Thu, Fri
WARNING:timetable_generator_engine:Cannot place theory period:
  Subject  : Object Oriented Programming
  Division : CS4
  Teacher  : Ms. Neethu Roy
  Required : 1 theory period(s)
  Conflicts:
    • division CS4 timetable completely full on: Mon, Tue, Wed, Thu, Fri
WARNING:timetable_generator_engine:Cannot place theory period:
  Subject  : Algorithmic Thinking with Python
  Division : CS3
  Teacher  : Dr. Varun G. Menon
  Required : 1 theory period(s)
  Conflicts:
    • division CS3 timetable completely full on: Mon, Tue, Wed, Thu, Fri
WARNING:timetable_generator_engine:Cannot place theory period:
  Subject  : Programming in C
  Division : CS4
  Teacher  : Ms. Vyshna R. K.
  Required : 1 theory period(s)
  Conflicts:
    • division CS4 timetable completely full on: Mon, Tue, Wed, Thu, Fri
WARNING:timetable_generator_engine:Cannot place theory period:
  Subject  : Engineering Graphics and Computer Aided Drawing.
  Division : CS3
  Teacher  : Ms. Divya M. S.
  Required : 1 theory period(s)
  Conflicts:
    • division CS3 timetable completely full on: Mon, Tue, Wed, Thu, Fri
WARNING:timetable_generator_engine:Cannot place theory period:
  Subject  : Programming in C
  Division : CS4
  Teacher  : Ms. Vyshna R. K.
  Required : 1 theory period(s)
  Conflicts:
    • division CS4 timetable completely full on: Mon, Tue, Wed, Thu, Fri
WARNING:timetable_generator_engine:Cannot place theory period:
  Subject  : Engineering Graphics and Computer Aided Drawing.
  Division : CS3
  Teacher  : Ms. Divya M. S.
  Required : 1 theory period(s)
  Conflicts:
    • division CS3 timetable completely full on: Mon, Tue, Wed, Thu, Fri
WARNING:timetable_generator_engine:Cannot place theory period:
  Subject  : Programming in C
  Division : CS4
  Teacher  : Ms. Vyshna R. K.
  Required : 1 theory period(s)
  Conflicts:
    • division CS4 timetable completely full on: Mon, Tue, Wed, Thu, Fri
WARNING:timetable_generator_engine:Cannot place theory period:
  Subject  : Engineering Graphics and Computer Aided Drawing.
  Division : CS3
  Teacher  : Ms. Divya M. S.
  Required : 1 theory period(s)
  Conflicts:
    • division CS3 timetable completely full on: Mon, Tue, Wed, Thu, Fri
WARNING:timetable_generator_engine:Cannot place theory period:
  Subject  : Programming in C
  Division : CS4
  Teacher  : Ms. Vyshna R. K.
  Required : 1 theory period(s)
  Conflicts:
    • division CS4 timetable completely full on: Mon, Tue, Wed, Thu, Fri
WARNING:timetable_generator_engine:Cannot place theory period:
  Subject  : Engineering Graphics and Computer Aided Drawing.
  Division : CS3
  Teacher  : Ms. Divya M. S.
  Required : 1 theory period(s)
  Conflicts:
    • division CS3 timetable completely full on: Mon, Tue, Wed, Thu, Fri
INFO:timetable_generator_engine:  [relaxed pass] Programming in C / CS1: placing 4 missing period(s)
WARNING:timetable_generator_engine:  [relaxed pass] Cannot place Programming in C / CS1 even with relaxed cap
INFO:timetable_generator_engine:  [relaxed pass] Digital Electronics and Logic Design / CS1: placing 1 missing period(s)
WARNING:timetable_generator_engine:  [relaxed pass] Cannot place Digital Electronics and Logic Design / CS1 even with relaxed cap
INFO:timetable_generator_engine:  [relaxed pass] Foundations of Computing: From Hardware Essentials to Web Design / CS2: placing 1 missing period(s)
WARNING:timetable_generator_engine:  [relaxed pass] Cannot place Foundations of Computing: From Hardware Essentials to Web Design / CS2 even with relaxed cap
INFO:timetable_generator_engine:  [relaxed pass] Programming in C / CS4: placing 4 missing period(s)
WARNING:timetable_generator_engine:  [relaxed pass] Cannot place Programming in C / CS4 even with relaxed cap
INFO:timetable_generator_engine:  [relaxed pass] Algorithmic Thinking with Python / CS2: placing 4 missing period(s)
WARNING:timetable_generator_engine:  [relaxed pass] Cannot place Algorithmic Thinking with Python / CS2 even with relaxed cap
INFO:timetable_generator_engine:  [relaxed pass] Algorithmic Thinking with Python / CS3: placing 1 missing period(s)
WARNING:timetable_generator_engine:  [relaxed pass] Cannot place Algorithmic Thinking with Python / CS3 even with relaxed cap
INFO:timetable_generator_engine:  [relaxed pass] Object Oriented Programming / CS4: placing 1 missing period(s)
WARNING:timetable_generator_engine:  [relaxed pass] Cannot place Object Oriented Programming / CS4 even with relaxed cap
INFO:timetable_generator_engine:  [relaxed pass] Engineering Graphics and Computer Aided Drawing. / CS3: placing 4 missing period(s)
WARNING:timetable_generator_engine:  [relaxed pass] Cannot place Engineering Graphics and Computer Aided Drawing. / CS3 even with relaxed cap
INFO:timetable_generator_engine:  Attempt 22 (seed=210629) score: 86/100
INFO:timetable_generator_engine:Greedy attempt 23/80 …
WARNING:timetable_generator_engine:Cannot place theory period:
  Subject  : Object Oriented Programming
  Division : CS2
  Teacher  : Ms. Julie Siby
  Required : 1 theory period(s)
  Conflicts:
    • division CS2 timetable completely full on: Mon, Tue, Wed, Thu, Fri
WARNING:timetable_generator_engine:Cannot place theory period:
  Subject  : Digital Electronics and Logic Design
  Division : CS4
  Teacher  : Ms. Sareena K. K.
  Required : 1 theory period(s)
  Conflicts:
    • division CS4 timetable completely full on: Mon, Tue, Wed, Thu, Fri
WARNING:timetable_generator_engine:Cannot place theory period:
  Subject  : Engineering Graphics and Computer Aided Drawing.
  Division : CS4
  Teacher  : Dr. Geethu R.
  Required : 1 theory period(s)
  Conflicts:
    • division CS4 timetable completely full on: Mon, Tue, Wed, Thu, Fri
WARNING:timetable_generator_engine:Cannot place theory period:
  Subject  : Programming in C
  Division : CS2
  Teacher  : Ms. Sruthy K. Joseph
  Required : 1 theory period(s)
  Conflicts:
    • division CS2 timetable completely full on: Mon, Tue, Wed, Thu, Fri
WARNING:timetable_generator_engine:Cannot place theory period:
  Subject  : Object Oriented Programming
  Division : CS2
  Teacher  : Ms. Julie Siby
  Required : 1 theory period(s)
  Conflicts:
    • division CS2 timetable completely full on: Mon, Tue, Wed, Thu, Fri
WARNING:timetable_generator_engine:Cannot place theory period:
  Subject  : Digital Electronics and Logic Design
  Division : CS4
  Teacher  : Ms. Sareena K. K.
  Required : 1 theory period(s)
  Conflicts:
    • division CS4 timetable completely full on: Mon, Tue, Wed, Thu, Fri
WARNING:timetable_generator_engine:Cannot place theory period:
  Subject  : Object Oriented Programming
  Division : CS2
  Teacher  : Ms. Julie Siby
  Required : 1 theory period(s)
  Conflicts:
    • division CS2 timetable completely full on: Mon, Tue, Wed, Thu, Fri
WARNING:timetable_generator_engine:Cannot place theory period:
  Subject  : Digital Electronics and Logic Design
  Division : CS4
  Teacher  : Ms. Sareena K. K.
  Required : 1 theory period(s)
  Conflicts:
    • division CS4 timetable completely full on: Mon, Tue, Wed, Thu, Fri
WARNING:timetable_generator_engine:Cannot place theory period:
  Subject  : Engineering Graphics and Computer Aided Drawing.
  Division : CS1
  Teacher  : Ms. Jane Theresa
  Required : 1 theory period(s)
  Conflicts:
    • division CS1 timetable completely full on: Mon, Tue, Wed, Thu, Fri
WARNING:timetable_generator_engine:Cannot place theory period:
  Subject  : Object Oriented Programming
  Division : CS2
  Teacher  : Ms. Julie Siby
  Required : 1 theory period(s)
  Conflicts:
    • division CS2 timetable completely full on: Mon, Tue, Wed, Thu, Fri
WARNING:timetable_generator_engine:Cannot place theory period:
  Subject  : Algorithmic Thinking with Python
  Division : CS3
  Teacher  : Dr. Varun G. Menon
  Required : 1 theory period(s)
  Conflicts:
    • division CS3 timetable completely full on: Mon, Tue, Wed, Thu, Fri
WARNING:timetable_generator_engine:Cannot place theory period:
  Subject  : Digital Electronics and Logic Design
  Division : CS4
  Teacher  : Ms. Sareena K. K.
  Required : 1 theory period(s)
  Conflicts:
    • division CS4 timetable completely full on: Mon, Tue, Wed, Thu, Fri
WARNING:timetable_generator_engine:Cannot place theory period:
  Subject  : Engineering Graphics and Computer Aided Drawing.
  Division : CS1
  Teacher  : Ms. Jane Theresa
  Required : 1 theory period(s)
  Conflicts:
    • division CS1 timetable completely full on: Mon, Tue, Wed, Thu, Fri
WARNING:timetable_generator_engine:Cannot place theory period:
  Subject  : Programming in C
  Division : CS3
  Teacher  : Ms. Demy Devassy
  Required : 1 theory period(s)
  Conflicts:
    • division CS3 timetable completely full on: Mon, Tue, Wed, Thu, Fri
WARNING:timetable_generator_engine:Cannot place theory period:
  Subject  : Engineering Graphics and Computer Aided Drawing.
  Division : CS1
  Teacher  : Ms. Jane Theresa
  Required : 1 theory period(s)
  Conflicts:
    • division CS1 timetable completely full on: Mon, Tue, Wed, Thu, Fri
WARNING:timetable_generator_engine:Cannot place theory period:
  Subject  : Programming in C
  Division : CS3
  Teacher  : Ms. Demy Devassy
  Required : 1 theory period(s)
  Conflicts:
    • division CS3 timetable completely full on: Mon, Tue, Wed, Thu, Fri
WARNING:timetable_generator_engine:Cannot place theory period:
  Subject  : Engineering Graphics and Computer Aided Drawing.
  Division : CS1
  Teacher  : Ms. Jane Theresa
  Required : 1 theory period(s)
  Conflicts:
    • division CS1 timetable completely full on: Mon, Tue, Wed, Thu, Fri
WARNING:timetable_generator_engine:Cannot place theory period:
  Subject  : Programming in C
  Division : CS3
  Teacher  : Ms. Demy Devassy
  Required : 1 theory period(s)
  Conflicts:
    • division CS3 timetable completely full on: Mon, Tue, Wed, Thu, Fri
WARNING:timetable_generator_engine:Cannot place theory period:
  Subject  : Engineering Graphics and Computer Aided Drawing.
  Division : CS1
  Teacher  : Ms. Jane Theresa
  Required : 1 theory period(s)
  Conflicts:
    • division CS1 timetable completely full on: Mon, Tue, Wed, Thu, Fri
WARNING:timetable_generator_engine:Cannot place theory period:
  Subject  : Programming in C
  Division : CS3
  Teacher  : Ms. Demy Devassy
  Required : 1 theory period(s)
  Conflicts:
    • division CS3 timetable completely full on: Mon, Tue, Wed, Thu, Fri
INFO:timetable_generator_engine:  [relaxed pass] Programming in C / CS2: placing 1 missing period(s)
WARNING:timetable_generator_engine:  [relaxed pass] Cannot place Programming in C / CS2 even with relaxed cap
INFO:timetable_generator_engine:  [relaxed pass] Programming in C / CS3: placing 4 missing period(s)
WARNING:timetable_generator_engine:  [relaxed pass] Cannot place Programming in C / CS3 even with relaxed cap
INFO:timetable_generator_engine:  [relaxed pass] Engineering Graphics and Computer Aided Drawing. / CS4: placing 1 missing period(s)
WARNING:timetable_generator_engine:  [relaxed pass] Cannot place Engineering Graphics and Computer Aided Drawing. / CS4 even with relaxed cap
INFO:timetable_generator_engine:  [relaxed pass] Engineering Graphics and Computer Aided Drawing. / CS1: placing 5 missing period(s)
WARNING:timetable_generator_engine:  [relaxed pass] Cannot place Engineering Graphics and Computer Aided Drawing. / CS1 even with relaxed cap
INFO:timetable_generator_engine:  [relaxed pass] Digital Electronics and Logic Design / CS4: placing 4 missing period(s)
WARNING:timetable_generator_engine:  [relaxed pass] Cannot place Digital Electronics and Logic Design / CS4 even with relaxed cap
INFO:timetable_generator_engine:  [relaxed pass] Algorithmic Thinking with Python / CS3: placing 1 missing period(s)
WARNING:timetable_generator_engine:  [relaxed pass] Cannot place Algorithmic Thinking with Python / CS3 even with relaxed cap
INFO:timetable_generator_engine:  [relaxed pass] Object Oriented Programming / CS2: placing 4 missing period(s)
WARNING:timetable_generator_engine:  [relaxed pass] Cannot place Object Oriented Programming / CS2 even with relaxed cap
INFO:timetable_generator_engine:  Attempt 23 (seed=72589) score: 87/100
INFO:timetable_generator_engine:Greedy attempt 24/80 …
WARNING:timetable_generator_engine:Cannot place theory period:
  Subject  : Digital Electronics and Logic Design
  Division : CS4
  Teacher  : Ms. Sareena K. K.
  Required : 1 theory period(s)
  Conflicts:
    • division CS4 timetable completely full on: Mon, Tue, Wed, Thu, Fri
WARNING:timetable_generator_engine:Cannot place theory period:
  Subject  : Foundations of Computing: From Hardware Essentials to Web Design
  Division : CS4
  Teacher  : Ms. Doney Daniel
  Required : 1 theory period(s)
  Conflicts:
    • division CS4 timetable completely full on: Mon, Tue, Wed, Thu, Fri
WARNING:timetable_generator_engine:Cannot place theory period:
  Subject  : Digital Electronics and Logic Design
  Division : CS4
  Teacher  : Ms. Sareena K. K.
  Required : 1 theory period(s)
  Conflicts:
    • division CS4 timetable completely full on: Mon, Tue, Wed, Thu, Fri
WARNING:timetable_generator_engine:Cannot place theory period:
  Subject  : Digital Electronics and Logic Design
  Division : CS4
  Teacher  : Ms. Sareena K. K.
  Required : 1 theory period(s)
  Conflicts:
    • division CS4 timetable completely full on: Mon, Tue, Wed, Thu, Fri
WARNING:timetable_generator_engine:Cannot place theory period:
  Subject  : Digital Electronics and Logic Design
  Division : CS4
  Teacher  : Ms. Sareena K. K.
  Required : 1 theory period(s)
  Conflicts:
    • division CS4 timetable completely full on: Mon, Tue, Wed, Thu, Fri
WARNING:timetable_generator_engine:Cannot place theory period:
  Subject  : Object Oriented Programming
  Division : CS2
  Teacher  : Ms. Julie Siby
  Required : 1 theory period(s)
  Conflicts:
    • division CS2 timetable completely full on: Mon, Tue, Wed, Thu, Fri
WARNING:timetable_generator_engine:Cannot place theory period:
  Subject  : Algorithmic Thinking with Python
  Division : CS2
  Teacher  : Ms. Bini Omman
  Required : 1 theory period(s)
  Conflicts:
    • division CS2 timetable completely full on: Mon, Tue, Wed, Thu, Fri
WARNING:timetable_generator_engine:Cannot place theory period:
  Subject  : Object Oriented Programming
  Division : CS2
  Teacher  : Ms. Julie Siby
  Required : 1 theory period(s)
  Conflicts:
    • division CS2 timetable completely full on: Mon, Tue, Wed, Thu, Fri
WARNING:timetable_generator_engine:Cannot place theory period:
  Subject  : Programming in C
  Division : CS3
  Teacher  : Ms. Demy Devassy
  Required : 1 theory period(s)
  Conflicts:
    • division CS3 timetable completely full on: Mon, Tue, Wed, Thu, Fri
WARNING:timetable_generator_engine:Cannot place theory period:
  Subject  : Algorithmic Thinking with Python
  Division : CS2
  Teacher  : Ms. Bini Omman
  Required : 1 theory period(s)
  Conflicts:
    • division CS2 timetable completely full on: Mon, Tue, Wed, Thu, Fri
WARNING:timetable_generator_engine:Cannot place theory period:
  Subject  : Digital Electronics and Logic Design
  Division : CS1
  Teacher  : Mr. Anoop Jose
  Required : 1 theory period(s)
  Conflicts:
    • division CS1 timetable completely full on: Mon, Tue, Wed, Thu, Fri
WARNING:timetable_generator_engine:Cannot place theory period:
  Subject  : Object Oriented Programming
  Division : CS2
  Teacher  : Ms. Julie Siby
  Required : 1 theory period(s)
  Conflicts:
    • division CS2 timetable completely full on: Mon, Tue, Wed, Thu, Fri
WARNING:timetable_generator_engine:Cannot place theory period:
  Subject  : Programming in C
  Division : CS3
  Teacher  : Ms. Demy Devassy
  Required : 1 theory period(s)
  Conflicts:
    • division CS3 timetable completely full on: Mon, Tue, Wed, Thu, Fri
WARNING:timetable_generator_engine:Cannot place theory period:
  Subject  : Engineering Graphics and Computer Aided Drawing.
  Division : CS1
  Teacher  : Ms. Jane Theresa
  Required : 1 theory period(s)
  Conflicts:
    • division CS1 timetable completely full on: Mon, Tue, Wed, Thu, Fri
WARNING:timetable_generator_engine:Cannot place theory period:
  Subject  : Programming in C
  Division : CS3
  Teacher  : Ms. Demy Devassy
  Required : 1 theory period(s)
  Conflicts:
    • division CS3 timetable completely full on: Mon, Tue, Wed, Thu, Fri
WARNING:timetable_generator_engine:Cannot place theory period:
  Subject  : Engineering Graphics and Computer Aided Drawing.
  Division : CS1
  Teacher  : Ms. Jane Theresa
  Required : 1 theory period(s)
  Conflicts:
    • division CS1 timetable completely full on: Mon, Tue, Wed, Thu, Fri
WARNING:timetable_generator_engine:Cannot place theory period:
  Subject  : Programming in C
  Division : CS3
  Teacher  : Ms. Demy Devassy
  Required : 1 theory period(s)
  Conflicts:
    • division CS3 timetable completely full on: Mon, Tue, Wed, Thu, Fri
WARNING:timetable_generator_engine:Cannot place theory period:
  Subject  : Engineering Graphics and Computer Aided Drawing.
  Division : CS1
  Teacher  : Ms. Jane Theresa
  Required : 1 theory period(s)
  Conflicts:
    • division CS1 timetable completely full on: Mon, Tue, Wed, Thu, Fri
WARNING:timetable_generator_engine:Cannot place theory period:
  Subject  : Programming in C
  Division : CS3
  Teacher  : Ms. Demy Devassy
  Required : 1 theory period(s)
  Conflicts:
    • division CS3 timetable completely full on: Mon, Tue, Wed, Thu, Fri
WARNING:timetable_generator_engine:Cannot place theory period:
  Subject  : Engineering Graphics and Computer Aided Drawing.
  Division : CS1
  Teacher  : Ms. Jane Theresa
  Required : 1 theory period(s)
  Conflicts:
    • division CS1 timetable completely full on: Mon, Tue, Wed, Thu, Fri
INFO:timetable_generator_engine:  [relaxed pass] Programming in C / CS3: placing 5 missing period(s)
WARNING:timetable_generator_engine:  [relaxed pass] Cannot place Programming in C / CS3 even with relaxed cap
INFO:timetable_generator_engine:  [relaxed pass] Foundations of Computing: From Hardware Essentials to Web Design / CS4: placing 1 missing period(s)
WARNING:timetable_generator_engine:  [relaxed pass] Cannot place Foundations of Computing: From Hardware Essentials to Web Design / CS4 even with relaxed cap
INFO:timetable_generator_engine:  [relaxed pass] Object Oriented Programming / CS2: placing 3 missing period(s)
WARNING:timetable_generator_engine:  [relaxed pass] Cannot place Object Oriented Programming / CS2 even with relaxed cap
INFO:timetable_generator_engine:  [relaxed pass] Engineering Graphics and Computer Aided Drawing. / CS1: placing 4 missing period(s)
WARNING:timetable_generator_engine:  [relaxed pass] Cannot place Engineering Graphics and Computer Aided Drawing. / CS1 even with relaxed cap
INFO:timetable_generator_engine:  [relaxed pass] Algorithmic Thinking with Python / CS2: placing 2 missing period(s)
WARNING:timetable_generator_engine:  [relaxed pass] Cannot place Algorithmic Thinking with Python / CS2 even with relaxed cap
INFO:timetable_generator_engine:  [relaxed pass] Digital Electronics and Logic Design / CS4: placing 4 missing period(s)
WARNING:timetable_generator_engine:  [relaxed pass] Cannot place Digital Electronics and Logic Design / CS4 even with relaxed cap
INFO:timetable_generator_engine:  [relaxed pass] Digital Electronics and Logic Design / CS1: placing 1 missing period(s)
WARNING:timetable_generator_engine:  [relaxed pass] Cannot place Digital Electronics and Logic Design / CS1 even with relaxed cap
INFO:timetable_generator_engine:  Attempt 24 (seed=920856) score: 81/100
INFO:timetable_generator_engine:Greedy attempt 25/80 …
WARNING:timetable_generator_engine:Cannot place theory period:
  Subject  : Object Oriented Programming
  Division : CS1
  Teacher  : Ms. Sanooja Beegam M. A.
  Required : 1 theory period(s)
  Conflicts:
    • division CS1 timetable completely full on: Mon, Tue, Wed, Thu, Fri
WARNING:timetable_generator_engine:Cannot place theory period:
  Subject  : Programming in C
  Division : CS1
  Teacher  : Ms. Meera V. M.
  Required : 1 theory period(s)
  Conflicts:
    • division CS1 timetable completely full on: Mon, Tue, Wed, Thu, Fri
WARNING:timetable_generator_engine:Cannot place theory period:
  Subject  : Digital Electronics and Logic Design
  Division : CS4
  Teacher  : Ms. Sareena K. K.
  Required : 1 theory period(s)
  Conflicts:
    • division CS4 timetable completely full on: Mon, Tue, Wed, Thu, Fri
WARNING:timetable_generator_engine:Cannot place theory period:
  Subject  : Object Oriented Programming
  Division : CS1
  Teacher  : Ms. Sanooja Beegam M. A.
  Required : 1 theory period(s)
  Conflicts:
    • division CS1 timetable completely full on: Mon, Tue, Wed, Thu, Fri
WARNING:timetable_generator_engine:Cannot place theory period:
  Subject  : Algorithmic Thinking with Python
  Division : CS4
  Teacher  : Ms. Neethu Krishna
  Required : 1 theory period(s)
  Conflicts:
    • division CS4 timetable completely full on: Mon, Tue, Wed, Thu, Fri
WARNING:timetable_generator_engine:Cannot place theory period:
  Subject  : Digital Electronics and Logic Design
  Division : CS4
  Teacher  : Ms. Sareena K. K.
  Required : 1 theory period(s)
  Conflicts:
    • division CS4 timetable completely full on: Mon, Tue, Wed, Thu, Fri
WARNING:timetable_generator_engine:Cannot place theory period:
  Subject  : Object Oriented Programming
  Division : CS1
  Teacher  : Ms. Sanooja Beegam M. A.
  Required : 1 theory period(s)
  Conflicts:
    • division CS1 timetable completely full on: Mon, Tue, Wed, Thu, Fri
WARNING:timetable_generator_engine:Cannot place theory period:
  Subject  : Engineering Graphics and Computer Aided Drawing.
  Division : CS2
  Teacher  : Ms. Preema T. S.
  Required : 1 theory period(s)
  Conflicts:
    • division CS2 timetable completely full on: Mon, Tue, Wed, Thu, Fri
WARNING:timetable_generator_engine:Cannot place theory period:
  Subject  : Programming in C
  Division : CS3
  Teacher  : Ms. Demy Devassy
  Required : 1 theory period(s)
  Conflicts:
    • division CS3 timetable completely full on: Mon, Tue, Wed, Thu, Fri
WARNING:timetable_generator_engine:Cannot place theory period:
  Subject  : Algorithmic Thinking with Python
  Division : CS4
  Teacher  : Ms. Neethu Krishna
  Required : 1 theory period(s)
  Conflicts:
    • division CS4 timetable completely full on: Mon, Tue, Wed, Thu, Fri
WARNING:timetable_generator_engine:Cannot place theory period:
  Subject  : Digital Electronics and Logic Design
  Division : CS4
  Teacher  : Ms. Sareena K. K.
  Required : 1 theory period(s)
  Conflicts:
    • division CS4 timetable completely full on: Mon, Tue, Wed, Thu, Fri
WARNING:timetable_generator_engine:Cannot place theory period:
  Subject  : Object Oriented Programming
  Division : CS1
  Teacher  : Ms. Sanooja Beegam M. A.
  Required : 1 theory period(s)
  Conflicts:
    • division CS1 timetable completely full on: Mon, Tue, Wed, Thu, Fri
WARNING:timetable_generator_engine:Cannot place theory period:
  Subject  : Engineering Graphics and Computer Aided Drawing.
  Division : CS2
  Teacher  : Ms. Preema T. S.
  Required : 1 theory period(s)
  Conflicts:
    • division CS2 timetable completely full on: Mon, Tue, Wed, Thu, Fri
WARNING:timetable_generator_engine:Cannot place theory period:
  Subject  : Programming in C
  Division : CS3
  Teacher  : Ms. Demy Devassy
  Required : 1 theory period(s)
  Conflicts:
    • division CS3 timetable completely full on: Mon, Tue, Wed, Thu, Fri
WARNING:timetable_generator_engine:Cannot place theory period:
  Subject  : Engineering Graphics and Computer Aided Drawing.
  Division : CS2
  Teacher  : Ms. Preema T. S.
  Required : 1 theory period(s)
  Conflicts:
    • division CS2 timetable completely full on: Mon, Tue, Wed, Thu, Fri
WARNING:timetable_generator_engine:Cannot place theory period:
  Subject  : Programming in C
  Division : CS3
  Teacher  : Ms. Demy Devassy
  Required : 1 theory period(s)
  Conflicts:
    • division CS3 timetable completely full on: Mon, Tue, Wed, Thu, Fri
WARNING:timetable_generator_engine:Cannot place theory period:
  Subject  : Engineering Graphics and Computer Aided Drawing.
  Division : CS2
  Teacher  : Ms. Preema T. S.
  Required : 1 theory period(s)
  Conflicts:
    • division CS2 timetable completely full on: Mon, Tue, Wed, Thu, Fri
WARNING:timetable_generator_engine:Cannot place theory period:
  Subject  : Programming in C
  Division : CS3
  Teacher  : Ms. Demy Devassy
  Required : 1 theory period(s)
  Conflicts:
    • division CS3 timetable completely full on: Mon, Tue, Wed, Thu, Fri
WARNING:timetable_generator_engine:Cannot place theory period:
  Subject  : Engineering Graphics and Computer Aided Drawing.
  Division : CS2
  Teacher  : Ms. Preema T. S.
  Required : 1 theory period(s)
  Conflicts:
    • division CS2 timetable completely full on: Mon, Tue, Wed, Thu, Fri
WARNING:timetable_generator_engine:Cannot place theory period:
  Subject  : Programming in C
  Division : CS3
  Teacher  : Ms. Demy Devassy
  Required : 1 theory period(s)
  Conflicts:
    • division CS3 timetable completely full on: Mon, Tue, Wed, Thu, Fri
INFO:timetable_generator_engine:  [relaxed pass] Object Oriented Programming / CS1: placing 4 missing period(s)
WARNING:timetable_generator_engine:  [relaxed pass] Cannot place Object Oriented Programming / CS1 even with relaxed cap
INFO:timetable_generator_engine:  [relaxed pass] Programming in C / CS1: placing 1 missing period(s)
WARNING:timetable_generator_engine:  [relaxed pass] Cannot place Programming in C / CS1 even with relaxed cap
INFO:timetable_generator_engine:  [relaxed pass] Programming in C / CS3: placing 5 missing period(s)
WARNING:timetable_generator_engine:  [relaxed pass] Cannot place Programming in C / CS3 even with relaxed cap
INFO:timetable_generator_engine:  [relaxed pass] Algorithmic Thinking with Python / CS4: placing 2 missing period(s)
WARNING:timetable_generator_engine:  [relaxed pass] Cannot place Algorithmic Thinking with Python / CS4 even with relaxed cap
INFO:timetable_generator_engine:  [relaxed pass] Engineering Graphics and Computer Aided Drawing. / CS2: placing 5 missing period(s)
WARNING:timetable_generator_engine:  [relaxed pass] Cannot place Engineering Graphics and Computer Aided Drawing. / CS2 even with relaxed cap
INFO:timetable_generator_engine:  [relaxed pass] Digital Electronics and Logic Design / CS4: placing 3 missing period(s)
WARNING:timetable_generator_engine:  [relaxed pass] Cannot place Digital Electronics and Logic Design / CS4 even with relaxed cap
INFO:timetable_generator_engine:  Attempt 25 (seed=977463) score: 89/100
INFO:timetable_generator_engine:Greedy attempt 26/80 …
WARNING:timetable_generator_engine:Cannot place theory period:
  Subject  : Digital Electronics and Logic Design
  Division : CS3
  Teacher  : Dr. Noora V. T.
  Required : 1 theory period(s)
  Conflicts:
    • division CS3 timetable completely full on: Mon, Tue, Wed, Thu, Fri
WARNING:timetable_generator_engine:Cannot place theory period:
  Subject  : Algorithmic Thinking with Python
  Division : CS4
  Teacher  : Ms. Neethu Krishna
  Required : 1 theory period(s)
  Conflicts:
    • division CS4 timetable completely full on: Mon, Tue, Wed, Thu, Fri
WARNING:timetable_generator_engine:Cannot place theory period:
  Subject  : Digital Electronics and Logic Design
  Division : CS3
  Teacher  : Dr. Noora V. T.
  Required : 1 theory period(s)
  Conflicts:
    • division CS3 timetable completely full on: Mon, Tue, Wed, Thu, Fri
WARNING:timetable_generator_engine:Cannot place theory period:
  Subject  : Programming in C
  Division : CS4
  Teacher  : Ms. Vyshna R. K.
  Required : 1 theory period(s)
  Conflicts:
    • division CS4 timetable completely full on: Mon, Tue, Wed, Thu, Fri
WARNING:timetable_generator_engine:Cannot place theory period:
  Subject  : Algorithmic Thinking with Python
  Division : CS4
  Teacher  : Ms. Neethu Krishna
  Required : 1 theory period(s)
  Conflicts:
    • division CS4 timetable completely full on: Mon, Tue, Wed, Thu, Fri
WARNING:timetable_generator_engine:Cannot place theory period:
  Subject  : Digital Electronics and Logic Design
  Division : CS3
  Teacher  : Dr. Noora V. T.
  Required : 1 theory period(s)
  Conflicts:
    • division CS3 timetable completely full on: Mon, Tue, Wed, Thu, Fri
WARNING:timetable_generator_engine:Cannot place theory period:
  Subject  : Algorithmic Thinking with Python
  Division : CS4
  Teacher  : Ms. Neethu Krishna
  Required : 1 theory period(s)
  Conflicts:
    • division CS4 timetable completely full on: Mon, Tue, Wed, Thu, Fri
WARNING:timetable_generator_engine:Cannot place theory period:
  Subject  : Digital Electronics and Logic Design
  Division : CS3
  Teacher  : Dr. Noora V. T.
  Required : 1 theory period(s)
  Conflicts:
    • division CS3 timetable completely full on: Mon, Tue, Wed, Thu, Fri
WARNING:timetable_generator_engine:Cannot place theory period:
  Subject  : Engineering Graphics and Computer Aided Drawing.
  Division : CS2
  Teacher  : Ms. Preema T. S.
  Required : 1 theory period(s)
  Conflicts:
    • division CS2 timetable completely full on: Mon, Tue, Wed, Thu, Fri
WARNING:timetable_generator_engine:Cannot place theory period:
  Subject  : Algorithmic Thinking with Python
  Division : CS4
  Teacher  : Ms. Neethu Krishna
  Required : 1 theory period(s)
  Conflicts:
    • division CS4 timetable completely full on: Mon, Tue, Wed, Thu, Fri
WARNING:timetable_generator_engine:Cannot place theory period:
  Subject  : Object Oriented Programming
  Division : CS1
  Teacher  : Ms. Sanooja Beegam M. A.
  Required : 1 theory period(s)
  Conflicts:
    • division CS1 timetable completely full on: Mon, Tue, Wed, Thu, Fri
WARNING:timetable_generator_engine:Cannot place theory period:
  Subject  : Digital Electronics and Logic Design
  Division : CS3
  Teacher  : Dr. Noora V. T.
  Required : 1 theory period(s)
  Conflicts:
    • division CS3 timetable completely full on: Mon, Tue, Wed, Thu, Fri
WARNING:timetable_generator_engine:Cannot place theory period:
  Subject  : Engineering Graphics and Computer Aided Drawing.
  Division : CS2
  Teacher  : Ms. Preema T. S.
  Required : 1 theory period(s)
  Conflicts:
    • division CS2 timetable completely full on: Mon, Tue, Wed, Thu, Fri
WARNING:timetable_generator_engine:Cannot place theory period:
  Subject  : Programming in C
  Division : CS1
  Teacher  : Ms. Meera V. M.
  Required : 1 theory period(s)
  Conflicts:
    • division CS1 timetable completely full on: Mon, Tue, Wed, Thu, Fri
WARNING:timetable_generator_engine:Cannot place theory period:
  Subject  : Engineering Graphics and Computer Aided Drawing.
  Division : CS2
  Teacher  : Ms. Preema T. S.
  Required : 1 theory period(s)
  Conflicts:
    • division CS2 timetable completely full on: Mon, Tue, Wed, Thu, Fri
WARNING:timetable_generator_engine:Cannot place theory period:
  Subject  : Programming in C
  Division : CS1
  Teacher  : Ms. Meera V. M.
  Required : 1 theory period(s)
  Conflicts:
    • division CS1 timetable completely full on: Mon, Tue, Wed, Thu, Fri
WARNING:timetable_generator_engine:Cannot place theory period:
  Subject  : Engineering Graphics and Computer Aided Drawing.
  Division : CS2
  Teacher  : Ms. Preema T. S.
  Required : 1 theory period(s)
  Conflicts:
    • division CS2 timetable completely full on: Mon, Tue, Wed, Thu, Fri
WARNING:timetable_generator_engine:Cannot place theory period:
  Subject  : Programming in C
  Division : CS1
  Teacher  : Ms. Meera V. M.
  Required : 1 theory period(s)
  Conflicts:
    • division CS1 timetable completely full on: Mon, Tue, Wed, Thu, Fri
WARNING:timetable_generator_engine:Cannot place theory period:
  Subject  : Engineering Graphics and Computer Aided Drawing.
  Division : CS2
  Teacher  : Ms. Preema T. S.
  Required : 1 theory period(s)
  Conflicts:
    • division CS2 timetable completely full on: Mon, Tue, Wed, Thu, Fri
WARNING:timetable_generator_engine:Cannot place theory period:
  Subject  : Programming in C
  Division : CS1
  Teacher  : Ms. Meera V. M.
  Required : 1 theory period(s)
  Conflicts:
    • division CS1 timetable completely full on: Mon, Tue, Wed, Thu, Fri
INFO:timetable_generator_engine:  [relaxed pass] Programming in C / CS4: placing 1 missing period(s)
WARNING:timetable_generator_engine:  [relaxed pass] Cannot place Programming in C / CS4 even with relaxed cap
INFO:timetable_generator_engine:  [relaxed pass] Programming in C / CS1: placing 4 missing period(s)
WARNING:timetable_generator_engine:  [relaxed pass] Cannot place Programming in C / CS1 even with relaxed cap
INFO:timetable_generator_engine:  [relaxed pass] Digital Electronics and Logic Design / CS3: placing 5 missing period(s)
WARNING:timetable_generator_engine:  [relaxed pass] Cannot place Digital Electronics and Logic Design / CS3 even with relaxed cap
INFO:timetable_generator_engine:  [relaxed pass] Engineering Graphics and Computer Aided Drawing. / CS2: placing 5 missing period(s)
WARNING:timetable_generator_engine:  [relaxed pass] Cannot place Engineering Graphics and Computer Aided Drawing. / CS2 even with relaxed cap
INFO:timetable_generator_engine:  [relaxed pass] Object Oriented Programming / CS1: placing 1 missing period(s)
WARNING:timetable_generator_engine:  [relaxed pass] Cannot place Object Oriented Programming / CS1 even with relaxed cap
INFO:timetable_generator_engine:  [relaxed pass] Algorithmic Thinking with Python / CS4: placing 4 missing period(s)
WARNING:timetable_generator_engine:  [relaxed pass] Cannot place Algorithmic Thinking with Python / CS4 even with relaxed cap
INFO:timetable_generator_engine:  Attempt 26 (seed=898347) score: 84/100
INFO:timetable_generator_engine:Greedy attempt 27/80 …
WARNING:timetable_generator_engine:Cannot place theory period:
  Subject  : Engineering Graphics and Computer Aided Drawing.
  Division : CS4
  Teacher  : Dr. Geethu R.
  Required : 1 theory period(s)
  Conflicts:
    • division CS4 timetable completely full on: Mon, Tue, Wed, Thu, Fri
WARNING:timetable_generator_engine:Cannot place theory period:
  Subject  : Engineering Graphics and Computer Aided Drawing.
  Division : CS4
  Teacher  : Dr. Geethu R.
  Required : 1 theory period(s)
  Conflicts:
    • division CS4 timetable completely full on: Mon, Tue, Wed, Thu, Fri
WARNING:timetable_generator_engine:Cannot place theory period:
  Subject  : Engineering Graphics and Computer Aided Drawing.
  Division : CS4
  Teacher  : Dr. Geethu R.
  Required : 1 theory period(s)
  Conflicts:
    • division CS4 timetable completely full on: Mon, Tue, Wed, Thu, Fri
WARNING:timetable_generator_engine:Cannot place theory period:
  Subject  : Engineering Graphics and Computer Aided Drawing.
  Division : CS4
  Teacher  : Dr. Geethu R.
  Required : 1 theory period(s)
  Conflicts:
    • division CS4 timetable completely full on: Mon, Tue, Wed, Thu, Fri
WARNING:timetable_generator_engine:Cannot place theory period:
  Subject  : Engineering Graphics and Computer Aided Drawing.
  Division : CS4
  Teacher  : Dr. Geethu R.
  Required : 1 theory period(s)
  Conflicts:
    • division CS4 timetable completely full on: Mon, Tue, Wed, Thu, Fri
WARNING:timetable_generator_engine:Cannot place theory period:
  Subject  : Object Oriented Programming
  Division : CS2
  Teacher  : Ms. Julie Siby
  Required : 1 theory period(s)
  Conflicts:
    • division CS2 timetable completely full on: Mon, Tue, Wed, Thu, Fri
WARNING:timetable_generator_engine:Cannot place theory period:
  Subject  : Algorithmic Thinking with Python
  Division : CS2
  Teacher  : Ms. Bini Omman
  Required : 1 theory period(s)
  Conflicts:
    • division CS2 timetable completely full on: Mon, Tue, Wed, Thu, Fri
WARNING:timetable_generator_engine:Cannot place theory period:
  Subject  : Object Oriented Programming
  Division : CS2
  Teacher  : Ms. Julie Siby
  Required : 1 theory period(s)
  Conflicts:
    • division CS2 timetable completely full on: Mon, Tue, Wed, Thu, Fri
WARNING:timetable_generator_engine:Cannot place theory period:
  Subject  : Algorithmic Thinking with Python
  Division : CS2
  Teacher  : Ms. Bini Omman
  Required : 1 theory period(s)
  Conflicts:
    • division CS2 timetable completely full on: Mon, Tue, Wed, Thu, Fri
WARNING:timetable_generator_engine:Cannot place theory period:
  Subject  : Object Oriented Programming
  Division : CS2
  Teacher  : Ms. Julie Siby
  Required : 1 theory period(s)
  Conflicts:
    • division CS2 timetable completely full on: Mon, Tue, Wed, Thu, Fri
WARNING:timetable_generator_engine:Cannot place theory period:
  Subject  : Object Oriented Programming
  Division : CS1
  Teacher  : Ms. Sanooja Beegam M. A.
  Required : 1 theory period(s)
  Conflicts:
    • division CS1 timetable completely full on: Mon, Tue, Wed, Thu, Fri
WARNING:timetable_generator_engine:Cannot place theory period:
  Subject  : Digital Electronics and Logic Design
  Division : CS3
  Teacher  : Dr. Noora V. T.
  Required : 1 theory period(s)
  Conflicts:
    • division CS3 timetable completely full on: Mon, Tue, Wed, Thu, Fri
WARNING:timetable_generator_engine:Cannot place theory period:
  Subject  : Engineering Graphics and Computer Aided Drawing.
  Division : CS1
  Teacher  : Ms. Jane Theresa
  Required : 1 theory period(s)
  Conflicts:
    • division CS1 timetable completely full on: Mon, Tue, Wed, Thu, Fri
WARNING:timetable_generator_engine:Cannot place theory period:
  Subject  : Programming in C
  Division : CS3
  Teacher  : Ms. Demy Devassy
  Required : 1 theory period(s)
  Conflicts:
    • division CS3 timetable completely full on: Mon, Tue, Wed, Thu, Fri
WARNING:timetable_generator_engine:Cannot place theory period:
  Subject  : Engineering Graphics and Computer Aided Drawing.
  Division : CS1
  Teacher  : Ms. Jane Theresa
  Required : 1 theory period(s)
  Conflicts:
    • division CS1 timetable completely full on: Mon, Tue, Wed, Thu, Fri
WARNING:timetable_generator_engine:Cannot place theory period:
  Subject  : Programming in C
  Division : CS3
  Teacher  : Ms. Demy Devassy
  Required : 1 theory period(s)
  Conflicts:
    • division CS3 timetable completely full on: Mon, Tue, Wed, Thu, Fri
WARNING:timetable_generator_engine:Cannot place theory period:
  Subject  : Engineering Graphics and Computer Aided Drawing.
  Division : CS1
  Teacher  : Ms. Jane Theresa
  Required : 1 theory period(s)
  Conflicts:
    • division CS1 timetable completely full on: Mon, Tue, Wed, Thu, Fri
WARNING:timetable_generator_engine:Cannot place theory period:
  Subject  : Programming in C
  Division : CS3
  Teacher  : Ms. Demy Devassy
  Required : 1 theory period(s)
  Conflicts:
    • division CS3 timetable completely full on: Mon, Tue, Wed, Thu, Fri
WARNING:timetable_generator_engine:Cannot place theory period:
  Subject  : Engineering Graphics and Computer Aided Drawing.
  Division : CS1
  Teacher  : Ms. Jane Theresa
  Required : 1 theory period(s)
  Conflicts:
    • division CS1 timetable completely full on: Mon, Tue, Wed, Thu, Fri
WARNING:timetable_generator_engine:Cannot place theory period:
  Subject  : Programming in C
  Division : CS3
  Teacher  : Ms. Demy Devassy
  Required : 1 theory period(s)
  Conflicts:
    • division CS3 timetable completely full on: Mon, Tue, Wed, Thu, Fri
INFO:timetable_generator_engine:  [relaxed pass] Engineering Graphics and Computer Aided Drawing. / CS4: placing 5 missing period(s)
WARNING:timetable_generator_engine:  [relaxed pass] Cannot place Engineering Graphics and Computer Aided Drawing. / CS4 even with relaxed cap
INFO:timetable_generator_engine:  [relaxed pass] Algorithmic Thinking with Python / CS2: placing 2 missing period(s)
WARNING:timetable_generator_engine:  [relaxed pass] Cannot place Algorithmic Thinking with Python / CS2 even with relaxed cap
INFO:timetable_generator_engine:  [relaxed pass] Engineering Graphics and Computer Aided Drawing. / CS1: placing 4 missing period(s)
WARNING:timetable_generator_engine:  [relaxed pass] Cannot place Engineering Graphics and Computer Aided Drawing. / CS1 even with relaxed cap
INFO:timetable_generator_engine:  [relaxed pass] Digital Electronics and Logic Design / CS3: placing 1 missing period(s)
WARNING:timetable_generator_engine:  [relaxed pass] Cannot place Digital Electronics and Logic Design / CS3 even with relaxed cap
INFO:timetable_generator_engine:  [relaxed pass] Object Oriented Programming / CS2: placing 3 missing period(s)
WARNING:timetable_generator_engine:  [relaxed pass] Cannot place Object Oriented Programming / CS2 even with relaxed cap
INFO:timetable_generator_engine:  [relaxed pass] Programming in C / CS3: placing 4 missing period(s)
WARNING:timetable_generator_engine:  [relaxed pass] Cannot place Programming in C / CS3 even with relaxed cap
INFO:timetable_generator_engine:  [relaxed pass] Object Oriented Programming / CS1: placing 1 missing period(s)
WARNING:timetable_generator_engine:  [relaxed pass] Cannot place Object Oriented Programming / CS1 even with relaxed cap
INFO:timetable_generator_engine:  Attempt 27 (seed=636543) score: 92/100
INFO:timetable_generator_engine:Greedy attempt 28/80 …
WARNING:timetable_generator_engine:Cannot place theory period:
  Subject  : Foundations of Computing: From Hardware Essentials to Web Design
  Division : CS2
  Teacher  : Ms. Surya S. G.
  Required : 1 theory period(s)
  Conflicts:
    • division CS2 timetable completely full on: Mon, Tue, Wed, Thu, Fri
WARNING:timetable_generator_engine:Cannot place theory period:
  Subject  : Engineering Graphics and Computer Aided Drawing.
  Division : CS2
  Teacher  : Ms. Preema T. S.
  Required : 1 theory period(s)
  Conflicts:
    • division CS2 timetable completely full on: Mon, Tue, Wed, Thu, Fri
WARNING:timetable_generator_engine:Cannot place theory period:
  Subject  : Foundations of Computing: From Hardware Essentials to Web Design
  Division : CS2
  Teacher  : Ms. Surya S. G.
  Required : 1 theory period(s)
  Conflicts:
    • division CS2 timetable completely full on: Mon, Tue, Wed, Thu, Fri
WARNING:timetable_generator_engine:Cannot place theory period:
  Subject  : Engineering Graphics and Computer Aided Drawing.
  Division : CS2
  Teacher  : Ms. Preema T. S.
  Required : 1 theory period(s)
  Conflicts:
    • division CS2 timetable completely full on: Mon, Tue, Wed, Thu, Fri
WARNING:timetable_generator_engine:Cannot place theory period:
  Subject  : Algorithmic Thinking with Python
  Division : CS4
  Teacher  : Ms. Neethu Krishna
  Required : 1 theory period(s)
  Conflicts:
    • division CS4 timetable completely full on: Mon, Tue, Wed, Thu, Fri
WARNING:timetable_generator_engine:Cannot place theory period:
  Subject  : Programming in C
  Division : CS4
  Teacher  : Ms. Vyshna R. K.
  Required : 1 theory period(s)
  Conflicts:
    • division CS4 timetable completely full on: Mon, Tue, Wed, Thu, Fri
WARNING:timetable_generator_engine:Cannot place theory period:
  Subject  : Engineering Graphics and Computer Aided Drawing.
  Division : CS2
  Teacher  : Ms. Preema T. S.
  Required : 1 theory period(s)
  Conflicts:
    • division CS2 timetable completely full on: Mon, Tue, Wed, Thu, Fri
WARNING:timetable_generator_engine:Cannot place theory period:
  Subject  : Algorithmic Thinking with Python
  Division : CS4
  Teacher  : Ms. Neethu Krishna
  Required : 1 theory period(s)
  Conflicts:
    • division CS4 timetable completely full on: Mon, Tue, Wed, Thu, Fri
WARNING:timetable_generator_engine:Cannot place theory period:
  Subject  : Algorithmic Thinking with Python
  Division : CS4
  Teacher  : Ms. Neethu Krishna
  Required : 1 theory period(s)
  Conflicts:
    • division CS4 timetable completely full on: Mon, Tue, Wed, Thu, Fri
WARNING:timetable_generator_engine:Cannot place theory period:
  Subject  : Engineering Graphics and Computer Aided Drawing.
  Division : CS1
  Teacher  : Ms. Jane Theresa
  Required : 1 theory period(s)
  Conflicts:
    • division CS1 timetable completely full on: Mon, Tue, Wed, Thu, Fri
WARNING:timetable_generator_engine:Cannot place theory period:
  Subject  : Object Oriented Programming
  Division : CS3
  Teacher  : Ms. Anu S
  Required : 1 theory period(s)
  Conflicts:
    • division CS3 timetable completely full on: Mon, Tue, Wed, Thu, Fri
WARNING:timetable_generator_engine:Cannot place theory period:
  Subject  : Algorithmic Thinking with Python
  Division : CS4
  Teacher  : Ms. Neethu Krishna
  Required : 1 theory period(s)
  Conflicts:
    • division CS4 timetable completely full on: Mon, Tue, Wed, Thu, Fri
WARNING:timetable_generator_engine:Cannot place theory period:
  Subject  : Programming in C
  Division : CS3
  Teacher  : Ms. Demy Devassy
  Required : 1 theory period(s)
  Conflicts:
    • division CS3 timetable completely full on: Mon, Tue, Wed, Thu, Fri
WARNING:timetable_generator_engine:Cannot place theory period:
  Subject  : Engineering Graphics and Computer Aided Drawing.
  Division : CS1
  Teacher  : Ms. Jane Theresa
  Required : 1 theory period(s)
  Conflicts:
    • division CS1 timetable completely full on: Mon, Tue, Wed, Thu, Fri
WARNING:timetable_generator_engine:Cannot place theory period:
  Subject  : Programming in C
  Division : CS3
  Teacher  : Ms. Demy Devassy
  Required : 1 theory period(s)
  Conflicts:
    • division CS3 timetable completely full on: Mon, Tue, Wed, Thu, Fri
WARNING:timetable_generator_engine:Cannot place theory period:
  Subject  : Engineering Graphics and Computer Aided Drawing.
  Division : CS1
  Teacher  : Ms. Jane Theresa
  Required : 1 theory period(s)
  Conflicts:
    • division CS1 timetable completely full on: Mon, Tue, Wed, Thu, Fri
WARNING:timetable_generator_engine:Cannot place theory period:
  Subject  : Programming in C
  Division : CS3
  Teacher  : Ms. Demy Devassy
  Required : 1 theory period(s)
  Conflicts:
    • division CS3 timetable completely full on: Mon, Tue, Wed, Thu, Fri
WARNING:timetable_generator_engine:Cannot place theory period:
  Subject  : Engineering Graphics and Computer Aided Drawing.
  Division : CS1
  Teacher  : Ms. Jane Theresa
  Required : 1 theory period(s)
  Conflicts:
    • division CS1 timetable completely full on: Mon, Tue, Wed, Thu, Fri
WARNING:timetable_generator_engine:Cannot place theory period:
  Subject  : Programming in C
  Division : CS3
  Teacher  : Ms. Demy Devassy
  Required : 1 theory period(s)
  Conflicts:
    • division CS3 timetable completely full on: Mon, Tue, Wed, Thu, Fri
WARNING:timetable_generator_engine:Cannot place theory period:
  Subject  : Engineering Graphics and Computer Aided Drawing.
  Division : CS1
  Teacher  : Ms. Jane Theresa
  Required : 1 theory period(s)
  Conflicts:
    • division CS1 timetable completely full on: Mon, Tue, Wed, Thu, Fri
INFO:timetable_generator_engine:  [relaxed pass] Programming in C / CS4: placing 1 missing period(s)
WARNING:timetable_generator_engine:  [relaxed pass] Cannot place Programming in C / CS4 even with relaxed cap
INFO:timetable_generator_engine:  [relaxed pass] Programming in C / CS3: placing 4 missing period(s)
WARNING:timetable_generator_engine:  [relaxed pass] Cannot place Programming in C / CS3 even with relaxed cap
INFO:timetable_generator_engine:  [relaxed pass] Object Oriented Programming / CS3: placing 1 missing period(s)
WARNING:timetable_generator_engine:  [relaxed pass] Cannot place Object Oriented Programming / CS3 even with relaxed cap
INFO:timetable_generator_engine:  [relaxed pass] Engineering Graphics and Computer Aided Drawing. / CS2: placing 3 missing period(s)
WARNING:timetable_generator_engine:  [relaxed pass] Cannot place Engineering Graphics and Computer Aided Drawing. / CS2 even with relaxed cap
INFO:timetable_generator_engine:  [relaxed pass] Foundations of Computing: From Hardware Essentials to Web Design / CS2: placing 2 missing period(s)
WARNING:timetable_generator_engine:  [relaxed pass] Cannot place Foundations of Computing: From Hardware Essentials to Web Design / CS2 even with relaxed cap
INFO:timetable_generator_engine:  [relaxed pass] Algorithmic Thinking with Python / CS4: placing 4 missing period(s)
WARNING:timetable_generator_engine:  [relaxed pass] Cannot place Algorithmic Thinking with Python / CS4 even with relaxed cap
INFO:timetable_generator_engine:  [relaxed pass] Engineering Graphics and Computer Aided Drawing. / CS1: placing 5 missing period(s)
WARNING:timetable_generator_engine:  [relaxed pass] Cannot place Engineering Graphics and Computer Aided Drawing. / CS1 even with relaxed cap
INFO:timetable_generator_engine:  Attempt 28 (seed=361411) score: 87/100
INFO:timetable_generator_engine:Greedy attempt 29/80 …
WARNING:timetable_generator_engine:Cannot place theory period:
  Subject  : Object Oriented Programming
  Division : CS4
  Teacher  : Ms. Neethu Roy
  Required : 1 theory period(s)
  Conflicts:
    • division CS4 timetable completely full on: Mon, Tue, Wed, Thu, Fri
WARNING:timetable_generator_engine:Cannot place theory period:
  Subject  : Digital Electronics and Logic Design
  Division : CS4
  Teacher  : Ms. Sareena K. K.
  Required : 1 theory period(s)
  Conflicts:
    • division CS4 timetable completely full on: Mon, Tue, Wed, Thu, Fri
WARNING:timetable_generator_engine:Cannot place theory period:
  Subject  : Object Oriented Programming
  Division : CS4
  Teacher  : Ms. Neethu Roy
  Required : 1 theory period(s)
  Conflicts:
    • division CS4 timetable completely full on: Mon, Tue, Wed, Thu, Fri
WARNING:timetable_generator_engine:Cannot place theory period:
  Subject  : Digital Electronics and Logic Design
  Division : CS4
  Teacher  : Ms. Sareena K. K.
  Required : 1 theory period(s)
  Conflicts:
    • division CS4 timetable completely full on: Mon, Tue, Wed, Thu, Fri
WARNING:timetable_generator_engine:Cannot place theory period:
  Subject  : Object Oriented Programming
  Division : CS4
  Teacher  : Ms. Neethu Roy
  Required : 1 theory period(s)
  Conflicts:
    • division CS4 timetable completely full on: Mon, Tue, Wed, Thu, Fri
WARNING:timetable_generator_engine:Cannot place theory period:
  Subject  : Object Oriented Programming
  Division : CS1
  Teacher  : Ms. Sanooja Beegam M. A.
  Required : 1 theory period(s)
  Conflicts:
    • division CS1 timetable completely full on: Mon, Tue, Wed, Thu, Fri
WARNING:timetable_generator_engine:Cannot place theory period:
  Subject  : Digital Electronics and Logic Design
  Division : CS1
  Teacher  : Mr. Anoop Jose
  Required : 1 theory period(s)
  Conflicts:
    • division CS1 timetable completely full on: Mon, Tue, Wed, Thu, Fri
WARNING:timetable_generator_engine:Cannot place theory period:
  Subject  : Object Oriented Programming
  Division : CS1
  Teacher  : Ms. Sanooja Beegam M. A.
  Required : 1 theory period(s)
  Conflicts:
    • division CS1 timetable completely full on: Mon, Tue, Wed, Thu, Fri
WARNING:timetable_generator_engine:Cannot place theory period:
  Subject  : Engineering Graphics and Computer Aided Drawing.
  Division : CS2
  Teacher  : Ms. Preema T. S.
  Required : 1 theory period(s)
  Conflicts:
    • division CS2 timetable completely full on: Mon, Tue, Wed, Thu, Fri
WARNING:timetable_generator_engine:Cannot place theory period:
  Subject  : Algorithmic Thinking with Python
  Division : CS3
  Teacher  : Dr. Varun G. Menon
  Required : 1 theory period(s)
  Conflicts:
    • division CS3 timetable completely full on: Mon, Tue, Wed, Thu, Fri
WARNING:timetable_generator_engine:Cannot place theory period:
  Subject  : Digital Electronics and Logic Design
  Division : CS1
  Teacher  : Mr. Anoop Jose
  Required : 1 theory period(s)
  Conflicts:
    • division CS1 timetable completely full on: Mon, Tue, Wed, Thu, Fri
WARNING:timetable_generator_engine:Cannot place theory period:
  Subject  : Object Oriented Programming
  Division : CS1
  Teacher  : Ms. Sanooja Beegam M. A.
  Required : 1 theory period(s)
  Conflicts:
    • division CS1 timetable completely full on: Mon, Tue, Wed, Thu, Fri
WARNING:timetable_generator_engine:Cannot place theory period:
  Subject  : Engineering Graphics and Computer Aided Drawing.
  Division : CS2
  Teacher  : Ms. Preema T. S.
  Required : 1 theory period(s)
  Conflicts:
    • division CS2 timetable completely full on: Mon, Tue, Wed, Thu, Fri
WARNING:timetable_generator_engine:Cannot place theory period:
  Subject  : Programming in C
  Division : CS3
  Teacher  : Ms. Demy Devassy
  Required : 1 theory period(s)
  Conflicts:
    • division CS3 timetable completely full on: Mon, Tue, Wed, Thu, Fri
WARNING:timetable_generator_engine:Cannot place theory period:
  Subject  : Engineering Graphics and Computer Aided Drawing.
  Division : CS2
  Teacher  : Ms. Preema T. S.
  Required : 1 theory period(s)
  Conflicts:
    • division CS2 timetable completely full on: Mon, Tue, Wed, Thu, Fri
WARNING:timetable_generator_engine:Cannot place theory period:
  Subject  : Programming in C
  Division : CS3
  Teacher  : Ms. Demy Devassy
  Required : 1 theory period(s)
  Conflicts:
    • division CS3 timetable completely full on: Mon, Tue, Wed, Thu, Fri
WARNING:timetable_generator_engine:Cannot place theory period:
  Subject  : Engineering Graphics and Computer Aided Drawing.
  Division : CS2
  Teacher  : Ms. Preema T. S.
  Required : 1 theory period(s)
  Conflicts:
    • division CS2 timetable completely full on: Mon, Tue, Wed, Thu, Fri
WARNING:timetable_generator_engine:Cannot place theory period:
  Subject  : Programming in C
  Division : CS3
  Teacher  : Ms. Demy Devassy
  Required : 1 theory period(s)
  Conflicts:
    • division CS3 timetable completely full on: Mon, Tue, Wed, Thu, Fri
WARNING:timetable_generator_engine:Cannot place theory period:
  Subject  : Engineering Graphics and Computer Aided Drawing.
  Division : CS2
  Teacher  : Ms. Preema T. S.
  Required : 1 theory period(s)
  Conflicts:
    • division CS2 timetable completely full on: Mon, Tue, Wed, Thu, Fri
WARNING:timetable_generator_engine:Cannot place theory period:
  Subject  : Programming in C
  Division : CS3
  Teacher  : Ms. Demy Devassy
  Required : 1 theory period(s)
  Conflicts:
    • division CS3 timetable completely full on: Mon, Tue, Wed, Thu, Fri
INFO:timetable_generator_engine:  [relaxed pass] Object Oriented Programming / CS4: placing 3 missing period(s)
WARNING:timetable_generator_engine:  [relaxed pass] Cannot place Object Oriented Programming / CS4 even with relaxed cap
INFO:timetable_generator_engine:  [relaxed pass] Digital Electronics and Logic Design / CS4: placing 2 missing period(s)
WARNING:timetable_generator_engine:  [relaxed pass] Cannot place Digital Electronics and Logic Design / CS4 even with relaxed cap
INFO:timetable_generator_engine:  [relaxed pass] Algorithmic Thinking with Python / CS3: placing 1 missing period(s)
WARNING:timetable_generator_engine:  [relaxed pass] Cannot place Algorithmic Thinking with Python / CS3 even with relaxed cap
INFO:timetable_generator_engine:  [relaxed pass] Object Oriented Programming / CS1: placing 3 missing period(s)
WARNING:timetable_generator_engine:  [relaxed pass] Cannot place Object Oriented Programming / CS1 even with relaxed cap
INFO:timetable_generator_engine:  [relaxed pass] Programming in C / CS3: placing 4 missing period(s)
WARNING:timetable_generator_engine:  [relaxed pass] Cannot place Programming in C / CS3 even with relaxed cap
INFO:timetable_generator_engine:  [relaxed pass] Engineering Graphics and Computer Aided Drawing. / CS2: placing 5 missing period(s)
WARNING:timetable_generator_engine:  [relaxed pass] Cannot place Engineering Graphics and Computer Aided Drawing. / CS2 even with relaxed cap
INFO:timetable_generator_engine:  [relaxed pass] Digital Electronics and Logic Design / CS1: placing 2 missing period(s)
WARNING:timetable_generator_engine:  [relaxed pass] Cannot place Digital Electronics and Logic Design / CS1 even with relaxed cap
INFO:timetable_generator_engine:  Attempt 29 (seed=637620) score: 88/100
INFO:timetable_generator_engine:Greedy attempt 30/80 …
WARNING:timetable_generator_engine:Cannot place theory period:
  Subject  : Programming in C
  Division : CS2
  Teacher  : Ms. Sruthy K. Joseph
  Required : 1 theory period(s)
  Conflicts:
    • division CS2 timetable completely full on: Mon, Tue, Wed, Thu, Fri
WARNING:timetable_generator_engine:Cannot place theory period:
  Subject  : Programming in C
  Division : CS2
  Teacher  : Ms. Sruthy K. Joseph
  Required : 1 theory period(s)
  Conflicts:
    • division CS2 timetable completely full on: Mon, Tue, Wed, Thu, Fri
WARNING:timetable_generator_engine:Cannot place theory period:
  Subject  : Programming in C
  Division : CS2
  Teacher  : Ms. Sruthy K. Joseph
  Required : 1 theory period(s)
  Conflicts:
    • division CS2 timetable completely full on: Mon, Tue, Wed, Thu, Fri
WARNING:timetable_generator_engine:Cannot place theory period:
  Subject  : Programming in C
  Division : CS2
  Teacher  : Ms. Sruthy K. Joseph
  Required : 1 theory period(s)
  Conflicts:
    • division CS2 timetable completely full on: Mon, Tue, Wed, Thu, Fri
WARNING:timetable_generator_engine:Cannot place theory period:
  Subject  : Programming in C
  Division : CS2
  Teacher  : Ms. Sruthy K. Joseph
  Required : 1 theory period(s)
  Conflicts:
    • division CS2 timetable completely full on: Mon, Tue, Wed, Thu, Fri
WARNING:timetable_generator_engine:Cannot place theory period:
  Subject  : Digital Electronics and Logic Design
  Division : CS3
  Teacher  : Dr. Noora V. T.
  Required : 1 theory period(s)
  Conflicts:
    • division CS3 timetable completely full on: Mon, Tue, Wed, Thu, Fri
WARNING:timetable_generator_engine:Cannot place theory period:
  Subject  : Algorithmic Thinking with Python
  Division : CS3
  Teacher  : Dr. Varun G. Menon
  Required : 1 theory period(s)
  Conflicts:
    • division CS3 timetable completely full on: Mon, Tue, Wed, Thu, Fri
WARNING:timetable_generator_engine:Cannot place theory period:
  Subject  : Digital Electronics and Logic Design
  Division : CS3
  Teacher  : Dr. Noora V. T.
  Required : 1 theory period(s)
  Conflicts:
    • division CS3 timetable completely full on: Mon, Tue, Wed, Thu, Fri
WARNING:timetable_generator_engine:Cannot place theory period:
  Subject  : Engineering Graphics and Computer Aided Drawing.
  Division : CS4
  Teacher  : Dr. Geethu R.
  Required : 1 theory period(s)
  Conflicts:
    • division CS4 timetable completely full on: Mon, Tue, Wed, Thu, Fri
WARNING:timetable_generator_engine:Cannot place theory period:
  Subject  : Algorithmic Thinking with Python
  Division : CS3
  Teacher  : Dr. Varun G. Menon
  Required : 1 theory period(s)
  Conflicts:
    • division CS3 timetable completely full on: Mon, Tue, Wed, Thu, Fri
WARNING:timetable_generator_engine:Cannot place theory period:
  Subject  : Object Oriented Programming
  Division : CS1
  Teacher  : Ms. Sanooja Beegam M. A.
  Required : 1 theory period(s)
  Conflicts:
    • division CS1 timetable completely full on: Mon, Tue, Wed, Thu, Fri
WARNING:timetable_generator_engine:Cannot place theory period:
  Subject  : Digital Electronics and Logic Design
  Division : CS3
  Teacher  : Dr. Noora V. T.
  Required : 1 theory period(s)
  Conflicts:
    • division CS3 timetable completely full on: Mon, Tue, Wed, Thu, Fri
WARNING:timetable_generator_engine:Cannot place theory period:
  Subject  : Engineering Graphics and Computer Aided Drawing.
  Division : CS4
  Teacher  : Dr. Geethu R.
  Required : 1 theory period(s)
  Conflicts:
    • division CS4 timetable completely full on: Mon, Tue, Wed, Thu, Fri
WARNING:timetable_generator_engine:Cannot place theory period:
  Subject  : Programming in C
  Division : CS1
  Teacher  : Ms. Meera V. M.
  Required : 1 theory period(s)
  Conflicts:
    • division CS1 timetable completely full on: Mon, Tue, Wed, Thu, Fri
WARNING:timetable_generator_engine:Cannot place theory period:
  Subject  : Engineering Graphics and Computer Aided Drawing.
  Division : CS4
  Teacher  : Dr. Geethu R.
  Required : 1 theory period(s)
  Conflicts:
    • division CS4 timetable completely full on: Mon, Tue, Wed, Thu, Fri
WARNING:timetable_generator_engine:Cannot place theory period:
  Subject  : Programming in C
  Division : CS1
  Teacher  : Ms. Meera V. M.
  Required : 1 theory period(s)
  Conflicts:
    • division CS1 timetable completely full on: Mon, Tue, Wed, Thu, Fri
WARNING:timetable_generator_engine:Cannot place theory period:
  Subject  : Engineering Graphics and Computer Aided Drawing.
  Division : CS4
  Teacher  : Dr. Geethu R.
  Required : 1 theory period(s)
  Conflicts:
    • division CS4 timetable completely full on: Mon, Tue, Wed, Thu, Fri
WARNING:timetable_generator_engine:Cannot place theory period:
  Subject  : Programming in C
  Division : CS1
  Teacher  : Ms. Meera V. M.
  Required : 1 theory period(s)
  Conflicts:
    • division CS1 timetable completely full on: Mon, Tue, Wed, Thu, Fri
WARNING:timetable_generator_engine:Cannot place theory period:
  Subject  : Engineering Graphics and Computer Aided Drawing.
  Division : CS4
  Teacher  : Dr. Geethu R.
  Required : 1 theory period(s)
  Conflicts:
    • division CS4 timetable completely full on: Mon, Tue, Wed, Thu, Fri
WARNING:timetable_generator_engine:Cannot place theory period:
  Subject  : Programming in C
  Division : CS1
  Teacher  : Ms. Meera V. M.
  Required : 1 theory period(s)
  Conflicts:
    • division CS1 timetable completely full on: Mon, Tue, Wed, Thu, Fri
INFO:timetable_generator_engine:  [relaxed pass] Programming in C / CS2: placing 5 missing period(s)
WARNING:timetable_generator_engine:  [relaxed pass] Cannot place Programming in C / CS2 even with relaxed cap
INFO:timetable_generator_engine:  [relaxed pass] Engineering Graphics and Computer Aided Drawing. / CS4: placing 5 missing period(s)
WARNING:timetable_generator_engine:  [relaxed pass] Cannot place Engineering Graphics and Computer Aided Drawing. / CS4 even with relaxed cap
INFO:timetable_generator_engine:  [relaxed pass] Object Oriented Programming / CS1: placing 1 missing period(s)
WARNING:timetable_generator_engine:  [relaxed pass] Cannot place Object Oriented Programming / CS1 even with relaxed cap
INFO:timetable_generator_engine:  [relaxed pass] Algorithmic Thinking with Python / CS3: placing 2 missing period(s)
WARNING:timetable_generator_engine:  [relaxed pass] Cannot place Algorithmic Thinking with Python / CS3 even with relaxed cap
INFO:timetable_generator_engine:  [relaxed pass] Digital Electronics and Logic Design / CS3: placing 3 missing period(s)
WARNING:timetable_generator_engine:  [relaxed pass] Cannot place Digital Electronics and Logic Design / CS3 even with relaxed cap
INFO:timetable_generator_engine:  [relaxed pass] Programming in C / CS1: placing 4 missing period(s)
WARNING:timetable_generator_engine:  [relaxed pass] Cannot place Programming in C / CS1 even with relaxed cap
INFO:timetable_generator_engine:  Attempt 30 (seed=138203) score: 86/100
INFO:timetable_generator_engine:Greedy attempt 31/80 …
WARNING:timetable_generator_engine:Cannot place theory period:
  Subject  : Object Oriented Programming
  Division : CS2
  Teacher  : Ms. Julie Siby
  Required : 1 theory period(s)
  Conflicts:
    • division CS2 timetable completely full on: Mon, Tue, Wed, Thu, Fri
WARNING:timetable_generator_engine:Cannot place theory period:
  Subject  : Digital Electronics and Logic Design
  Division : CS2
  Teacher  : Ms. Smera Thomas
  Required : 1 theory period(s)
  Conflicts:
    • division CS2 timetable completely full on: Mon, Tue, Wed, Thu, Fri
WARNING:timetable_generator_engine:Cannot place theory period:
  Subject  : Object Oriented Programming
  Division : CS2
  Teacher  : Ms. Julie Siby
  Required : 1 theory period(s)
  Conflicts:
    • division CS2 timetable completely full on: Mon, Tue, Wed, Thu, Fri
WARNING:timetable_generator_engine:Cannot place theory period:
  Subject  : Digital Electronics and Logic Design
  Division : CS2
  Teacher  : Ms. Smera Thomas
  Required : 1 theory period(s)
  Conflicts:
    • division CS2 timetable completely full on: Mon, Tue, Wed, Thu, Fri
WARNING:timetable_generator_engine:Cannot place theory period:
  Subject  : Object Oriented Programming
  Division : CS2
  Teacher  : Ms. Julie Siby
  Required : 1 theory period(s)
  Conflicts:
    • division CS2 timetable completely full on: Mon, Tue, Wed, Thu, Fri
WARNING:timetable_generator_engine:Cannot place theory period:
  Subject  : Foundations of Computing: From Hardware Essentials to Web Design
  Division : CS3
  Teacher  : Ms. Greshma P Sebastian
  Required : 1 theory period(s)
  Conflicts:
    • division CS3 timetable completely full on: Mon, Tue, Wed, Thu, Fri
WARNING:timetable_generator_engine:Cannot place theory period:
  Subject  : Programming in C
  Division : CS3
  Teacher  : Ms. Demy Devassy
  Required : 1 theory period(s)
  Conflicts:
    • division CS3 timetable completely full on: Mon, Tue, Wed, Thu, Fri
WARNING:timetable_generator_engine:Cannot place theory period:
  Subject  : Foundations of Computing: From Hardware Essentials to Web Design
  Division : CS3
  Teacher  : Ms. Greshma P Sebastian
  Required : 1 theory period(s)
  Conflicts:
    • division CS3 timetable completely full on: Mon, Tue, Wed, Thu, Fri
WARNING:timetable_generator_engine:Cannot place theory period:
  Subject  : Programming in C
  Division : CS3
  Teacher  : Ms. Demy Devassy
  Required : 1 theory period(s)
  Conflicts:
    • division CS3 timetable completely full on: Mon, Tue, Wed, Thu, Fri
WARNING:timetable_generator_engine:Cannot place theory period:
  Subject  : Programming in C
  Division : CS3
  Teacher  : Ms. Demy Devassy
  Required : 1 theory period(s)
  Conflicts:
    • division CS3 timetable completely full on: Mon, Tue, Wed, Thu, Fri
WARNING:timetable_generator_engine:Cannot place theory period:
  Subject  : Digital Electronics and Logic Design
  Division : CS1
  Teacher  : Mr. Anoop Jose
  Required : 1 theory period(s)
  Conflicts:
    • division CS1 timetable completely full on: Mon, Tue, Wed, Thu, Fri
WARNING:timetable_generator_engine:Cannot place theory period:
  Subject  : Algorithmic Thinking with Python
  Division : CS1
  Teacher  : Dr. Deepa K.
  Required : 1 theory period(s)
  Conflicts:
    • division CS1 timetable completely full on: Mon, Tue, Wed, Thu, Fri
WARNING:timetable_generator_engine:Cannot place theory period:
  Subject  : Digital Electronics and Logic Design
  Division : CS1
  Teacher  : Mr. Anoop Jose
  Required : 1 theory period(s)
  Conflicts:
    • division CS1 timetable completely full on: Mon, Tue, Wed, Thu, Fri
WARNING:timetable_generator_engine:Cannot place theory period:
  Subject  : Algorithmic Thinking with Python
  Division : CS1
  Teacher  : Dr. Deepa K.
  Required : 1 theory period(s)
  Conflicts:
    • division CS1 timetable completely full on: Mon, Tue, Wed, Thu, Fri
WARNING:timetable_generator_engine:Cannot place theory period:
  Subject  : Digital Electronics and Logic Design
  Division : CS1
  Teacher  : Mr. Anoop Jose
  Required : 1 theory period(s)
  Conflicts:
    • division CS1 timetable completely full on: Mon, Tue, Wed, Thu, Fri
WARNING:timetable_generator_engine:Cannot place theory period:
  Subject  : Programming in C
  Division : CS4
  Teacher  : Ms. Vyshna R. K.
  Required : 1 theory period(s)
  Conflicts:
    • division CS4 timetable completely full on: Mon, Tue, Wed, Thu, Fri
WARNING:timetable_generator_engine:Cannot place theory period:
  Subject  : Engineering Graphics and Computer Aided Drawing.
  Division : CS4
  Teacher  : Dr. Geethu R.
  Required : 1 theory period(s)
  Conflicts:
    • division CS4 timetable completely full on: Mon, Tue, Wed, Thu, Fri
WARNING:timetable_generator_engine:Cannot place theory period:
  Subject  : Programming in C
  Division : CS4
  Teacher  : Ms. Vyshna R. K.
  Required : 1 theory period(s)
  Conflicts:
    • division CS4 timetable completely full on: Mon, Tue, Wed, Thu, Fri
WARNING:timetable_generator_engine:Cannot place theory period:
  Subject  : Engineering Graphics and Computer Aided Drawing.
  Division : CS4
  Teacher  : Dr. Geethu R.
  Required : 1 theory period(s)
  Conflicts:
    • division CS4 timetable completely full on: Mon, Tue, Wed, Thu, Fri
WARNING:timetable_generator_engine:Cannot place theory period:
  Subject  : Programming in C
  Division : CS4
  Teacher  : Ms. Vyshna R. K.
  Required : 1 theory period(s)
  Conflicts:
    • division CS4 timetable completely full on: Mon, Tue, Wed, Thu, Fri
INFO:timetable_generator_engine:  [relaxed pass] Object Oriented Programming / CS2: placing 3 missing period(s)
WARNING:timetable_generator_engine:  [relaxed pass] Cannot place Object Oriented Programming / CS2 even with relaxed cap
INFO:timetable_generator_engine:  [relaxed pass] Algorithmic Thinking with Python / CS1: placing 2 missing period(s)
WARNING:timetable_generator_engine:  [relaxed pass] Cannot place Algorithmic Thinking with Python / CS1 even with relaxed cap
INFO:timetable_generator_engine:  [relaxed pass] Engineering Graphics and Computer Aided Drawing. / CS4: placing 2 missing period(s)
WARNING:timetable_generator_engine:  [relaxed pass] Cannot place Engineering Graphics and Computer Aided Drawing. / CS4 even with relaxed cap
INFO:timetable_generator_engine:  [relaxed pass] Digital Electronics and Logic Design / CS2: placing 2 missing period(s)
WARNING:timetable_generator_engine:  [relaxed pass] Cannot place Digital Electronics and Logic Design / CS2 even with relaxed cap
INFO:timetable_generator_engine:  [relaxed pass] Programming in C / CS3: placing 3 missing period(s)
WARNING:timetable_generator_engine:  [relaxed pass] Cannot place Programming in C / CS3 even with relaxed cap
INFO:timetable_generator_engine:  [relaxed pass] Programming in C / CS4: placing 3 missing period(s)
WARNING:timetable_generator_engine:  [relaxed pass] Cannot place Programming in C / CS4 even with relaxed cap
INFO:timetable_generator_engine:  [relaxed pass] Foundations of Computing: From Hardware Essentials to Web Design / CS3: placing 2 missing period(s)
WARNING:timetable_generator_engine:  [relaxed pass] Cannot place Foundations of Computing: From Hardware Essentials to Web Design / CS3 even with relaxed cap
INFO:timetable_generator_engine:  [relaxed pass] Digital Electronics and Logic Design / CS1: placing 3 missing period(s)
WARNING:timetable_generator_engine:  [relaxed pass] Cannot place Digital Electronics and Logic Design / CS1 even with relaxed cap
INFO:timetable_generator_engine:  Attempt 31 (seed=282700) score: 90/100
INFO:timetable_generator_engine:Greedy attempt 32/80 …
WARNING:timetable_generator_engine:Cannot place theory period:
  Subject  : Digital Electronics and Logic Design
  Division : CS3
  Teacher  : Dr. Noora V. T.
  Required : 1 theory period(s)
  Conflicts:
    • division CS3 timetable completely full on: Mon, Tue, Wed, Fri
WARNING:timetable_generator_engine:Cannot place theory period:
  Subject  : Object Oriented Programming
  Division : CS3
  Teacher  : Ms. Anu S
  Required : 1 theory period(s)
  Conflicts:
    • division CS3 timetable completely full on: Mon, Tue, Wed, Thu, Fri
WARNING:timetable_generator_engine:Cannot place theory period:
  Subject  : Digital Electronics and Logic Design
  Division : CS4
  Teacher  : Ms. Sareena K. K.
  Required : 1 theory period(s)
  Conflicts:
    • division CS4 timetable completely full on: Mon, Tue, Wed, Thu, Fri
WARNING:timetable_generator_engine:Cannot place theory period:
  Subject  : Programming in C
  Division : CS4
  Teacher  : Ms. Vyshna R. K.
  Required : 1 theory period(s)
  Conflicts:
    • division CS4 timetable completely full on: Mon, Tue, Wed, Thu, Fri
WARNING:timetable_generator_engine:Cannot place theory period:
  Subject  : Object Oriented Programming
  Division : CS3
  Teacher  : Ms. Anu S
  Required : 1 theory period(s)
  Conflicts:
    • division CS3 timetable completely full on: Mon, Tue, Wed, Thu, Fri
WARNING:timetable_generator_engine:Cannot place theory period:
  Subject  : Digital Electronics and Logic Design
  Division : CS4
  Teacher  : Ms. Sareena K. K.
  Required : 1 theory period(s)
  Conflicts:
    • division CS4 timetable completely full on: Mon, Tue, Wed, Thu, Fri
WARNING:timetable_generator_engine:Cannot place theory period:
  Subject  : Object Oriented Programming
  Division : CS3
  Teacher  : Ms. Anu S
  Required : 1 theory period(s)
  Conflicts:
    • division CS3 timetable completely full on: Mon, Tue, Wed, Thu, Fri
WARNING:timetable_generator_engine:Cannot place theory period:
  Subject  : Digital Electronics and Logic Design
  Division : CS4
  Teacher  : Ms. Sareena K. K.
  Required : 1 theory period(s)
  Conflicts:
    • division CS4 timetable completely full on: Mon, Tue, Wed, Thu, Fri
WARNING:timetable_generator_engine:Cannot place theory period:
  Subject  : Engineering Graphics and Computer Aided Drawing.
  Division : CS1
  Teacher  : Ms. Jane Theresa
  Required : 1 theory period(s)
  Conflicts:
    • division CS1 timetable completely full on: Mon, Tue, Wed, Thu, Fri
WARNING:timetable_generator_engine:Cannot place theory period:
  Subject  : Algorithmic Thinking with Python
  Division : CS2
  Teacher  : Ms. Bini Omman
  Required : 1 theory period(s)
  Conflicts:
    • division CS2 timetable completely full on: Mon, Tue, Wed, Thu, Fri
WARNING:timetable_generator_engine:Cannot place theory period:
  Subject  : Object Oriented Programming
  Division : CS3
  Teacher  : Ms. Anu S
  Required : 1 theory period(s)
  Conflicts:
    • division CS3 timetable completely full on: Mon, Tue, Wed, Thu, Fri
WARNING:timetable_generator_engine:Cannot place theory period:
  Subject  : Digital Electronics and Logic Design
  Division : CS4
  Teacher  : Ms. Sareena K. K.
  Required : 1 theory period(s)
  Conflicts:
    • division CS4 timetable completely full on: Mon, Tue, Wed, Thu, Fri
WARNING:timetable_generator_engine:Cannot place theory period:
  Subject  : Engineering Graphics and Computer Aided Drawing.
  Division : CS1
  Teacher  : Ms. Jane Theresa
  Required : 1 theory period(s)
  Conflicts:
    • division CS1 timetable completely full on: Mon, Tue, Wed, Thu, Fri
WARNING:timetable_generator_engine:Cannot place theory period:
  Subject  : Programming in C
  Division : CS2
  Teacher  : Ms. Sruthy K. Joseph
  Required : 1 theory period(s)
  Conflicts:
    • division CS2 timetable completely full on: Mon, Tue, Wed, Thu, Fri
WARNING:timetable_generator_engine:Cannot place theory period:
  Subject  : Engineering Graphics and Computer Aided Drawing.
  Division : CS1
  Teacher  : Ms. Jane Theresa
  Required : 1 theory period(s)
  Conflicts:
    • division CS1 timetable completely full on: Mon, Tue, Wed, Thu, Fri
WARNING:timetable_generator_engine:Cannot place theory period:
  Subject  : Programming in C
  Division : CS2
  Teacher  : Ms. Sruthy K. Joseph
  Required : 1 theory period(s)
  Conflicts:
    • division CS2 timetable completely full on: Mon, Tue, Wed, Thu, Fri
WARNING:timetable_generator_engine:Cannot place theory period:
  Subject  : Engineering Graphics and Computer Aided Drawing.
  Division : CS1
  Teacher  : Ms. Jane Theresa
  Required : 1 theory period(s)
  Conflicts:
    • division CS1 timetable completely full on: Mon, Tue, Wed, Thu, Fri
WARNING:timetable_generator_engine:Cannot place theory period:
  Subject  : Programming in C
  Division : CS2
  Teacher  : Ms. Sruthy K. Joseph
  Required : 1 theory period(s)
  Conflicts:
    • division CS2 timetable completely full on: Mon, Tue, Wed, Thu, Fri
WARNING:timetable_generator_engine:Cannot place theory period:
  Subject  : Engineering Graphics and Computer Aided Drawing.
  Division : CS1
  Teacher  : Ms. Jane Theresa
  Required : 1 theory period(s)
  Conflicts:
    • division CS1 timetable completely full on: Mon, Tue, Wed, Thu, Fri
WARNING:timetable_generator_engine:Cannot place theory period:
  Subject  : Programming in C
  Division : CS2
  Teacher  : Ms. Sruthy K. Joseph
  Required : 1 theory period(s)
  Conflicts:
    • division CS2 timetable completely full on: Mon, Tue, Wed, Thu, Fri
INFO:timetable_generator_engine:  [relaxed pass] Algorithmic Thinking with Python / CS2: placing 1 missing period(s)
WARNING:timetable_generator_engine:  [relaxed pass] Cannot place Algorithmic Thinking with Python / CS2 even with relaxed cap
INFO:timetable_generator_engine:  [relaxed pass] Digital Electronics and Logic Design / CS3: placing 1 missing period(s)
WARNING:timetable_generator_engine:  [relaxed pass] Cannot place Digital Electronics and Logic Design / CS3 even with relaxed cap
INFO:timetable_generator_engine:  [relaxed pass] Object Oriented Programming / CS3: placing 4 missing period(s)
WARNING:timetable_generator_engine:  [relaxed pass] Cannot place Object Oriented Programming / CS3 even with relaxed cap
INFO:timetable_generator_engine:  [relaxed pass] Programming in C / CS4: placing 1 missing period(s)
WARNING:timetable_generator_engine:  [relaxed pass] Cannot place Programming in C / CS4 even with relaxed cap
INFO:timetable_generator_engine:  [relaxed pass] Programming in C / CS2: placing 4 missing period(s)
WARNING:timetable_generator_engine:  [relaxed pass] Cannot place Programming in C / CS2 even with relaxed cap
INFO:timetable_generator_engine:  [relaxed pass] Engineering Graphics and Computer Aided Drawing. / CS1: placing 5 missing period(s)
WARNING:timetable_generator_engine:  [relaxed pass] Cannot place Engineering Graphics and Computer Aided Drawing. / CS1 even with relaxed cap
INFO:timetable_generator_engine:  [relaxed pass] Digital Electronics and Logic Design / CS4: placing 4 missing period(s)
WARNING:timetable_generator_engine:  [relaxed pass] Cannot place Digital Electronics and Logic Design / CS4 even with relaxed cap
INFO:timetable_generator_engine:  Attempt 32 (seed=274302) score: 84/100
INFO:timetable_generator_engine:Greedy attempt 33/80 …
WARNING:timetable_generator_engine:Cannot place theory period:
  Subject  : Algorithmic Thinking with Python
  Division : CS1
  Teacher  : Dr. Deepa K.
  Required : 1 theory period(s)
  Conflicts:
    • division CS1 timetable completely full on: Mon, Tue, Wed, Thu, Fri
WARNING:timetable_generator_engine:Cannot place theory period:
  Subject  : Algorithmic Thinking with Python
  Division : CS1
  Teacher  : Dr. Deepa K.
  Required : 1 theory period(s)
  Conflicts:
    • division CS1 timetable completely full on: Mon, Tue, Wed, Thu, Fri
WARNING:timetable_generator_engine:Cannot place theory period:
  Subject  : Algorithmic Thinking with Python
  Division : CS1
  Teacher  : Dr. Deepa K.
  Required : 1 theory period(s)
  Conflicts:
    • division CS1 timetable completely full on: Mon, Tue, Wed, Thu, Fri
WARNING:timetable_generator_engine:Cannot place theory period:
  Subject  : Digital Electronics and Logic Design
  Division : CS2
  Teacher  : Ms. Smera Thomas
  Required : 1 theory period(s)
  Conflicts:
    • division CS2 timetable completely full on: Mon, Tue, Wed, Thu, Fri
WARNING:timetable_generator_engine:Cannot place theory period:
  Subject  : Algorithmic Thinking with Python
  Division : CS1
  Teacher  : Dr. Deepa K.
  Required : 1 theory period(s)
  Conflicts:
    • division CS1 timetable completely full on: Mon, Tue, Wed, Thu, Fri
WARNING:timetable_generator_engine:Cannot place theory period:
  Subject  : Object Oriented Programming
  Division : CS2
  Teacher  : Ms. Julie Siby
  Required : 1 theory period(s)
  Conflicts:
    • division CS2 timetable completely full on: Mon, Tue, Wed, Thu, Fri
WARNING:timetable_generator_engine:Cannot place theory period:
  Subject  : Digital Electronics and Logic Design
  Division : CS2
  Teacher  : Ms. Smera Thomas
  Required : 1 theory period(s)
  Conflicts:
    • division CS2 timetable completely full on: Mon, Tue, Wed, Thu, Fri
WARNING:timetable_generator_engine:Cannot place theory period:
  Subject  : Programming in C
  Division : CS4
  Teacher  : Ms. Vyshna R. K.
  Required : 1 theory period(s)
  Conflicts:
    • division CS4 timetable completely full on: Mon, Tue, Wed, Thu, Fri
WARNING:timetable_generator_engine:Cannot place theory period:
  Subject  : Engineering Graphics and Computer Aided Drawing.
  Division : CS3
  Teacher  : Ms. Divya M. S.
  Required : 1 theory period(s)
  Conflicts:
    • division CS3 timetable completely full on: Mon, Tue, Wed, Thu, Fri
WARNING:timetable_generator_engine:Cannot place theory period:
  Subject  : Algorithmic Thinking with Python
  Division : CS1
  Teacher  : Dr. Deepa K.
  Required : 1 theory period(s)
  Conflicts:
    • division CS1 timetable completely full on: Mon, Tue, Wed, Thu, Fri
WARNING:timetable_generator_engine:Cannot place theory period:
  Subject  : Object Oriented Programming
  Division : CS2
  Teacher  : Ms. Julie Siby
  Required : 1 theory period(s)
  Conflicts:
    • division CS2 timetable completely full on: Mon, Tue, Wed, Thu, Fri
WARNING:timetable_generator_engine:Cannot place theory period:
  Subject  : Digital Electronics and Logic Design
  Division : CS2
  Teacher  : Ms. Smera Thomas
  Required : 1 theory period(s)
  Conflicts:
    • division CS2 timetable completely full on: Mon, Tue, Wed, Thu, Fri
WARNING:timetable_generator_engine:Cannot place theory period:
  Subject  : Programming in C
  Division : CS4
  Teacher  : Ms. Vyshna R. K.
  Required : 1 theory period(s)
  Conflicts:
    • division CS4 timetable completely full on: Mon, Tue, Wed, Thu, Fri
WARNING:timetable_generator_engine:Cannot place theory period:
  Subject  : Engineering Graphics and Computer Aided Drawing.
  Division : CS3
  Teacher  : Ms. Divya M. S.
  Required : 1 theory period(s)
  Conflicts:
    • division CS3 timetable completely full on: Mon, Tue, Wed, Thu, Fri
WARNING:timetable_generator_engine:Cannot place theory period:
  Subject  : Programming in C
  Division : CS4
  Teacher  : Ms. Vyshna R. K.
  Required : 1 theory period(s)
  Conflicts:
    • division CS4 timetable completely full on: Mon, Tue, Wed, Thu, Fri
WARNING:timetable_generator_engine:Cannot place theory period:
  Subject  : Engineering Graphics and Computer Aided Drawing.
  Division : CS3
  Teacher  : Ms. Divya M. S.
  Required : 1 theory period(s)
  Conflicts:
    • division CS3 timetable completely full on: Mon, Tue, Wed, Thu, Fri
WARNING:timetable_generator_engine:Cannot place theory period:
  Subject  : Programming in C
  Division : CS4
  Teacher  : Ms. Vyshna R. K.
  Required : 1 theory period(s)
  Conflicts:
    • division CS4 timetable completely full on: Mon, Tue, Wed, Thu, Fri
WARNING:timetable_generator_engine:Cannot place theory period:
  Subject  : Engineering Graphics and Computer Aided Drawing.
  Division : CS3
  Teacher  : Ms. Divya M. S.
  Required : 1 theory period(s)
  Conflicts:
    • division CS3 timetable completely full on: Mon, Tue, Wed, Thu, Fri
WARNING:timetable_generator_engine:Cannot place theory period:
  Subject  : Programming in C
  Division : CS4
  Teacher  : Ms. Vyshna R. K.
  Required : 1 theory period(s)
  Conflicts:
    • division CS4 timetable completely full on: Mon, Tue, Wed, Thu, Fri
WARNING:timetable_generator_engine:Cannot place theory period:
  Subject  : Engineering Graphics and Computer Aided Drawing.
  Division : CS3
  Teacher  : Ms. Divya M. S.
  Required : 1 theory period(s)
  Conflicts:
    • division CS3 timetable completely full on: Mon, Tue, Wed, Thu, Fri
INFO:timetable_generator_engine:  [relaxed pass] Engineering Graphics and Computer Aided Drawing. / CS3: placing 5 missing period(s)
WARNING:timetable_generator_engine:  [relaxed pass] Cannot place Engineering Graphics and Computer Aided Drawing. / CS3 even with relaxed cap
INFO:timetable_generator_engine:  [relaxed pass] Digital Electronics and Logic Design / CS2: placing 3 missing period(s)
WARNING:timetable_generator_engine:  [relaxed pass] Cannot place Digital Electronics and Logic Design / CS2 even with relaxed cap
INFO:timetable_generator_engine:  [relaxed pass] Algorithmic Thinking with Python / CS1: placing 5 missing period(s)
WARNING:timetable_generator_engine:  [relaxed pass] Cannot place Algorithmic Thinking with Python / CS1 even with relaxed cap
INFO:timetable_generator_engine:  [relaxed pass] Programming in C / CS4: placing 5 missing period(s)
WARNING:timetable_generator_engine:  [relaxed pass] Cannot place Programming in C / CS4 even with relaxed cap
INFO:timetable_generator_engine:  [relaxed pass] Object Oriented Programming / CS2: placing 2 missing period(s)
WARNING:timetable_generator_engine:  [relaxed pass] Cannot place Object Oriented Programming / CS2 even with relaxed cap
INFO:timetable_generator_engine:  Attempt 33 (seed=441244) score: 87/100
INFO:timetable_generator_engine:Greedy attempt 34/80 …
WARNING:timetable_generator_engine:Cannot place theory period:
  Subject  : Algorithmic Thinking with Python
  Division : CS4
  Teacher  : Ms. Neethu Krishna
  Required : 1 theory period(s)
  Conflicts:
    • division CS4 timetable completely full on: Mon, Tue, Wed, Thu, Fri
WARNING:timetable_generator_engine:Cannot place theory period:
  Subject  : Engineering Graphics and Computer Aided Drawing.
  Division : CS2
  Teacher  : Ms. Preema T. S.
  Required : 1 theory period(s)
  Conflicts:
    • division CS2 timetable completely full on: Mon, Tue, Wed, Thu, Fri
WARNING:timetable_generator_engine:Cannot place theory period:
  Subject  : Digital Electronics and Logic Design
  Division : CS4
  Teacher  : Ms. Sareena K. K.
  Required : 1 theory period(s)
  Conflicts:
    • division CS4 timetable completely full on: Mon, Tue, Wed, Thu, Fri
WARNING:timetable_generator_engine:Cannot place theory period:
  Subject  : Algorithmic Thinking with Python
  Division : CS4
  Teacher  : Ms. Neethu Krishna
  Required : 1 theory period(s)
  Conflicts:
    • division CS4 timetable completely full on: Mon, Tue, Wed, Thu, Fri
WARNING:timetable_generator_engine:Cannot place theory period:
  Subject  : Engineering Graphics and Computer Aided Drawing.
  Division : CS2
  Teacher  : Ms. Preema T. S.
  Required : 1 theory period(s)
  Conflicts:
    • division CS2 timetable completely full on: Mon, Tue, Wed, Thu, Fri
WARNING:timetable_generator_engine:Cannot place theory period:
  Subject  : Digital Electronics and Logic Design
  Division : CS4
  Teacher  : Ms. Sareena K. K.
  Required : 1 theory period(s)
  Conflicts:
    • division CS4 timetable completely full on: Mon, Tue, Wed, Thu, Fri
WARNING:timetable_generator_engine:Cannot place theory period:
  Subject  : Algorithmic Thinking with Python
  Division : CS4
  Teacher  : Ms. Neethu Krishna
  Required : 1 theory period(s)
  Conflicts:
    • division CS4 timetable completely full on: Mon, Tue, Wed, Thu, Fri
WARNING:timetable_generator_engine:Cannot place theory period:
  Subject  : Engineering Graphics and Computer Aided Drawing.
  Division : CS2
  Teacher  : Ms. Preema T. S.
  Required : 1 theory period(s)
  Conflicts:
    • division CS2 timetable completely full on: Mon, Tue, Wed, Thu, Fri
WARNING:timetable_generator_engine:Cannot place theory period:
  Subject  : Engineering Graphics and Computer Aided Drawing.
  Division : CS2
  Teacher  : Ms. Preema T. S.
  Required : 1 theory period(s)
  Conflicts:
    • division CS2 timetable completely full on: Mon, Tue, Wed, Thu, Fri
WARNING:timetable_generator_engine:Cannot place theory period:
  Subject  : Engineering Graphics and Computer Aided Drawing.
  Division : CS2
  Teacher  : Ms. Preema T. S.
  Required : 1 theory period(s)
  Conflicts:
    • division CS2 timetable completely full on: Mon, Tue, Wed, Thu, Fri
WARNING:timetable_generator_engine:Cannot place theory period:
  Subject  : Algorithmic Thinking with Python
  Division : CS1
  Teacher  : Dr. Deepa K.
  Required : 1 theory period(s)
  Conflicts:
    • division CS1 timetable completely full on: Mon, Tue, Wed, Thu, Fri
WARNING:timetable_generator_engine:Cannot place theory period:
  Subject  : Object Oriented Programming
  Division : CS3
  Teacher  : Ms. Anu S
  Required : 1 theory period(s)
  Conflicts:
    • division CS3 timetable completely full on: Mon, Tue, Wed, Thu, Fri
WARNING:timetable_generator_engine:Cannot place theory period:
  Subject  : Engineering Graphics and Computer Aided Drawing.
  Division : CS3
  Teacher  : Ms. Divya M. S.
  Required : 1 theory period(s)
  Conflicts:
    • division CS3 timetable completely full on: Mon, Tue, Wed, Thu, Fri
WARNING:timetable_generator_engine:Cannot place theory period:
  Subject  : Programming in C
  Division : CS1
  Teacher  : Ms. Meera V. M.
  Required : 1 theory period(s)
  Conflicts:
    • division CS1 timetable completely full on: Mon, Tue, Wed, Thu, Fri
WARNING:timetable_generator_engine:Cannot place theory period:
  Subject  : Engineering Graphics and Computer Aided Drawing.
  Division : CS3
  Teacher  : Ms. Divya M. S.
  Required : 1 theory period(s)
  Conflicts:
    • division CS3 timetable completely full on: Mon, Tue, Wed, Thu, Fri
WARNING:timetable_generator_engine:Cannot place theory period:
  Subject  : Programming in C
  Division : CS1
  Teacher  : Ms. Meera V. M.
  Required : 1 theory period(s)
  Conflicts:
    • division CS1 timetable completely full on: Mon, Tue, Wed, Thu, Fri
WARNING:timetable_generator_engine:Cannot place theory period:
  Subject  : Engineering Graphics and Computer Aided Drawing.
  Division : CS3
  Teacher  : Ms. Divya M. S.
  Required : 1 theory period(s)
  Conflicts:
    • division CS3 timetable completely full on: Mon, Tue, Wed, Thu, Fri
WARNING:timetable_generator_engine:Cannot place theory period:
  Subject  : Programming in C
  Division : CS1
  Teacher  : Ms. Meera V. M.
  Required : 1 theory period(s)
  Conflicts:
    • division CS1 timetable completely full on: Mon, Tue, Wed, Thu, Fri
WARNING:timetable_generator_engine:Cannot place theory period:
  Subject  : Engineering Graphics and Computer Aided Drawing.
  Division : CS3
  Teacher  : Ms. Divya M. S.
  Required : 1 theory period(s)
  Conflicts:
    • division CS3 timetable completely full on: Mon, Tue, Wed, Thu, Fri
WARNING:timetable_generator_engine:Cannot place theory period:
  Subject  : Programming in C
  Division : CS1
  Teacher  : Ms. Meera V. M.
  Required : 1 theory period(s)
  Conflicts:
    • division CS1 timetable completely full on: Mon, Tue, Wed, Thu, Fri
INFO:timetable_generator_engine:  [relaxed pass] Algorithmic Thinking with Python / CS4: placing 3 missing period(s)
WARNING:timetable_generator_engine:  [relaxed pass] Cannot place Algorithmic Thinking with Python / CS4 even with relaxed cap
INFO:timetable_generator_engine:  [relaxed pass] Engineering Graphics and Computer Aided Drawing. / CS2: placing 5 missing period(s)
WARNING:timetable_generator_engine:  [relaxed pass] Cannot place Engineering Graphics and Computer Aided Drawing. / CS2 even with relaxed cap
INFO:timetable_generator_engine:  [relaxed pass] Digital Electronics and Logic Design / CS4: placing 2 missing period(s)
WARNING:timetable_generator_engine:  [relaxed pass] Cannot place Digital Electronics and Logic Design / CS4 even with relaxed cap
INFO:timetable_generator_engine:  [relaxed pass] Programming in C / CS1: placing 4 missing period(s)
WARNING:timetable_generator_engine:  [relaxed pass] Cannot place Programming in C / CS1 even with relaxed cap
INFO:timetable_generator_engine:  [relaxed pass] Engineering Graphics and Computer Aided Drawing. / CS3: placing 4 missing period(s)
WARNING:timetable_generator_engine:  [relaxed pass] Cannot place Engineering Graphics and Computer Aided Drawing. / CS3 even with relaxed cap
INFO:timetable_generator_engine:  [relaxed pass] Algorithmic Thinking with Python / CS1: placing 1 missing period(s)
WARNING:timetable_generator_engine:  [relaxed pass] Cannot place Algorithmic Thinking with Python / CS1 even with relaxed cap
INFO:timetable_generator_engine:  [relaxed pass] Object Oriented Programming / CS3: placing 1 missing period(s)
WARNING:timetable_generator_engine:  [relaxed pass] Cannot place Object Oriented Programming / CS3 even with relaxed cap
INFO:timetable_generator_engine:  Attempt 34 (seed=757382) score: 87/100
INFO:timetable_generator_engine:Greedy attempt 35/80 …
WARNING:timetable_generator_engine:Cannot place theory period:
  Subject  : Digital Electronics and Logic Design
  Division : CS3
  Teacher  : Dr. Noora V. T.
  Required : 1 theory period(s)
  Conflicts:
    • division CS3 timetable completely full on: Mon, Tue, Wed, Thu, Fri
WARNING:timetable_generator_engine:Cannot place theory period:
  Subject  : Programming in C
  Division : CS3
  Teacher  : Ms. Demy Devassy
  Required : 1 theory period(s)
  Conflicts:
    • division CS3 timetable completely full on: Mon, Tue, Wed, Thu, Fri
WARNING:timetable_generator_engine:Cannot place theory period:
  Subject  : Digital Electronics and Logic Design
  Division : CS3
  Teacher  : Dr. Noora V. T.
  Required : 1 theory period(s)
  Conflicts:
    • division CS3 timetable completely full on: Mon, Tue, Wed, Thu, Fri
WARNING:timetable_generator_engine:Cannot place theory period:
  Subject  : Object Oriented Programming
  Division : CS2
  Teacher  : Ms. Julie Siby
  Required : 1 theory period(s)
  Conflicts:
    • division CS2 timetable completely full on: Mon, Tue, Wed, Thu, Fri
WARNING:timetable_generator_engine:Cannot place theory period:
  Subject  : Algorithmic Thinking with Python
  Division : CS2
  Teacher  : Ms. Bini Omman
  Required : 1 theory period(s)
  Conflicts:
    • division CS2 timetable completely full on: Mon, Tue, Wed, Thu, Fri
WARNING:timetable_generator_engine:Cannot place theory period:
  Subject  : Digital Electronics and Logic Design
  Division : CS3
  Teacher  : Dr. Noora V. T.
  Required : 1 theory period(s)
  Conflicts:
    • division CS3 timetable completely full on: Mon, Tue, Wed, Thu, Fri
WARNING:timetable_generator_engine:Cannot place theory period:
  Subject  : Object Oriented Programming
  Division : CS2
  Teacher  : Ms. Julie Siby
  Required : 1 theory period(s)
  Conflicts:
    • division CS2 timetable completely full on: Mon, Tue, Wed, Thu, Fri
WARNING:timetable_generator_engine:Cannot place theory period:
  Subject  : Programming in C
  Division : CS1
  Teacher  : Ms. Meera V. M.
  Required : 1 theory period(s)
  Conflicts:
    • division CS1 timetable completely full on: Mon, Tue, Wed, Thu, Fri
WARNING:timetable_generator_engine:Cannot place theory period:
  Subject  : Engineering Graphics and Computer Aided Drawing.
  Division : CS4
  Teacher  : Dr. Geethu R.
  Required : 1 theory period(s)
  Conflicts:
    • division CS4 timetable completely full on: Mon, Tue, Wed, Thu, Fri
WARNING:timetable_generator_engine:Cannot place theory period:
  Subject  : Algorithmic Thinking with Python
  Division : CS2
  Teacher  : Ms. Bini Omman
  Required : 1 theory period(s)
  Conflicts:
    • division CS2 timetable completely full on: Mon, Tue, Wed, Thu, Fri
WARNING:timetable_generator_engine:Cannot place theory period:
  Subject  : Digital Electronics and Logic Design
  Division : CS3
  Teacher  : Dr. Noora V. T.
  Required : 1 theory period(s)
  Conflicts:
    • division CS3 timetable completely full on: Mon, Tue, Wed, Thu, Fri
WARNING:timetable_generator_engine:Cannot place theory period:
  Subject  : Object Oriented Programming
  Division : CS2
  Teacher  : Ms. Julie Siby
  Required : 1 theory period(s)
  Conflicts:
    • division CS2 timetable completely full on: Mon, Tue, Wed, Thu, Fri
WARNING:timetable_generator_engine:Cannot place theory period:
  Subject  : Programming in C
  Division : CS1
  Teacher  : Ms. Meera V. M.
  Required : 1 theory period(s)
  Conflicts:
    • division CS1 timetable completely full on: Mon, Tue, Wed, Thu, Fri
WARNING:timetable_generator_engine:Cannot place theory period:
  Subject  : Engineering Graphics and Computer Aided Drawing.
  Division : CS4
  Teacher  : Dr. Geethu R.
  Required : 1 theory period(s)
  Conflicts:
    • division CS4 timetable completely full on: Mon, Tue, Wed, Thu, Fri
WARNING:timetable_generator_engine:Cannot place theory period:
  Subject  : Programming in C
  Division : CS1
  Teacher  : Ms. Meera V. M.
  Required : 1 theory period(s)
  Conflicts:
    • division CS1 timetable completely full on: Mon, Tue, Wed, Thu, Fri
WARNING:timetable_generator_engine:Cannot place theory period:
  Subject  : Engineering Graphics and Computer Aided Drawing.
  Division : CS4
  Teacher  : Dr. Geethu R.
  Required : 1 theory period(s)
  Conflicts:
    • division CS4 timetable completely full on: Mon, Tue, Wed, Thu, Fri
WARNING:timetable_generator_engine:Cannot place theory period:
  Subject  : Programming in C
  Division : CS1
  Teacher  : Ms. Meera V. M.
  Required : 1 theory period(s)
  Conflicts:
    • division CS1 timetable completely full on: Mon, Tue, Wed, Thu, Fri
WARNING:timetable_generator_engine:Cannot place theory period:
  Subject  : Engineering Graphics and Computer Aided Drawing.
  Division : CS4
  Teacher  : Dr. Geethu R.
  Required : 1 theory period(s)
  Conflicts:
    • division CS4 timetable completely full on: Mon, Tue, Wed, Thu, Fri
WARNING:timetable_generator_engine:Cannot place theory period:
  Subject  : Programming in C
  Division : CS1
  Teacher  : Ms. Meera V. M.
  Required : 1 theory period(s)
  Conflicts:
    • division CS1 timetable completely full on: Mon, Tue, Wed, Thu, Fri
WARNING:timetable_generator_engine:Cannot place theory period:
  Subject  : Engineering Graphics and Computer Aided Drawing.
  Division : CS4
  Teacher  : Dr. Geethu R.
  Required : 1 theory period(s)
  Conflicts:
    • division CS4 timetable completely full on: Mon, Tue, Wed, Thu, Fri
INFO:timetable_generator_engine:  [relaxed pass] Programming in C / CS3: placing 1 missing period(s)
WARNING:timetable_generator_engine:  [relaxed pass] Cannot place Programming in C / CS3 even with relaxed cap
INFO:timetable_generator_engine:  [relaxed pass] Algorithmic Thinking with Python / CS2: placing 2 missing period(s)
WARNING:timetable_generator_engine:  [relaxed pass] Cannot place Algorithmic Thinking with Python / CS2 even with relaxed cap
INFO:timetable_generator_engine:  [relaxed pass] Programming in C / CS1: placing 5 missing period(s)
WARNING:timetable_generator_engine:  [relaxed pass] Cannot place Programming in C / CS1 even with relaxed cap
INFO:timetable_generator_engine:  [relaxed pass] Engineering Graphics and Computer Aided Drawing. / CS4: placing 5 missing period(s)
WARNING:timetable_generator_engine:  [relaxed pass] Cannot place Engineering Graphics and Computer Aided Drawing. / CS4 even with relaxed cap
INFO:timetable_generator_engine:  [relaxed pass] Object Oriented Programming / CS2: placing 3 missing period(s)
WARNING:timetable_generator_engine:  [relaxed pass] Cannot place Object Oriented Programming / CS2 even with relaxed cap
INFO:timetable_generator_engine:  [relaxed pass] Digital Electronics and Logic Design / CS3: placing 4 missing period(s)
WARNING:timetable_generator_engine:  [relaxed pass] Cannot place Digital Electronics and Logic Design / CS3 even with relaxed cap
INFO:timetable_generator_engine:  Attempt 35 (seed=782763) score: 84/100
INFO:timetable_generator_engine:Greedy attempt 36/80 …
WARNING:timetable_generator_engine:Cannot place theory period:
  Subject  : Object Oriented Programming
  Division : CS1
  Teacher  : Ms. Sanooja Beegam M. A.
  Required : 1 theory period(s)
  Conflicts:
    • division CS1 timetable completely full on: Mon, Tue, Wed, Thu, Fri
WARNING:timetable_generator_engine:Cannot place theory period:
  Subject  : Digital Electronics and Logic Design
  Division : CS2
  Teacher  : Ms. Smera Thomas
  Required : 1 theory period(s)
  Conflicts:
    • division CS2 timetable completely full on: Mon, Tue, Wed, Thu, Fri
WARNING:timetable_generator_engine:Cannot place theory period:
  Subject  : Object Oriented Programming
  Division : CS1
  Teacher  : Ms. Sanooja Beegam M. A.
  Required : 1 theory period(s)
  Conflicts:
    • division CS1 timetable completely full on: Mon, Tue, Wed, Thu, Fri
WARNING:timetable_generator_engine:Cannot place theory period:
  Subject  : Engineering Graphics and Computer Aided Drawing.
  Division : CS2
  Teacher  : Ms. Preema T. S.
  Required : 1 theory period(s)
  Conflicts:
    • division CS2 timetable completely full on: Mon, Tue, Wed, Thu, Fri
WARNING:timetable_generator_engine:Cannot place theory period:
  Subject  : Digital Electronics and Logic Design
  Division : CS2
  Teacher  : Ms. Smera Thomas
  Required : 1 theory period(s)
  Conflicts:
    • division CS2 timetable completely full on: Mon, Tue, Wed, Thu, Fri
WARNING:timetable_generator_engine:Cannot place theory period:
  Subject  : Object Oriented Programming
  Division : CS1
  Teacher  : Ms. Sanooja Beegam M. A.
  Required : 1 theory period(s)
  Conflicts:
    • division CS1 timetable completely full on: Mon, Tue, Wed, Thu, Fri
WARNING:timetable_generator_engine:Cannot place theory period:
  Subject  : Digital Electronics and Logic Design
  Division : CS2
  Teacher  : Ms. Smera Thomas
  Required : 1 theory period(s)
  Conflicts:
    • division CS2 timetable completely full on: Mon, Tue, Wed, Thu, Fri
WARNING:timetable_generator_engine:Cannot place theory period:
  Subject  : Object Oriented Programming
  Division : CS1
  Teacher  : Ms. Sanooja Beegam M. A.
  Required : 1 theory period(s)
  Conflicts:
    • division CS1 timetable completely full on: Mon, Tue, Wed, Thu, Fri
WARNING:timetable_generator_engine:Cannot place theory period:
  Subject  : Programming in C
  Division : CS4
  Teacher  : Ms. Vyshna R. K.
  Required : 1 theory period(s)
  Conflicts:
    • division CS4 timetable completely full on: Mon, Tue, Wed, Thu, Fri
WARNING:timetable_generator_engine:Cannot place theory period:
  Subject  : Digital Electronics and Logic Design
  Division : CS2
  Teacher  : Ms. Smera Thomas
  Required : 1 theory period(s)
  Conflicts:
    • division CS2 timetable completely full on: Mon, Tue, Wed, Thu, Fri
WARNING:timetable_generator_engine:Cannot place theory period:
  Subject  : Object Oriented Programming
  Division : CS1
  Teacher  : Ms. Sanooja Beegam M. A.
  Required : 1 theory period(s)
  Conflicts:
    • division CS1 timetable completely full on: Mon, Tue, Wed, Thu, Fri
WARNING:timetable_generator_engine:Cannot place theory period:
  Subject  : Algorithmic Thinking with Python
  Division : CS3
  Teacher  : Dr. Varun G. Menon
  Required : 1 theory period(s)
  Conflicts:
    • division CS3 timetable completely full on: Mon, Tue, Wed, Thu, Fri
WARNING:timetable_generator_engine:Cannot place theory period:
  Subject  : Engineering Graphics and Computer Aided Drawing.
  Division : CS3
  Teacher  : Ms. Divya M. S.
  Required : 1 theory period(s)
  Conflicts:
    • division CS3 timetable completely full on: Mon, Tue, Wed, Thu, Fri
WARNING:timetable_generator_engine:Cannot place theory period:
  Subject  : Programming in C
  Division : CS4
  Teacher  : Ms. Vyshna R. K.
  Required : 1 theory period(s)
  Conflicts:
    • division CS4 timetable completely full on: Mon, Tue, Wed, Thu, Fri
WARNING:timetable_generator_engine:Cannot place theory period:
  Subject  : Engineering Graphics and Computer Aided Drawing.
  Division : CS3
  Teacher  : Ms. Divya M. S.
  Required : 1 theory period(s)
  Conflicts:
    • division CS3 timetable completely full on: Mon, Tue, Wed, Thu, Fri
WARNING:timetable_generator_engine:Cannot place theory period:
  Subject  : Programming in C
  Division : CS4
  Teacher  : Ms. Vyshna R. K.
  Required : 1 theory period(s)
  Conflicts:
    • division CS4 timetable completely full on: Mon, Tue, Wed, Thu, Fri
WARNING:timetable_generator_engine:Cannot place theory period:
  Subject  : Engineering Graphics and Computer Aided Drawing.
  Division : CS3
  Teacher  : Ms. Divya M. S.
  Required : 1 theory period(s)
  Conflicts:
    • division CS3 timetable completely full on: Mon, Tue, Wed, Thu, Fri
WARNING:timetable_generator_engine:Cannot place theory period:
  Subject  : Programming in C
  Division : CS4
  Teacher  : Ms. Vyshna R. K.
  Required : 1 theory period(s)
  Conflicts:
    • division CS4 timetable completely full on: Mon, Tue, Wed, Thu, Fri
WARNING:timetable_generator_engine:Cannot place theory period:
  Subject  : Engineering Graphics and Computer Aided Drawing.
  Division : CS3
  Teacher  : Ms. Divya M. S.
  Required : 1 theory period(s)
  Conflicts:
    • division CS3 timetable completely full on: Mon, Tue, Wed, Thu, Fri
WARNING:timetable_generator_engine:Cannot place theory period:
  Subject  : Programming in C
  Division : CS4
  Teacher  : Ms. Vyshna R. K.
  Required : 1 theory period(s)
  Conflicts:
    • division CS4 timetable completely full on: Mon, Tue, Wed, Thu, Fri
INFO:timetable_generator_engine:  [relaxed pass] Engineering Graphics and Computer Aided Drawing. / CS2: placing 1 missing period(s)
WARNING:timetable_generator_engine:  [relaxed pass] Cannot place Engineering Graphics and Computer Aided Drawing. / CS2 even with relaxed cap
INFO:timetable_generator_engine:  [relaxed pass] Engineering Graphics and Computer Aided Drawing. / CS3: placing 4 missing period(s)
WARNING:timetable_generator_engine:  [relaxed pass] Cannot place Engineering Graphics and Computer Aided Drawing. / CS3 even with relaxed cap
INFO:timetable_generator_engine:  [relaxed pass] Programming in C / CS4: placing 5 missing period(s)
WARNING:timetable_generator_engine:  [relaxed pass] Cannot place Programming in C / CS4 even with relaxed cap
INFO:timetable_generator_engine:  [relaxed pass] Object Oriented Programming / CS1: placing 5 missing period(s)
WARNING:timetable_generator_engine:  [relaxed pass] Cannot place Object Oriented Programming / CS1 even with relaxed cap
INFO:timetable_generator_engine:  [relaxed pass] Algorithmic Thinking with Python / CS3: placing 1 missing period(s)
WARNING:timetable_generator_engine:  [relaxed pass] Cannot place Algorithmic Thinking with Python / CS3 even with relaxed cap
INFO:timetable_generator_engine:  [relaxed pass] Digital Electronics and Logic Design / CS2: placing 4 missing period(s)
WARNING:timetable_generator_engine:  [relaxed pass] Cannot place Digital Electronics and Logic Design / CS2 even with relaxed cap
INFO:timetable_generator_engine:  Attempt 36 (seed=216173) score: 81/100
INFO:timetable_generator_engine:Greedy attempt 37/80 …
WARNING:timetable_generator_engine:Cannot place theory period:
  Subject  : Foundations of Computing: From Hardware Essentials to Web Design
  Division : CS1
  Teacher  : Dr. Manish T. I.
  Required : 1 theory period(s)
  Conflicts:
    • division CS1 timetable completely full on: Mon, Tue, Wed, Thu, Fri
WARNING:timetable_generator_engine:Cannot place theory period:
  Subject  : Algorithmic Thinking with Python
  Division : CS1
  Teacher  : Dr. Deepa K.
  Required : 1 theory period(s)
  Conflicts:
    • division CS1 timetable completely full on: Mon, Tue, Wed, Thu, Fri
WARNING:timetable_generator_engine:Cannot place theory period:
  Subject  : Programming in C
  Division : CS4
  Teacher  : Ms. Vyshna R. K.
  Required : 1 theory period(s)
  Conflicts:
    • division CS4 timetable completely full on: Mon, Tue, Wed, Thu, Fri
WARNING:timetable_generator_engine:Cannot place theory period:
  Subject  : Engineering Graphics and Computer Aided Drawing.
  Division : CS4
  Teacher  : Dr. Geethu R.
  Required : 1 theory period(s)
  Conflicts:
    • division CS4 timetable completely full on: Mon, Tue, Wed, Thu, Fri
WARNING:timetable_generator_engine:Cannot place theory period:
  Subject  : Digital Electronics and Logic Design
  Division : CS4
  Teacher  : Ms. Sareena K. K.
  Required : 1 theory period(s)
  Conflicts:
    • division CS4 timetable completely full on: Mon, Tue, Wed, Thu, Fri
WARNING:timetable_generator_engine:Cannot place theory period:
  Subject  : Algorithmic Thinking with Python
  Division : CS1
  Teacher  : Dr. Deepa K.
  Required : 1 theory period(s)
  Conflicts:
    • division CS1 timetable completely full on: Mon, Tue, Wed, Thu, Fri
WARNING:timetable_generator_engine:Cannot place theory period:
  Subject  : Digital Electronics and Logic Design
  Division : CS4
  Teacher  : Ms. Sareena K. K.
  Required : 1 theory period(s)
  Conflicts:
    • division CS4 timetable completely full on: Mon, Tue, Wed, Thu, Fri
WARNING:timetable_generator_engine:Cannot place theory period:
  Subject  : Algorithmic Thinking with Python
  Division : CS1
  Teacher  : Dr. Deepa K.
  Required : 1 theory period(s)
  Conflicts:
    • division CS1 timetable completely full on: Mon, Tue, Wed, Thu, Fri
WARNING:timetable_generator_engine:Cannot place theory period:
  Subject  : Programming in C
  Division : CS2
  Teacher  : Ms. Sruthy K. Joseph
  Required : 1 theory period(s)
  Conflicts:
    • division CS2 timetable completely full on: Mon, Tue, Wed, Thu, Fri
WARNING:timetable_generator_engine:Cannot place theory period:
  Subject  : Digital Electronics and Logic Design
  Division : CS4
  Teacher  : Ms. Sareena K. K.
  Required : 1 theory period(s)
  Conflicts:
    • division CS4 timetable completely full on: Mon, Tue, Wed, Thu, Fri
WARNING:timetable_generator_engine:Cannot place theory period:
  Subject  : Algorithmic Thinking with Python
  Division : CS1
  Teacher  : Dr. Deepa K.
  Required : 1 theory period(s)
  Conflicts:
    • division CS1 timetable completely full on: Mon, Tue, Wed, Thu, Fri
WARNING:timetable_generator_engine:Cannot place theory period:
  Subject  : Object Oriented Programming
  Division : CS3
  Teacher  : Ms. Anu S
  Required : 1 theory period(s)
  Conflicts:
    • division CS3 timetable completely full on: Mon, Tue, Wed, Thu, Fri
WARNING:timetable_generator_engine:Cannot place theory period:
  Subject  : Programming in C
  Division : CS2
  Teacher  : Ms. Sruthy K. Joseph
  Required : 1 theory period(s)
  Conflicts:
    • division CS2 timetable completely full on: Mon, Tue, Wed, Thu, Fri
WARNING:timetable_generator_engine:Cannot place theory period:
  Subject  : Engineering Graphics and Computer Aided Drawing.
  Division : CS3
  Teacher  : Ms. Divya M. S.
  Required : 1 theory period(s)
  Conflicts:
    • division CS3 timetable completely full on: Mon, Tue, Wed, Thu, Fri
WARNING:timetable_generator_engine:Cannot place theory period:
  Subject  : Programming in C
  Division : CS2
  Teacher  : Ms. Sruthy K. Joseph
  Required : 1 theory period(s)
  Conflicts:
    • division CS2 timetable completely full on: Mon, Tue, Wed, Thu, Fri
WARNING:timetable_generator_engine:Cannot place theory period:
  Subject  : Engineering Graphics and Computer Aided Drawing.
  Division : CS3
  Teacher  : Ms. Divya M. S.
  Required : 1 theory period(s)
  Conflicts:
    • division CS3 timetable completely full on: Mon, Tue, Wed, Thu, Fri
WARNING:timetable_generator_engine:Cannot place theory period:
  Subject  : Programming in C
  Division : CS2
  Teacher  : Ms. Sruthy K. Joseph
  Required : 1 theory period(s)
  Conflicts:
    • division CS2 timetable completely full on: Mon, Tue, Wed, Thu, Fri
WARNING:timetable_generator_engine:Cannot place theory period:
  Subject  : Engineering Graphics and Computer Aided Drawing.
  Division : CS3
  Teacher  : Ms. Divya M. S.
  Required : 1 theory period(s)
  Conflicts:
    • division CS3 timetable completely full on: Mon, Tue, Wed, Thu, Fri
WARNING:timetable_generator_engine:Cannot place theory period:
  Subject  : Programming in C
  Division : CS2
  Teacher  : Ms. Sruthy K. Joseph
  Required : 1 theory period(s)
  Conflicts:
    • division CS2 timetable completely full on: Mon, Tue, Wed, Thu, Fri
WARNING:timetable_generator_engine:Cannot place theory period:
  Subject  : Engineering Graphics and Computer Aided Drawing.
  Division : CS3
  Teacher  : Ms. Divya M. S.
  Required : 1 theory period(s)
  Conflicts:
    • division CS3 timetable completely full on: Mon, Tue, Wed, Thu, Fri
INFO:timetable_generator_engine:  [relaxed pass] Programming in C / CS4: placing 1 missing period(s)
WARNING:timetable_generator_engine:  [relaxed pass] Cannot place Programming in C / CS4 even with relaxed cap
INFO:timetable_generator_engine:  [relaxed pass] Object Oriented Programming / CS3: placing 1 missing period(s)
WARNING:timetable_generator_engine:  [relaxed pass] Cannot place Object Oriented Programming / CS3 even with relaxed cap
INFO:timetable_generator_engine:  [relaxed pass] Engineering Graphics and Computer Aided Drawing. / CS4: placing 1 missing period(s)
WARNING:timetable_generator_engine:  [relaxed pass] Cannot place Engineering Graphics and Computer Aided Drawing. / CS4 even with relaxed cap
INFO:timetable_generator_engine:  [relaxed pass] Programming in C / CS2: placing 5 missing period(s)
WARNING:timetable_generator_engine:  [relaxed pass] Cannot place Programming in C / CS2 even with relaxed cap
INFO:timetable_generator_engine:  [relaxed pass] Engineering Graphics and Computer Aided Drawing. / CS3: placing 4 missing period(s)
WARNING:timetable_generator_engine:  [relaxed pass] Cannot place Engineering Graphics and Computer Aided Drawing. / CS3 even with relaxed cap
INFO:timetable_generator_engine:  [relaxed pass] Foundations of Computing: From Hardware Essentials to Web Design / CS1: placing 1 missing period(s)
WARNING:timetable_generator_engine:  [relaxed pass] Cannot place Foundations of Computing: From Hardware Essentials to Web Design / CS1 even with relaxed cap
INFO:timetable_generator_engine:  [relaxed pass] Digital Electronics and Logic Design / CS4: placing 3 missing period(s)
WARNING:timetable_generator_engine:  [relaxed pass] Cannot place Digital Electronics and Logic Design / CS4 even with relaxed cap
INFO:timetable_generator_engine:  [relaxed pass] Algorithmic Thinking with Python / CS1: placing 4 missing period(s)
WARNING:timetable_generator_engine:  [relaxed pass] Cannot place Algorithmic Thinking with Python / CS1 even with relaxed cap
INFO:timetable_generator_engine:  Attempt 37 (seed=965322) score: 83/100
INFO:timetable_generator_engine:Greedy attempt 38/80 …
WARNING:timetable_generator_engine:Cannot place theory period:
  Subject  : Object Oriented Programming
  Division : CS2
  Teacher  : Ms. Julie Siby
  Required : 1 theory period(s)
  Conflicts:
    • division CS2 timetable completely full on: Mon, Tue, Wed, Thu, Fri
WARNING:timetable_generator_engine:Cannot place theory period:
  Subject  : Object Oriented Programming
  Division : CS2
  Teacher  : Ms. Julie Siby
  Required : 1 theory period(s)
  Conflicts:
    • division CS2 timetable completely full on: Mon, Tue, Wed, Thu, Fri
WARNING:timetable_generator_engine:Cannot place theory period:
  Subject  : Digital Electronics and Logic Design
  Division : CS1
  Teacher  : Mr. Anoop Jose
  Required : 1 theory period(s)
  Conflicts:
    • division CS1 timetable completely full on: Mon, Tue, Wed, Thu, Fri
WARNING:timetable_generator_engine:Cannot place theory period:
  Subject  : Algorithmic Thinking with Python
  Division : CS4
  Teacher  : Ms. Neethu Krishna
  Required : 1 theory period(s)
  Conflicts:
    • division CS4 timetable completely full on: Mon, Tue, Wed, Thu, Fri
WARNING:timetable_generator_engine:Cannot place theory period:
  Subject  : Programming in C
  Division : CS1
  Teacher  : Ms. Meera V. M.
  Required : 1 theory period(s)
  Conflicts:
    • division CS1 timetable completely full on: Mon, Tue, Wed, Thu, Fri
WARNING:timetable_generator_engine:Cannot place theory period:
  Subject  : Engineering Graphics and Computer Aided Drawing.
  Division : CS4
  Teacher  : Dr. Geethu R.
  Required : 1 theory period(s)
  Conflicts:
    • division CS4 timetable completely full on: Mon, Tue, Wed, Thu, Fri
WARNING:timetable_generator_engine:Cannot place theory period:
  Subject  : Object Oriented Programming
  Division : CS2
  Teacher  : Ms. Julie Siby
  Required : 1 theory period(s)
  Conflicts:
    • division CS2 timetable completely full on: Mon, Tue, Wed, Thu, Fri
WARNING:timetable_generator_engine:Cannot place theory period:
  Subject  : Digital Electronics and Logic Design
  Division : CS1
  Teacher  : Mr. Anoop Jose
  Required : 1 theory period(s)
  Conflicts:
    • division CS1 timetable completely full on: Mon, Tue, Wed, Thu, Fri
WARNING:timetable_generator_engine:Cannot place theory period:
  Subject  : Algorithmic Thinking with Python
  Division : CS4
  Teacher  : Ms. Neethu Krishna
  Required : 1 theory period(s)
  Conflicts:
    • division CS4 timetable completely full on: Mon, Tue, Wed, Thu, Fri
WARNING:timetable_generator_engine:Cannot place theory period:
  Subject  : Object Oriented Programming
  Division : CS2
  Teacher  : Ms. Julie Siby
  Required : 1 theory period(s)
  Conflicts:
    • division CS2 timetable completely full on: Mon, Tue, Wed, Thu, Fri
WARNING:timetable_generator_engine:Cannot place theory period:
  Subject  : Digital Electronics and Logic Design
  Division : CS1
  Teacher  : Mr. Anoop Jose
  Required : 1 theory period(s)
  Conflicts:
    • division CS1 timetable completely full on: Mon, Tue, Wed, Thu, Fri
WARNING:timetable_generator_engine:Cannot place theory period:
  Subject  : Algorithmic Thinking with Python
  Division : CS4
  Teacher  : Ms. Neethu Krishna
  Required : 1 theory period(s)
  Conflicts:
    • division CS4 timetable completely full on: Mon, Tue, Wed, Thu, Fri
WARNING:timetable_generator_engine:Cannot place theory period:
  Subject  : Object Oriented Programming
  Division : CS2
  Teacher  : Ms. Julie Siby
  Required : 1 theory period(s)
  Conflicts:
    • division CS2 timetable completely full on: Mon, Tue, Wed, Thu, Fri
WARNING:timetable_generator_engine:Cannot place theory period:
  Subject  : Digital Electronics and Logic Design
  Division : CS1
  Teacher  : Mr. Anoop Jose
  Required : 1 theory period(s)
  Conflicts:
    • division CS1 timetable completely full on: Mon, Tue, Wed, Thu, Fri
WARNING:timetable_generator_engine:Cannot place theory period:
  Subject  : Algorithmic Thinking with Python
  Division : CS4
  Teacher  : Ms. Neethu Krishna
  Required : 1 theory period(s)
  Conflicts:
    • division CS4 timetable completely full on: Mon, Tue, Wed, Thu, Fri
WARNING:timetable_generator_engine:Cannot place theory period:
  Subject  : Engineering Graphics and Computer Aided Drawing.
  Division : CS3
  Teacher  : Ms. Divya M. S.
  Required : 1 theory period(s)
  Conflicts:
    • division CS3 timetable completely full on: Mon, Tue, Wed, Thu, Fri
WARNING:timetable_generator_engine:Cannot place theory period:
  Subject  : Programming in C
  Division : CS3
  Teacher  : Ms. Demy Devassy
  Required : 1 theory period(s)
  Conflicts:
    • division CS3 timetable completely full on: Mon, Tue, Wed, Thu, Fri
WARNING:timetable_generator_engine:Cannot place theory period:
  Subject  : Engineering Graphics and Computer Aided Drawing.
  Division : CS3
  Teacher  : Ms. Divya M. S.
  Required : 1 theory period(s)
  Conflicts:
    • division CS3 timetable completely full on: Mon, Tue, Wed, Thu, Fri
WARNING:timetable_generator_engine:Cannot place theory period:
  Subject  : Programming in C
  Division : CS3
  Teacher  : Ms. Demy Devassy
  Required : 1 theory period(s)
  Conflicts:
    • division CS3 timetable completely full on: Mon, Tue, Wed, Thu, Fri
WARNING:timetable_generator_engine:Cannot place theory period:
  Subject  : Engineering Graphics and Computer Aided Drawing.
  Division : CS3
  Teacher  : Ms. Divya M. S.
  Required : 1 theory period(s)
  Conflicts:
    • division CS3 timetable completely full on: Mon, Tue, Wed, Thu, Fri
INFO:timetable_generator_engine:  [relaxed pass] Engineering Graphics and Computer Aided Drawing. / CS4: placing 1 missing period(s)
WARNING:timetable_generator_engine:  [relaxed pass] Cannot place Engineering Graphics and Computer Aided Drawing. / CS4 even with relaxed cap
INFO:timetable_generator_engine:  [relaxed pass] Object Oriented Programming / CS2: placing 5 missing period(s)
WARNING:timetable_generator_engine:  [relaxed pass] Cannot place Object Oriented Programming / CS2 even with relaxed cap
INFO:timetable_generator_engine:  [relaxed pass] Engineering Graphics and Computer Aided Drawing. / CS3: placing 3 missing period(s)
WARNING:timetable_generator_engine:  [relaxed pass] Cannot place Engineering Graphics and Computer Aided Drawing. / CS3 even with relaxed cap
INFO:timetable_generator_engine:  [relaxed pass] Programming in C / CS1: placing 1 missing period(s)
WARNING:timetable_generator_engine:  [relaxed pass] Cannot place Programming in C / CS1 even with relaxed cap
INFO:timetable_generator_engine:  [relaxed pass] Algorithmic Thinking with Python / CS4: placing 4 missing period(s)
WARNING:timetable_generator_engine:  [relaxed pass] Cannot place Algorithmic Thinking with Python / CS4 even with relaxed cap
INFO:timetable_generator_engine:  [relaxed pass] Digital Electronics and Logic Design / CS1: placing 4 missing period(s)
WARNING:timetable_generator_engine:  [relaxed pass] Cannot place Digital Electronics and Logic Design / CS1 even with relaxed cap
INFO:timetable_generator_engine:  [relaxed pass] Programming in C / CS3: placing 2 missing period(s)
WARNING:timetable_generator_engine:  [relaxed pass] Cannot place Programming in C / CS3 even with relaxed cap
INFO:timetable_generator_engine:  Attempt 38 (seed=951939) score: 89/100
INFO:timetable_generator_engine:Greedy attempt 39/80 …
WARNING:timetable_generator_engine:Cannot place theory period:
  Subject  : Foundations of Computing: From Hardware Essentials to Web Design
  Division : CS1
  Teacher  : Dr. Manish T. I.
  Required : 1 theory period(s)
  Conflicts:
    • division CS1 timetable completely full on: Mon, Tue, Wed, Thu, Fri
WARNING:timetable_generator_engine:Cannot place theory period:
  Subject  : Engineering Graphics and Computer Aided Drawing.
  Division : CS3
  Teacher  : Ms. Divya M. S.
  Required : 1 theory period(s)
  Conflicts:
    • division CS3 timetable completely full on: Mon, Tue, Wed, Thu, Fri
WARNING:timetable_generator_engine:Cannot place theory period:
  Subject  : Object Oriented Programming
  Division : CS1
  Teacher  : Ms. Sanooja Beegam M. A.
  Required : 1 theory period(s)
  Conflicts:
    • division CS1 timetable completely full on: Mon, Tue, Wed, Thu, Fri
WARNING:timetable_generator_engine:Cannot place theory period:
  Subject  : Digital Electronics and Logic Design
  Division : CS1
  Teacher  : Mr. Anoop Jose
  Required : 1 theory period(s)
  Conflicts:
    • division CS1 timetable completely full on: Mon, Tue, Wed, Thu, Fri
WARNING:timetable_generator_engine:Cannot place theory period:
  Subject  : Algorithmic Thinking with Python
  Division : CS3
  Teacher  : Dr. Varun G. Menon
  Required : 1 theory period(s)
  Conflicts:
    • division CS3 timetable completely full on: Mon, Tue, Wed, Thu, Fri
WARNING:timetable_generator_engine:Cannot place theory period:
  Subject  : Foundations of Computing: From Hardware Essentials to Web Design
  Division : CS1
  Teacher  : Dr. Manish T. I.
  Required : 1 theory period(s)
  Conflicts:
    • division CS1 timetable completely full on: Mon, Tue, Wed, Thu, Fri
WARNING:timetable_generator_engine:Cannot place theory period:
  Subject  : Engineering Graphics and Computer Aided Drawing.
  Division : CS3
  Teacher  : Ms. Divya M. S.
  Required : 1 theory period(s)
  Conflicts:
    • division CS3 timetable completely full on: Mon, Tue, Wed, Thu, Fri
WARNING:timetable_generator_engine:Cannot place theory period:
  Subject  : Foundations of Computing: From Hardware Essentials to Web Design
  Division : CS1
  Teacher  : Dr. Manish T. I.
  Required : 1 theory period(s)
  Conflicts:
    • division CS1 timetable completely full on: Mon, Tue, Wed, Thu, Fri
WARNING:timetable_generator_engine:Cannot place theory period:
  Subject  : Engineering Graphics and Computer Aided Drawing.
  Division : CS3
  Teacher  : Ms. Divya M. S.
  Required : 1 theory period(s)
  Conflicts:
    • division CS3 timetable completely full on: Mon, Tue, Wed, Thu, Fri
WARNING:timetable_generator_engine:Cannot place theory period:
  Subject  : Engineering Graphics and Computer Aided Drawing.
  Division : CS3
  Teacher  : Ms. Divya M. S.
  Required : 1 theory period(s)
  Conflicts:
    • division CS3 timetable completely full on: Mon, Tue, Wed, Thu, Fri
WARNING:timetable_generator_engine:Cannot place theory period:
  Subject  : Algorithmic Thinking with Python
  Division : CS4
  Teacher  : Ms. Neethu Krishna
  Required : 1 theory period(s)
  Conflicts:
    • division CS4 timetable completely full on: Mon, Tue, Wed, Thu, Fri
WARNING:timetable_generator_engine:Cannot place theory period:
  Subject  : Object Oriented Programming
  Division : CS4
  Teacher  : Ms. Neethu Roy
  Required : 1 theory period(s)
  Conflicts:
    • division CS4 timetable completely full on: Mon, Tue, Wed, Thu, Fri
WARNING:timetable_generator_engine:Cannot place theory period:
  Subject  : Algorithmic Thinking with Python
  Division : CS4
  Teacher  : Ms. Neethu Krishna
  Required : 1 theory period(s)
  Conflicts:
    • division CS4 timetable completely full on: Mon, Tue, Wed, Thu, Fri
WARNING:timetable_generator_engine:Cannot place theory period:
  Subject  : Object Oriented Programming
  Division : CS4
  Teacher  : Ms. Neethu Roy
  Required : 1 theory period(s)
  Conflicts:
    • division CS4 timetable completely full on: Mon, Tue, Wed, Thu, Fri
WARNING:timetable_generator_engine:Cannot place theory period:
  Subject  : Algorithmic Thinking with Python
  Division : CS4
  Teacher  : Ms. Neethu Krishna
  Required : 1 theory period(s)
  Conflicts:
    • division CS4 timetable completely full on: Mon, Tue, Wed, Thu, Fri
WARNING:timetable_generator_engine:Cannot place theory period:
  Subject  : Engineering Graphics and Computer Aided Drawing.
  Division : CS2
  Teacher  : Ms. Preema T. S.
  Required : 1 theory period(s)
  Conflicts:
    • division CS2 timetable completely full on: Mon, Tue, Wed, Thu, Fri
WARNING:timetable_generator_engine:Cannot place theory period:
  Subject  : Programming in C
  Division : CS2
  Teacher  : Ms. Sruthy K. Joseph
  Required : 1 theory period(s)
  Conflicts:
    • division CS2 timetable completely full on: Mon, Tue, Wed, Thu, Fri
WARNING:timetable_generator_engine:Cannot place theory period:
  Subject  : Engineering Graphics and Computer Aided Drawing.
  Division : CS2
  Teacher  : Ms. Preema T. S.
  Required : 1 theory period(s)
  Conflicts:
    • division CS2 timetable completely full on: Mon, Tue, Wed, Thu, Fri
WARNING:timetable_generator_engine:Cannot place theory period:
  Subject  : Programming in C
  Division : CS2
  Teacher  : Ms. Sruthy K. Joseph
  Required : 1 theory period(s)
  Conflicts:
    • division CS2 timetable completely full on: Mon, Tue, Wed, Thu, Fri
WARNING:timetable_generator_engine:Cannot place theory period:
  Subject  : Engineering Graphics and Computer Aided Drawing.
  Division : CS2
  Teacher  : Ms. Preema T. S.
  Required : 1 theory period(s)
  Conflicts:
    • division CS2 timetable completely full on: Mon, Tue, Wed, Thu, Fri
INFO:timetable_generator_engine:  [relaxed pass] Object Oriented Programming / CS1: placing 1 missing period(s)
WARNING:timetable_generator_engine:  [relaxed pass] Cannot place Object Oriented Programming / CS1 even with relaxed cap
INFO:timetable_generator_engine:  [relaxed pass] Digital Electronics and Logic Design / CS1: placing 1 missing period(s)
WARNING:timetable_generator_engine:  [relaxed pass] Cannot place Digital Electronics and Logic Design / CS1 even with relaxed cap
INFO:timetable_generator_engine:  [relaxed pass] Algorithmic Thinking with Python / CS3: placing 1 missing period(s)
WARNING:timetable_generator_engine:  [relaxed pass] Cannot place Algorithmic Thinking with Python / CS3 even with relaxed cap
INFO:timetable_generator_engine:  [relaxed pass] Engineering Graphics and Computer Aided Drawing. / CS3: placing 4 missing period(s)
WARNING:timetable_generator_engine:  [relaxed pass] Cannot place Engineering Graphics and Computer Aided Drawing. / CS3 even with relaxed cap
INFO:timetable_generator_engine:  [relaxed pass] Object Oriented Programming / CS4: placing 2 missing period(s)
WARNING:timetable_generator_engine:  [relaxed pass] Cannot place Object Oriented Programming / CS4 even with relaxed cap
INFO:timetable_generator_engine:  [relaxed pass] Engineering Graphics and Computer Aided Drawing. / CS2: placing 3 missing period(s)
WARNING:timetable_generator_engine:  [relaxed pass] Cannot place Engineering Graphics and Computer Aided Drawing. / CS2 even with relaxed cap
INFO:timetable_generator_engine:  [relaxed pass] Programming in C / CS2: placing 2 missing period(s)
WARNING:timetable_generator_engine:  [relaxed pass] Cannot place Programming in C / CS2 even with relaxed cap
INFO:timetable_generator_engine:  [relaxed pass] Foundations of Computing: From Hardware Essentials to Web Design / CS1: placing 3 missing period(s)
WARNING:timetable_generator_engine:  [relaxed pass] Cannot place Foundations of Computing: From Hardware Essentials to Web Design / CS1 even with relaxed cap
INFO:timetable_generator_engine:  [relaxed pass] Algorithmic Thinking with Python / CS4: placing 3 missing period(s)
WARNING:timetable_generator_engine:  [relaxed pass] Cannot place Algorithmic Thinking with Python / CS4 even with relaxed cap
INFO:timetable_generator_engine:  Attempt 39 (seed=549390) score: 90/100
INFO:timetable_generator_engine:Greedy attempt 40/80 …
WARNING:timetable_generator_engine:Cannot place theory period:
  Subject  : Digital Electronics and Logic Design
  Division : CS4
  Teacher  : Ms. Sareena K. K.
  Required : 1 theory period(s)
  Conflicts:
    • division CS4 timetable completely full on: Mon, Tue, Wed, Thu, Fri
WARNING:timetable_generator_engine:Cannot place theory period:
  Subject  : Foundations of Computing: From Hardware Essentials to Web Design
  Division : CS4
  Teacher  : Ms. Doney Daniel
  Required : 1 theory period(s)
  Conflicts:
    • division CS4 timetable completely full on: Mon, Tue, Wed, Thu, Fri
WARNING:timetable_generator_engine:Cannot place theory period:
  Subject  : Digital Electronics and Logic Design
  Division : CS4
  Teacher  : Ms. Sareena K. K.
  Required : 1 theory period(s)
  Conflicts:
    • division CS4 timetable completely full on: Mon, Tue, Wed, Thu, Fri
WARNING:timetable_generator_engine:Cannot place theory period:
  Subject  : Foundations of Computing: From Hardware Essentials to Web Design
  Division : CS4
  Teacher  : Ms. Doney Daniel
  Required : 1 theory period(s)
  Conflicts:
    • division CS4 timetable completely full on: Mon, Tue, Wed, Thu, Fri
WARNING:timetable_generator_engine:Cannot place theory period:
  Subject  : Object Oriented Programming
  Division : CS3
  Teacher  : Ms. Anu S
  Required : 1 theory period(s)
  Conflicts:
    • division CS3 timetable completely full on: Mon, Tue, Wed, Thu, Fri
WARNING:timetable_generator_engine:Cannot place theory period:
  Subject  : Foundations of Computing: From Hardware Essentials to Web Design
  Division : CS4
  Teacher  : Ms. Doney Daniel
  Required : 1 theory period(s)
  Conflicts:
    • division CS4 timetable completely full on: Mon, Tue, Wed, Thu, Fri
WARNING:timetable_generator_engine:Cannot place theory period:
  Subject  : Object Oriented Programming
  Division : CS3
  Teacher  : Ms. Anu S
  Required : 1 theory period(s)
  Conflicts:
    • division CS3 timetable completely full on: Mon, Tue, Wed, Thu, Fri
WARNING:timetable_generator_engine:Cannot place theory period:
  Subject  : Object Oriented Programming
  Division : CS3
  Teacher  : Ms. Anu S
  Required : 1 theory period(s)
  Conflicts:
    • division CS3 timetable completely full on: Mon, Tue, Wed, Thu, Fri
WARNING:timetable_generator_engine:Cannot place theory period:
  Subject  : Object Oriented Programming
  Division : CS3
  Teacher  : Ms. Anu S
  Required : 1 theory period(s)
  Conflicts:
    • division CS3 timetable completely full on: Mon, Tue, Wed, Thu, Fri
WARNING:timetable_generator_engine:Cannot place theory period:
  Subject  : Digital Electronics and Logic Design
  Division : CS1
  Teacher  : Mr. Anoop Jose
  Required : 1 theory period(s)
  Conflicts:
    • division CS1 timetable completely full on: Mon, Tue, Wed, Thu, Fri
WARNING:timetable_generator_engine:Cannot place theory period:
  Subject  : Object Oriented Programming
  Division : CS3
  Teacher  : Ms. Anu S
  Required : 1 theory period(s)
  Conflicts:
    • division CS3 timetable completely full on: Mon, Tue, Wed, Thu, Fri
WARNING:timetable_generator_engine:Cannot place theory period:
  Subject  : Algorithmic Thinking with Python
  Division : CS2
  Teacher  : Ms. Bini Omman
  Required : 1 theory period(s)
  Conflicts:
    • division CS2 timetable completely full on: Mon, Tue, Wed, Thu, Fri
WARNING:timetable_generator_engine:Cannot place theory period:
  Subject  : Engineering Graphics and Computer Aided Drawing.
  Division : CS1
  Teacher  : Ms. Jane Theresa
  Required : 1 theory period(s)
  Conflicts:
    • division CS1 timetable completely full on: Mon, Tue, Wed, Thu, Fri
WARNING:timetable_generator_engine:Cannot place theory period:
  Subject  : Programming in C
  Division : CS2
  Teacher  : Ms. Sruthy K. Joseph
  Required : 1 theory period(s)
  Conflicts:
    • division CS2 timetable completely full on: Mon, Tue, Wed, Thu, Fri
WARNING:timetable_generator_engine:Cannot place theory period:
  Subject  : Engineering Graphics and Computer Aided Drawing.
  Division : CS1
  Teacher  : Ms. Jane Theresa
  Required : 1 theory period(s)
  Conflicts:
    • division CS1 timetable completely full on: Mon, Tue, Wed, Thu, Fri
WARNING:timetable_generator_engine:Cannot place theory period:
  Subject  : Programming in C
  Division : CS2
  Teacher  : Ms. Sruthy K. Joseph
  Required : 1 theory period(s)
  Conflicts:
    • division CS2 timetable completely full on: Mon, Tue, Wed, Thu, Fri
WARNING:timetable_generator_engine:Cannot place theory period:
  Subject  : Engineering Graphics and Computer Aided Drawing.
  Division : CS1
  Teacher  : Ms. Jane Theresa
  Required : 1 theory period(s)
  Conflicts:
    • division CS1 timetable completely full on: Mon, Tue, Wed, Thu, Fri
WARNING:timetable_generator_engine:Cannot place theory period:
  Subject  : Programming in C
  Division : CS2
  Teacher  : Ms. Sruthy K. Joseph
  Required : 1 theory period(s)
  Conflicts:
    • division CS2 timetable completely full on: Mon, Tue, Wed, Thu, Fri
WARNING:timetable_generator_engine:Cannot place theory period:
  Subject  : Engineering Graphics and Computer Aided Drawing.
  Division : CS1
  Teacher  : Ms. Jane Theresa
  Required : 1 theory period(s)
  Conflicts:
    • division CS1 timetable completely full on: Mon, Tue, Wed, Thu, Fri
WARNING:timetable_generator_engine:Cannot place theory period:
  Subject  : Programming in C
  Division : CS2
  Teacher  : Ms. Sruthy K. Joseph
  Required : 1 theory period(s)
  Conflicts:
    • division CS2 timetable completely full on: Mon, Tue, Wed, Thu, Fri
INFO:timetable_generator_engine:  [relaxed pass] Digital Electronics and Logic Design / CS4: placing 2 missing period(s)
WARNING:timetable_generator_engine:  [relaxed pass] Cannot place Digital Electronics and Logic Design / CS4 even with relaxed cap
INFO:timetable_generator_engine:  [relaxed pass] Algorithmic Thinking with Python / CS2: placing 1 missing period(s)
WARNING:timetable_generator_engine:  [relaxed pass] Cannot place Algorithmic Thinking with Python / CS2 even with relaxed cap
INFO:timetable_generator_engine:  [relaxed pass] Foundations of Computing: From Hardware Essentials to Web Design / CS4: placing 3 missing period(s)
WARNING:timetable_generator_engine:  [relaxed pass] Cannot place Foundations of Computing: From Hardware Essentials to Web Design / CS4 even with relaxed cap
INFO:timetable_generator_engine:  [relaxed pass] Digital Electronics and Logic Design / CS1: placing 1 missing period(s)
WARNING:timetable_generator_engine:  [relaxed pass] Cannot place Digital Electronics and Logic Design / CS1 even with relaxed cap
INFO:timetable_generator_engine:  [relaxed pass] Engineering Graphics and Computer Aided Drawing. / CS1: placing 4 missing period(s)
WARNING:timetable_generator_engine:  [relaxed pass] Cannot place Engineering Graphics and Computer Aided Drawing. / CS1 even with relaxed cap
INFO:timetable_generator_engine:  [relaxed pass] Object Oriented Programming / CS3: placing 5 missing period(s)
WARNING:timetable_generator_engine:  [relaxed pass] Cannot place Object Oriented Programming / CS3 even with relaxed cap
INFO:timetable_generator_engine:  [relaxed pass] Programming in C / CS2: placing 4 missing period(s)
WARNING:timetable_generator_engine:  [relaxed pass] Cannot place Programming in C / CS2 even with relaxed cap
INFO:timetable_generator_engine:  Attempt 40 (seed=583269) score: 86/100
INFO:timetable_generator_engine:Greedy attempt 41/80 …
WARNING:timetable_generator_engine:Cannot place theory period:
  Subject  : Algorithmic Thinking with Python
  Division : CS2
  Teacher  : Ms. Bini Omman
  Required : 1 theory period(s)
  Conflicts:
    • division CS2 timetable completely full on: Mon, Tue, Wed, Fri
WARNING:timetable_generator_engine:Cannot place theory period:
  Subject  : Algorithmic Thinking with Python
  Division : CS1
  Teacher  : Dr. Deepa K.
  Required : 1 theory period(s)
  Conflicts:
    • division CS1 timetable completely full on: Mon, Tue, Wed, Thu, Fri
WARNING:timetable_generator_engine:Cannot place theory period:
  Subject  : Digital Electronics and Logic Design
  Division : CS2
  Teacher  : Ms. Smera Thomas
  Required : 1 theory period(s)
  Conflicts:
    • division CS2 timetable completely full on: Mon, Tue, Wed, Thu, Fri
WARNING:timetable_generator_engine:Cannot place theory period:
  Subject  : Programming in C
  Division : CS1
  Teacher  : Ms. Meera V. M.
  Required : 1 theory period(s)
  Conflicts:
    • division CS1 timetable completely full on: Mon, Tue, Wed, Thu, Fri
WARNING:timetable_generator_engine:Cannot place theory period:
  Subject  : Algorithmic Thinking with Python
  Division : CS1
  Teacher  : Dr. Deepa K.
  Required : 1 theory period(s)
  Conflicts:
    • division CS1 timetable completely full on: Mon, Tue, Wed, Thu, Fri
WARNING:timetable_generator_engine:Cannot place theory period:
  Subject  : Digital Electronics and Logic Design
  Division : CS2
  Teacher  : Ms. Smera Thomas
  Required : 1 theory period(s)
  Conflicts:
    • division CS2 timetable completely full on: Mon, Tue, Wed, Thu, Fri
WARNING:timetable_generator_engine:Cannot place theory period:
  Subject  : Algorithmic Thinking with Python
  Division : CS1
  Teacher  : Dr. Deepa K.
  Required : 1 theory period(s)
  Conflicts:
    • division CS1 timetable completely full on: Mon, Tue, Wed, Thu, Fri
WARNING:timetable_generator_engine:Cannot place theory period:
  Subject  : Digital Electronics and Logic Design
  Division : CS2
  Teacher  : Ms. Smera Thomas
  Required : 1 theory period(s)
  Conflicts:
    • division CS2 timetable completely full on: Mon, Tue, Wed, Thu, Fri
WARNING:timetable_generator_engine:Cannot place theory period:
  Subject  : Programming in C
  Division : CS3
  Teacher  : Ms. Demy Devassy
  Required : 1 theory period(s)
  Conflicts:
    • division CS3 timetable completely full on: Mon, Tue, Wed, Thu, Fri
WARNING:timetable_generator_engine:Cannot place theory period:
  Subject  : Algorithmic Thinking with Python
  Division : CS1
  Teacher  : Dr. Deepa K.
  Required : 1 theory period(s)
  Conflicts:
    • division CS1 timetable completely full on: Mon, Tue, Wed, Thu, Fri
WARNING:timetable_generator_engine:Cannot place theory period:
  Subject  : Object Oriented Programming
  Division : CS4
  Teacher  : Ms. Neethu Roy
  Required : 1 theory period(s)
  Conflicts:
    • division CS4 timetable completely full on: Mon, Tue, Wed, Thu, Fri
WARNING:timetable_generator_engine:Cannot place theory period:
  Subject  : Digital Electronics and Logic Design
  Division : CS2
  Teacher  : Ms. Smera Thomas
  Required : 1 theory period(s)
  Conflicts:
    • division CS2 timetable completely full on: Mon, Tue, Wed, Thu, Fri
WARNING:timetable_generator_engine:Cannot place theory period:
  Subject  : Programming in C
  Division : CS3
  Teacher  : Ms. Demy Devassy
  Required : 1 theory period(s)
  Conflicts:
    • division CS3 timetable completely full on: Mon, Tue, Wed, Thu, Fri
WARNING:timetable_generator_engine:Cannot place theory period:
  Subject  : Engineering Graphics and Computer Aided Drawing.
  Division : CS4
  Teacher  : Dr. Geethu R.
  Required : 1 theory period(s)
  Conflicts:
    • division CS4 timetable completely full on: Mon, Tue, Wed, Thu, Fri
WARNING:timetable_generator_engine:Cannot place theory period:
  Subject  : Programming in C
  Division : CS3
  Teacher  : Ms. Demy Devassy
  Required : 1 theory period(s)
  Conflicts:
    • division CS3 timetable completely full on: Mon, Tue, Wed, Thu, Fri
WARNING:timetable_generator_engine:Cannot place theory period:
  Subject  : Engineering Graphics and Computer Aided Drawing.
  Division : CS4
  Teacher  : Dr. Geethu R.
  Required : 1 theory period(s)
  Conflicts:
    • division CS4 timetable completely full on: Mon, Tue, Wed, Thu, Fri
WARNING:timetable_generator_engine:Cannot place theory period:
  Subject  : Programming in C
  Division : CS3
  Teacher  : Ms. Demy Devassy
  Required : 1 theory period(s)
  Conflicts:
    • division CS3 timetable completely full on: Mon, Tue, Wed, Thu, Fri
WARNING:timetable_generator_engine:Cannot place theory period:
  Subject  : Engineering Graphics and Computer Aided Drawing.
  Division : CS4
  Teacher  : Dr. Geethu R.
  Required : 1 theory period(s)
  Conflicts:
    • division CS4 timetable completely full on: Mon, Tue, Wed, Thu, Fri
WARNING:timetable_generator_engine:Cannot place theory period:
  Subject  : Programming in C
  Division : CS3
  Teacher  : Ms. Demy Devassy
  Required : 1 theory period(s)
  Conflicts:
    • division CS3 timetable completely full on: Mon, Tue, Wed, Thu, Fri
WARNING:timetable_generator_engine:Cannot place theory period:
  Subject  : Engineering Graphics and Computer Aided Drawing.
  Division : CS4
  Teacher  : Dr. Geethu R.
  Required : 1 theory period(s)
  Conflicts:
    • division CS4 timetable completely full on: Mon, Tue, Wed, Thu, Fri
INFO:timetable_generator_engine:  [relaxed pass] Programming in C / CS1: placing 1 missing period(s)
WARNING:timetable_generator_engine:  [relaxed pass] Cannot place Programming in C / CS1 even with relaxed cap
INFO:timetable_generator_engine:  [relaxed pass] Algorithmic Thinking with Python / CS2: placing 1 missing period(s)
WARNING:timetable_generator_engine:  [relaxed pass] Cannot place Algorithmic Thinking with Python / CS2 even with relaxed cap
INFO:timetable_generator_engine:  [relaxed pass] Object Oriented Programming / CS4: placing 1 missing period(s)
WARNING:timetable_generator_engine:  [relaxed pass] Cannot place Object Oriented Programming / CS4 even with relaxed cap
INFO:timetable_generator_engine:  [relaxed pass] Programming in C / CS3: placing 5 missing period(s)
WARNING:timetable_generator_engine:  [relaxed pass] Cannot place Programming in C / CS3 even with relaxed cap
INFO:timetable_generator_engine:  [relaxed pass] Engineering Graphics and Computer Aided Drawing. / CS4: placing 4 missing period(s)
WARNING:timetable_generator_engine:  [relaxed pass] Cannot place Engineering Graphics and Computer Aided Drawing. / CS4 even with relaxed cap
INFO:timetable_generator_engine:  [relaxed pass] Digital Electronics and Logic Design / CS2: placing 4 missing period(s)
WARNING:timetable_generator_engine:  [relaxed pass] Cannot place Digital Electronics and Logic Design / CS2 even with relaxed cap
INFO:timetable_generator_engine:  [relaxed pass] Algorithmic Thinking with Python / CS1: placing 4 missing period(s)
WARNING:timetable_generator_engine:  [relaxed pass] Cannot place Algorithmic Thinking with Python / CS1 even with relaxed cap
INFO:timetable_generator_engine:  Attempt 41 (seed=954264) score: 92/100
INFO:timetable_generator_engine:Greedy attempt 42/80 …
WARNING:timetable_generator_engine:Cannot place theory period:
  Subject  : Foundations of Computing: From Hardware Essentials to Web Design
  Division : CS3
  Teacher  : Ms. Greshma P Sebastian
  Required : 1 theory period(s)
  Conflicts:
    • division CS3 timetable completely full on: Mon, Tue, Wed, Thu, Fri
WARNING:timetable_generator_engine:Cannot place theory period:
  Subject  : Engineering Graphics and Computer Aided Drawing.
  Division : CS3
  Teacher  : Ms. Divya M. S.
  Required : 1 theory period(s)
  Conflicts:
    • division CS3 timetable completely full on: Mon, Tue, Wed, Thu, Fri
WARNING:timetable_generator_engine:Cannot place theory period:
  Subject  : Foundations of Computing: From Hardware Essentials to Web Design
  Division : CS3
  Teacher  : Ms. Greshma P Sebastian
  Required : 1 theory period(s)
  Conflicts:
    • division CS3 timetable completely full on: Mon, Tue, Wed, Thu, Fri
WARNING:timetable_generator_engine:Cannot place theory period:
  Subject  : Engineering Graphics and Computer Aided Drawing.
  Division : CS3
  Teacher  : Ms. Divya M. S.
  Required : 1 theory period(s)
  Conflicts:
    • division CS3 timetable completely full on: Mon, Tue, Wed, Thu, Fri
WARNING:timetable_generator_engine:Cannot place theory period:
  Subject  : Foundations of Computing: From Hardware Essentials to Web Design
  Division : CS3
  Teacher  : Ms. Greshma P Sebastian
  Required : 1 theory period(s)
  Conflicts:
    • division CS3 timetable completely full on: Mon, Tue, Wed, Thu, Fri
WARNING:timetable_generator_engine:Cannot place theory period:
  Subject  : Object Oriented Programming
  Division : CS1
  Teacher  : Ms. Sanooja Beegam M. A.
  Required : 1 theory period(s)
  Conflicts:
    • division CS1 timetable completely full on: Mon, Tue, Wed, Thu, Fri
WARNING:timetable_generator_engine:Cannot place theory period:
  Subject  : Programming in C
  Division : CS1
  Teacher  : Ms. Meera V. M.
  Required : 1 theory period(s)
  Conflicts:
    • division CS1 timetable completely full on: Mon, Tue, Wed, Thu, Fri
WARNING:timetable_generator_engine:Cannot place theory period:
  Subject  : Object Oriented Programming
  Division : CS1
  Teacher  : Ms. Sanooja Beegam M. A.
  Required : 1 theory period(s)
  Conflicts:
    • division CS1 timetable completely full on: Mon, Tue, Wed, Thu, Fri
WARNING:timetable_generator_engine:Cannot place theory period:
  Subject  : Object Oriented Programming
  Division : CS1
  Teacher  : Ms. Sanooja Beegam M. A.
  Required : 1 theory period(s)
  Conflicts:
    • division CS1 timetable completely full on: Mon, Tue, Wed, Thu, Fri
WARNING:timetable_generator_engine:Cannot place theory period:
  Subject  : Object Oriented Programming
  Division : CS1
  Teacher  : Ms. Sanooja Beegam M. A.
  Required : 1 theory period(s)
  Conflicts:
    • division CS1 timetable completely full on: Mon, Tue, Wed, Thu, Fri
WARNING:timetable_generator_engine:Cannot place theory period:
  Subject  : Digital Electronics and Logic Design
  Division : CS2
  Teacher  : Ms. Smera Thomas
  Required : 1 theory period(s)
  Conflicts:
    • division CS2 timetable completely full on: Mon, Tue, Wed, Thu, Fri
WARNING:timetable_generator_engine:Cannot place theory period:
  Subject  : Algorithmic Thinking with Python
  Division : CS4
  Teacher  : Ms. Neethu Krishna
  Required : 1 theory period(s)
  Conflicts:
    • division CS4 timetable completely full on: Mon, Tue, Wed, Thu, Fri
WARNING:timetable_generator_engine:Cannot place theory period:
  Subject  : Engineering Graphics and Computer Aided Drawing.
  Division : CS4
  Teacher  : Dr. Geethu R.
  Required : 1 theory period(s)
  Conflicts:
    • division CS4 timetable completely full on: Mon, Tue, Wed, Thu, Fri
WARNING:timetable_generator_engine:Cannot place theory period:
  Subject  : Programming in C
  Division : CS2
  Teacher  : Ms. Sruthy K. Joseph
  Required : 1 theory period(s)
  Conflicts:
    • division CS2 timetable completely full on: Mon, Tue, Wed, Thu, Fri
WARNING:timetable_generator_engine:Cannot place theory period:
  Subject  : Engineering Graphics and Computer Aided Drawing.
  Division : CS4
  Teacher  : Dr. Geethu R.
  Required : 1 theory period(s)
  Conflicts:
    • division CS4 timetable completely full on: Mon, Tue, Wed, Thu, Fri
WARNING:timetable_generator_engine:Cannot place theory period:
  Subject  : Programming in C
  Division : CS2
  Teacher  : Ms. Sruthy K. Joseph
  Required : 1 theory period(s)
  Conflicts:
    • division CS2 timetable completely full on: Mon, Tue, Wed, Thu, Fri
WARNING:timetable_generator_engine:Cannot place theory period:
  Subject  : Engineering Graphics and Computer Aided Drawing.
  Division : CS4
  Teacher  : Dr. Geethu R.
  Required : 1 theory period(s)
  Conflicts:
    • division CS4 timetable completely full on: Mon, Tue, Wed, Thu, Fri
WARNING:timetable_generator_engine:Cannot place theory period:
  Subject  : Programming in C
  Division : CS2
  Teacher  : Ms. Sruthy K. Joseph
  Required : 1 theory period(s)
  Conflicts:
    • division CS2 timetable completely full on: Mon, Tue, Wed, Thu, Fri
WARNING:timetable_generator_engine:Cannot place theory period:
  Subject  : Engineering Graphics and Computer Aided Drawing.
  Division : CS4
  Teacher  : Dr. Geethu R.
  Required : 1 theory period(s)
  Conflicts:
    • division CS4 timetable completely full on: Mon, Tue, Wed, Thu, Fri
WARNING:timetable_generator_engine:Cannot place theory period:
  Subject  : Programming in C
  Division : CS2
  Teacher  : Ms. Sruthy K. Joseph
  Required : 1 theory period(s)
  Conflicts:
    • division CS2 timetable completely full on: Mon, Tue, Wed, Thu, Fri
INFO:timetable_generator_engine:  [relaxed pass] Programming in C / CS1: placing 1 missing period(s)
WARNING:timetable_generator_engine:  [relaxed pass] Cannot place Programming in C / CS1 even with relaxed cap
INFO:timetable_generator_engine:  [relaxed pass] Engineering Graphics and Computer Aided Drawing. / CS3: placing 2 missing period(s)
WARNING:timetable_generator_engine:  [relaxed pass] Cannot place Engineering Graphics and Computer Aided Drawing. / CS3 even with relaxed cap
INFO:timetable_generator_engine:  [relaxed pass] Foundations of Computing: From Hardware Essentials to Web Design / CS3: placing 3 missing period(s)
WARNING:timetable_generator_engine:  [relaxed pass] Cannot place Foundations of Computing: From Hardware Essentials to Web Design / CS3 even with relaxed cap
INFO:timetable_generator_engine:  [relaxed pass] Object Oriented Programming / CS1: placing 4 missing period(s)
WARNING:timetable_generator_engine:  [relaxed pass] Cannot place Object Oriented Programming / CS1 even with relaxed cap
INFO:timetable_generator_engine:  [relaxed pass] Digital Electronics and Logic Design / CS2: placing 1 missing period(s)
WARNING:timetable_generator_engine:  [relaxed pass] Cannot place Digital Electronics and Logic Design / CS2 even with relaxed cap
INFO:timetable_generator_engine:  [relaxed pass] Programming in C / CS2: placing 4 missing period(s)
WARNING:timetable_generator_engine:  [relaxed pass] Cannot place Programming in C / CS2 even with relaxed cap
INFO:timetable_generator_engine:  [relaxed pass] Engineering Graphics and Computer Aided Drawing. / CS4: placing 4 missing period(s)
WARNING:timetable_generator_engine:  [relaxed pass] Cannot place Engineering Graphics and Computer Aided Drawing. / CS4 even with relaxed cap
INFO:timetable_generator_engine:  [relaxed pass] Algorithmic Thinking with Python / CS4: placing 1 missing period(s)
WARNING:timetable_generator_engine:  [relaxed pass] Cannot place Algorithmic Thinking with Python / CS4 even with relaxed cap
INFO:timetable_generator_engine:  Attempt 42 (seed=943023) score: 89/100
INFO:timetable_generator_engine:Greedy attempt 43/80 …
WARNING:timetable_generator_engine:Cannot place theory period:
  Subject  : Digital Electronics and Logic Design
  Division : CS2
  Teacher  : Ms. Smera Thomas
  Required : 1 theory period(s)
  Conflicts:
    • division CS2 timetable completely full on: Mon, Tue, Wed, Thu, Fri
WARNING:timetable_generator_engine:Cannot place theory period:
  Subject  : Digital Electronics and Logic Design
  Division : CS2
  Teacher  : Ms. Smera Thomas
  Required : 1 theory period(s)
  Conflicts:
    • division CS2 timetable completely full on: Mon, Tue, Wed, Thu, Fri
WARNING:timetable_generator_engine:Cannot place theory period:
  Subject  : Object Oriented Programming
  Division : CS1
  Teacher  : Ms. Sanooja Beegam M. A.
  Required : 1 theory period(s)
  Conflicts:
    • division CS1 timetable completely full on: Mon, Tue, Wed, Thu, Fri
WARNING:timetable_generator_engine:Cannot place theory period:
  Subject  : Programming in C
  Division : CS1
  Teacher  : Ms. Meera V. M.
  Required : 1 theory period(s)
  Conflicts:
    • division CS1 timetable completely full on: Mon, Tue, Wed, Thu, Fri
WARNING:timetable_generator_engine:Cannot place theory period:
  Subject  : Digital Electronics and Logic Design
  Division : CS2
  Teacher  : Ms. Smera Thomas
  Required : 1 theory period(s)
  Conflicts:
    • division CS2 timetable completely full on: Mon, Tue, Wed, Thu, Fri
WARNING:timetable_generator_engine:Cannot place theory period:
  Subject  : Object Oriented Programming
  Division : CS1
  Teacher  : Ms. Sanooja Beegam M. A.
  Required : 1 theory period(s)
  Conflicts:
    • division CS1 timetable completely full on: Mon, Tue, Wed, Thu, Fri
WARNING:timetable_generator_engine:Cannot place theory period:
  Subject  : Digital Electronics and Logic Design
  Division : CS2
  Teacher  : Ms. Smera Thomas
  Required : 1 theory period(s)
  Conflicts:
    • division CS2 timetable completely full on: Mon, Tue, Wed, Thu, Fri
WARNING:timetable_generator_engine:Cannot place theory period:
  Subject  : Object Oriented Programming
  Division : CS1
  Teacher  : Ms. Sanooja Beegam M. A.
  Required : 1 theory period(s)
  Conflicts:
    • division CS1 timetable completely full on: Mon, Tue, Wed, Thu, Fri
WARNING:timetable_generator_engine:Cannot place theory period:
  Subject  : Engineering Graphics and Computer Aided Drawing.
  Division : CS4
  Teacher  : Dr. Geethu R.
  Required : 1 theory period(s)
  Conflicts:
    • division CS4 timetable completely full on: Mon, Tue, Wed, Thu, Fri
WARNING:timetable_generator_engine:Cannot place theory period:
  Subject  : Algorithmic Thinking with Python
  Division : CS3
  Teacher  : Dr. Varun G. Menon
  Required : 1 theory period(s)
  Conflicts:
    • division CS3 timetable completely full on: Mon, Tue, Wed, Thu, Fri
WARNING:timetable_generator_engine:Cannot place theory period:
  Subject  : Digital Electronics and Logic Design
  Division : CS2
  Teacher  : Ms. Smera Thomas
  Required : 1 theory period(s)
  Conflicts:
    • division CS2 timetable completely full on: Mon, Tue, Wed, Thu, Fri
WARNING:timetable_generator_engine:Cannot place theory period:
  Subject  : Object Oriented Programming
  Division : CS1
  Teacher  : Ms. Sanooja Beegam M. A.
  Required : 1 theory period(s)
  Conflicts:
    • division CS1 timetable completely full on: Mon, Tue, Wed, Thu, Fri
WARNING:timetable_generator_engine:Cannot place theory period:
  Subject  : Programming in C
  Division : CS3
  Teacher  : Ms. Demy Devassy
  Required : 1 theory period(s)
  Conflicts:
    • division CS3 timetable completely full on: Mon, Tue, Wed, Thu, Fri
WARNING:timetable_generator_engine:Cannot place theory period:
  Subject  : Engineering Graphics and Computer Aided Drawing.
  Division : CS4
  Teacher  : Dr. Geethu R.
  Required : 1 theory period(s)
  Conflicts:
    • division CS4 timetable completely full on: Mon, Tue, Wed, Thu, Fri
WARNING:timetable_generator_engine:Cannot place theory period:
  Subject  : Programming in C
  Division : CS3
  Teacher  : Ms. Demy Devassy
  Required : 1 theory period(s)
  Conflicts:
    • division CS3 timetable completely full on: Mon, Tue, Wed, Thu, Fri
WARNING:timetable_generator_engine:Cannot place theory period:
  Subject  : Engineering Graphics and Computer Aided Drawing.
  Division : CS4
  Teacher  : Dr. Geethu R.
  Required : 1 theory period(s)
  Conflicts:
    • division CS4 timetable completely full on: Mon, Tue, Wed, Thu, Fri
WARNING:timetable_generator_engine:Cannot place theory period:
  Subject  : Programming in C
  Division : CS3
  Teacher  : Ms. Demy Devassy
  Required : 1 theory period(s)
  Conflicts:
    • division CS3 timetable completely full on: Mon, Tue, Wed, Thu, Fri
WARNING:timetable_generator_engine:Cannot place theory period:
  Subject  : Engineering Graphics and Computer Aided Drawing.
  Division : CS4
  Teacher  : Dr. Geethu R.
  Required : 1 theory period(s)
  Conflicts:
    • division CS4 timetable completely full on: Mon, Tue, Wed, Thu, Fri
WARNING:timetable_generator_engine:Cannot place theory period:
  Subject  : Programming in C
  Division : CS3
  Teacher  : Ms. Demy Devassy
  Required : 1 theory period(s)
  Conflicts:
    • division CS3 timetable completely full on: Mon, Tue, Wed, Thu, Fri
WARNING:timetable_generator_engine:Cannot place theory period:
  Subject  : Engineering Graphics and Computer Aided Drawing.
  Division : CS4
  Teacher  : Dr. Geethu R.
  Required : 1 theory period(s)
  Conflicts:
    • division CS4 timetable completely full on: Mon, Tue, Wed, Thu, Fri
INFO:timetable_generator_engine:  [relaxed pass] Algorithmic Thinking with Python / CS3: placing 1 missing period(s)
WARNING:timetable_generator_engine:  [relaxed pass] Cannot place Algorithmic Thinking with Python / CS3 even with relaxed cap
INFO:timetable_generator_engine:  [relaxed pass] Engineering Graphics and Computer Aided Drawing. / CS4: placing 5 missing period(s)
WARNING:timetable_generator_engine:  [relaxed pass] Cannot place Engineering Graphics and Computer Aided Drawing. / CS4 even with relaxed cap
INFO:timetable_generator_engine:  [relaxed pass] Object Oriented Programming / CS1: placing 4 missing period(s)
WARNING:timetable_generator_engine:  [relaxed pass] Cannot place Object Oriented Programming / CS1 even with relaxed cap
INFO:timetable_generator_engine:  [relaxed pass] Digital Electronics and Logic Design / CS2: placing 5 missing period(s)
WARNING:timetable_generator_engine:  [relaxed pass] Cannot place Digital Electronics and Logic Design / CS2 even with relaxed cap
INFO:timetable_generator_engine:  [relaxed pass] Programming in C / CS1: placing 1 missing period(s)
WARNING:timetable_generator_engine:  [relaxed pass] Cannot place Programming in C / CS1 even with relaxed cap
INFO:timetable_generator_engine:  [relaxed pass] Programming in C / CS3: placing 4 missing period(s)
WARNING:timetable_generator_engine:  [relaxed pass] Cannot place Programming in C / CS3 even with relaxed cap
INFO:timetable_generator_engine:  Attempt 43 (seed=322772) score: 87/100
INFO:timetable_generator_engine:Greedy attempt 44/80 …
WARNING:timetable_generator_engine:Cannot place theory period:
  Subject  : Algorithmic Thinking with Python
  Division : CS4
  Teacher  : Ms. Neethu Krishna
  Required : 1 theory period(s)
  Conflicts:
    • division CS4 timetable completely full on: Mon, Tue, Wed, Thu, Fri
WARNING:timetable_generator_engine:Cannot place theory period:
  Subject  : Algorithmic Thinking with Python
  Division : CS4
  Teacher  : Ms. Neethu Krishna
  Required : 1 theory period(s)
  Conflicts:
    • division CS4 timetable completely full on: Mon, Tue, Wed, Thu, Fri
WARNING:timetable_generator_engine:Cannot place theory period:
  Subject  : Algorithmic Thinking with Python
  Division : CS4
  Teacher  : Ms. Neethu Krishna
  Required : 1 theory period(s)
  Conflicts:
    • division CS4 timetable completely full on: Mon, Tue, Wed, Thu, Fri
WARNING:timetable_generator_engine:Cannot place theory period:
  Subject  : Algorithmic Thinking with Python
  Division : CS4
  Teacher  : Ms. Neethu Krishna
  Required : 1 theory period(s)
  Conflicts:
    • division CS4 timetable completely full on: Mon, Tue, Wed, Thu, Fri
WARNING:timetable_generator_engine:Cannot place theory period:
  Subject  : Algorithmic Thinking with Python
  Division : CS4
  Teacher  : Ms. Neethu Krishna
  Required : 1 theory period(s)
  Conflicts:
    • division CS4 timetable completely full on: Mon, Tue, Wed, Thu, Fri
WARNING:timetable_generator_engine:Cannot place theory period:
  Subject  : Object Oriented Programming
  Division : CS3
  Teacher  : Ms. Anu S
  Required : 1 theory period(s)
  Conflicts:
    • division CS3 timetable completely full on: Mon, Tue, Wed, Thu, Fri
WARNING:timetable_generator_engine:Cannot place theory period:
  Subject  : Programming in C
  Division : CS3
  Teacher  : Ms. Demy Devassy
  Required : 1 theory period(s)
  Conflicts:
    • division CS3 timetable completely full on: Mon, Tue, Wed, Thu, Fri
WARNING:timetable_generator_engine:Cannot place theory period:
  Subject  : Digital Electronics and Logic Design
  Division : CS2
  Teacher  : Ms. Smera Thomas
  Required : 1 theory period(s)
  Conflicts:
    • division CS2 timetable completely full on: Mon, Tue, Wed, Thu, Fri
WARNING:timetable_generator_engine:Cannot place theory period:
  Subject  : Object Oriented Programming
  Division : CS3
  Teacher  : Ms. Anu S
  Required : 1 theory period(s)
  Conflicts:
    • division CS3 timetable completely full on: Mon, Tue, Wed, Thu, Fri
WARNING:timetable_generator_engine:Cannot place theory period:
  Subject  : Algorithmic Thinking with Python
  Division : CS2
  Teacher  : Ms. Bini Omman
  Required : 1 theory period(s)
  Conflicts:
    • division CS2 timetable completely full on: Mon, Tue, Wed, Thu, Fri
WARNING:timetable_generator_engine:Cannot place theory period:
  Subject  : Digital Electronics and Logic Design
  Division : CS2
  Teacher  : Ms. Smera Thomas
  Required : 1 theory period(s)
  Conflicts:
    • division CS2 timetable completely full on: Mon, Tue, Wed, Thu, Fri
WARNING:timetable_generator_engine:Cannot place theory period:
  Subject  : Object Oriented Programming
  Division : CS3
  Teacher  : Ms. Anu S
  Required : 1 theory period(s)
  Conflicts:
    • division CS3 timetable completely full on: Mon, Tue, Wed, Thu, Fri
WARNING:timetable_generator_engine:Cannot place theory period:
  Subject  : Algorithmic Thinking with Python
  Division : CS2
  Teacher  : Ms. Bini Omman
  Required : 1 theory period(s)
  Conflicts:
    • division CS2 timetable completely full on: Mon, Tue, Wed, Thu, Fri
WARNING:timetable_generator_engine:Cannot place theory period:
  Subject  : Digital Electronics and Logic Design
  Division : CS2
  Teacher  : Ms. Smera Thomas
  Required : 1 theory period(s)
  Conflicts:
    • division CS2 timetable completely full on: Mon, Tue, Wed, Thu, Fri
WARNING:timetable_generator_engine:Cannot place theory period:
  Subject  : Object Oriented Programming
  Division : CS3
  Teacher  : Ms. Anu S
  Required : 1 theory period(s)
  Conflicts:
    • division CS3 timetable completely full on: Mon, Tue, Wed, Thu, Fri
WARNING:timetable_generator_engine:Cannot place theory period:
  Subject  : Engineering Graphics and Computer Aided Drawing.
  Division : CS1
  Teacher  : Ms. Jane Theresa
  Required : 1 theory period(s)
  Conflicts:
    • division CS1 timetable completely full on: Mon, Tue, Wed, Thu, Fri
WARNING:timetable_generator_engine:Cannot place theory period:
  Subject  : Programming in C
  Division : CS1
  Teacher  : Ms. Meera V. M.
  Required : 1 theory period(s)
  Conflicts:
    • division CS1 timetable completely full on: Mon, Tue, Wed, Thu, Fri
WARNING:timetable_generator_engine:Cannot place theory period:
  Subject  : Engineering Graphics and Computer Aided Drawing.
  Division : CS1
  Teacher  : Ms. Jane Theresa
  Required : 1 theory period(s)
  Conflicts:
    • division CS1 timetable completely full on: Mon, Tue, Wed, Thu, Fri
WARNING:timetable_generator_engine:Cannot place theory period:
  Subject  : Programming in C
  Division : CS1
  Teacher  : Ms. Meera V. M.
  Required : 1 theory period(s)
  Conflicts:
    • division CS1 timetable completely full on: Mon, Tue, Wed, Thu, Fri
WARNING:timetable_generator_engine:Cannot place theory period:
  Subject  : Engineering Graphics and Computer Aided Drawing.
  Division : CS1
  Teacher  : Ms. Jane Theresa
  Required : 1 theory period(s)
  Conflicts:
    • division CS1 timetable completely full on: Mon, Tue, Wed, Thu, Fri
INFO:timetable_generator_engine:  [relaxed pass] Programming in C / CS3: placing 1 missing period(s)
WARNING:timetable_generator_engine:  [relaxed pass] Cannot place Programming in C / CS3 even with relaxed cap
INFO:timetable_generator_engine:  [relaxed pass] Digital Electronics and Logic Design / CS2: placing 3 missing period(s)
WARNING:timetable_generator_engine:  [relaxed pass] Cannot place Digital Electronics and Logic Design / CS2 even with relaxed cap
INFO:timetable_generator_engine:  [relaxed pass] Object Oriented Programming / CS3: placing 4 missing period(s)
WARNING:timetable_generator_engine:  [relaxed pass] Cannot place Object Oriented Programming / CS3 even with relaxed cap
INFO:timetable_generator_engine:  [relaxed pass] Algorithmic Thinking with Python / CS4: placing 5 missing period(s)
WARNING:timetable_generator_engine:  [relaxed pass] Cannot place Algorithmic Thinking with Python / CS4 even with relaxed cap
INFO:timetable_generator_engine:  [relaxed pass] Programming in C / CS1: placing 2 missing period(s)
WARNING:timetable_generator_engine:  [relaxed pass] Cannot place Programming in C / CS1 even with relaxed cap
INFO:timetable_generator_engine:  [relaxed pass] Algorithmic Thinking with Python / CS2: placing 2 missing period(s)
WARNING:timetable_generator_engine:  [relaxed pass] Cannot place Algorithmic Thinking with Python / CS2 even with relaxed cap
INFO:timetable_generator_engine:  [relaxed pass] Engineering Graphics and Computer Aided Drawing. / CS1: placing 3 missing period(s)
WARNING:timetable_generator_engine:  [relaxed pass] Cannot place Engineering Graphics and Computer Aided Drawing. / CS1 even with relaxed cap
INFO:timetable_generator_engine:  Attempt 44 (seed=291402) score: 87/100
INFO:timetable_generator_engine:Greedy attempt 45/80 …
WARNING:timetable_generator_engine:Cannot place theory period:
  Subject  : Foundations of Computing: From Hardware Essentials to Web Design
  Division : CS4
  Teacher  : Ms. Doney Daniel
  Required : 1 theory period(s)
  Conflicts:
    • division CS4 timetable completely full on: Mon, Tue, Wed, Thu, Fri
WARNING:timetable_generator_engine:Cannot place theory period:
  Subject  : Object Oriented Programming
  Division : CS4
  Teacher  : Ms. Neethu Roy
  Required : 1 theory period(s)
  Conflicts:
    • division CS4 timetable completely full on: Mon, Tue, Wed, Thu, Fri
WARNING:timetable_generator_engine:Cannot place theory period:
  Subject  : Object Oriented Programming
  Division : CS4
  Teacher  : Ms. Neethu Roy
  Required : 1 theory period(s)
  Conflicts:
    • division CS4 timetable completely full on: Mon, Tue, Wed, Thu, Fri
WARNING:timetable_generator_engine:Cannot place theory period:
  Subject  : Digital Electronics and Logic Design
  Division : CS2
  Teacher  : Ms. Smera Thomas
  Required : 1 theory period(s)
  Conflicts:
    • division CS2 timetable completely full on: Mon, Tue, Wed, Thu, Fri
WARNING:timetable_generator_engine:Cannot place theory period:
  Subject  : Object Oriented Programming
  Division : CS4
  Teacher  : Ms. Neethu Roy
  Required : 1 theory period(s)
  Conflicts:
    • division CS4 timetable completely full on: Mon, Tue, Wed, Thu, Fri
WARNING:timetable_generator_engine:Cannot place theory period:
  Subject  : Algorithmic Thinking with Python
  Division : CS2
  Teacher  : Ms. Bini Omman
  Required : 1 theory period(s)
  Conflicts:
    • division CS2 timetable completely full on: Mon, Tue, Wed, Thu, Fri
WARNING:timetable_generator_engine:Cannot place theory period:
  Subject  : Digital Electronics and Logic Design
  Division : CS2
  Teacher  : Ms. Smera Thomas
  Required : 1 theory period(s)
  Conflicts:
    • division CS2 timetable completely full on: Mon, Tue, Wed, Thu, Fri
WARNING:timetable_generator_engine:Cannot place theory period:
  Subject  : Engineering Graphics and Computer Aided Drawing.
  Division : CS1
  Teacher  : Ms. Jane Theresa
  Required : 1 theory period(s)
  Conflicts:
    • division CS1 timetable completely full on: Mon, Tue, Wed, Thu, Fri
WARNING:timetable_generator_engine:Cannot place theory period:
  Subject  : Programming in C
  Division : CS3
  Teacher  : Ms. Demy Devassy
  Required : 1 theory period(s)
  Conflicts:
    • division CS3 timetable completely full on: Mon, Tue, Wed, Thu, Fri
WARNING:timetable_generator_engine:Cannot place theory period:
  Subject  : Object Oriented Programming
  Division : CS4
  Teacher  : Ms. Neethu Roy
  Required : 1 theory period(s)
  Conflicts:
    • division CS4 timetable completely full on: Mon, Tue, Wed, Thu, Fri
WARNING:timetable_generator_engine:Cannot place theory period:
  Subject  : Algorithmic Thinking with Python
  Division : CS2
  Teacher  : Ms. Bini Omman
  Required : 1 theory period(s)
  Conflicts:
    • division CS2 timetable completely full on: Mon, Tue, Wed, Thu, Fri
WARNING:timetable_generator_engine:Cannot place theory period:
  Subject  : Digital Electronics and Logic Design
  Division : CS2
  Teacher  : Ms. Smera Thomas
  Required : 1 theory period(s)
  Conflicts:
    • division CS2 timetable completely full on: Mon, Tue, Wed, Thu, Fri
WARNING:timetable_generator_engine:Cannot place theory period:
  Subject  : Engineering Graphics and Computer Aided Drawing.
  Division : CS1
  Teacher  : Ms. Jane Theresa
  Required : 1 theory period(s)
  Conflicts:
    • division CS1 timetable completely full on: Mon, Tue, Wed, Thu, Fri
WARNING:timetable_generator_engine:Cannot place theory period:
  Subject  : Programming in C
  Division : CS3
  Teacher  : Ms. Demy Devassy
  Required : 1 theory period(s)
  Conflicts:
    • division CS3 timetable completely full on: Mon, Tue, Wed, Thu, Fri
WARNING:timetable_generator_engine:Cannot place theory period:
  Subject  : Engineering Graphics and Computer Aided Drawing.
  Division : CS1
  Teacher  : Ms. Jane Theresa
  Required : 1 theory period(s)
  Conflicts:
    • division CS1 timetable completely full on: Mon, Tue, Wed, Thu, Fri
WARNING:timetable_generator_engine:Cannot place theory period:
  Subject  : Programming in C
  Division : CS3
  Teacher  : Ms. Demy Devassy
  Required : 1 theory period(s)
  Conflicts:
    • division CS3 timetable completely full on: Mon, Tue, Wed, Thu, Fri
WARNING:timetable_generator_engine:Cannot place theory period:
  Subject  : Engineering Graphics and Computer Aided Drawing.
  Division : CS1
  Teacher  : Ms. Jane Theresa
  Required : 1 theory period(s)
  Conflicts:
    • division CS1 timetable completely full on: Mon, Tue, Wed, Thu, Fri
WARNING:timetable_generator_engine:Cannot place theory period:
  Subject  : Programming in C
  Division : CS3
  Teacher  : Ms. Demy Devassy
  Required : 1 theory period(s)
  Conflicts:
    • division CS3 timetable completely full on: Mon, Tue, Wed, Thu, Fri
WARNING:timetable_generator_engine:Cannot place theory period:
  Subject  : Engineering Graphics and Computer Aided Drawing.
  Division : CS1
  Teacher  : Ms. Jane Theresa
  Required : 1 theory period(s)
  Conflicts:
    • division CS1 timetable completely full on: Mon, Tue, Wed, Thu, Fri
WARNING:timetable_generator_engine:Cannot place theory period:
  Subject  : Programming in C
  Division : CS3
  Teacher  : Ms. Demy Devassy
  Required : 1 theory period(s)
  Conflicts:
    • division CS3 timetable completely full on: Mon, Tue, Wed, Thu, Fri
INFO:timetable_generator_engine:  [relaxed pass] Object Oriented Programming / CS4: placing 4 missing period(s)
WARNING:timetable_generator_engine:  [relaxed pass] Cannot place Object Oriented Programming / CS4 even with relaxed cap
INFO:timetable_generator_engine:  [relaxed pass] Digital Electronics and Logic Design / CS2: placing 3 missing period(s)
WARNING:timetable_generator_engine:  [relaxed pass] Cannot place Digital Electronics and Logic Design / CS2 even with relaxed cap
INFO:timetable_generator_engine:  [relaxed pass] Programming in C / CS3: placing 5 missing period(s)
WARNING:timetable_generator_engine:  [relaxed pass] Cannot place Programming in C / CS3 even with relaxed cap
INFO:timetable_generator_engine:  [relaxed pass] Algorithmic Thinking with Python / CS2: placing 2 missing period(s)
WARNING:timetable_generator_engine:  [relaxed pass] Cannot place Algorithmic Thinking with Python / CS2 even with relaxed cap
INFO:timetable_generator_engine:  [relaxed pass] Engineering Graphics and Computer Aided Drawing. / CS1: placing 5 missing period(s)
WARNING:timetable_generator_engine:  [relaxed pass] Cannot place Engineering Graphics and Computer Aided Drawing. / CS1 even with relaxed cap
INFO:timetable_generator_engine:  [relaxed pass] Foundations of Computing: From Hardware Essentials to Web Design / CS4: placing 1 missing period(s)
WARNING:timetable_generator_engine:  [relaxed pass] Cannot place Foundations of Computing: From Hardware Essentials to Web Design / CS4 even with relaxed cap
INFO:timetable_generator_engine:  Attempt 45 (seed=589460) score: 89/100
INFO:timetable_generator_engine:Greedy attempt 46/80 …
WARNING:timetable_generator_engine:Cannot place theory period:
  Subject  : Programming in C
  Division : CS2
  Teacher  : Ms. Sruthy K. Joseph
  Required : 1 theory period(s)
  Conflicts:
    • division CS2 timetable completely full on: Mon, Tue, Wed, Thu, Fri
WARNING:timetable_generator_engine:Cannot place theory period:
  Subject  : Engineering Graphics and Computer Aided Drawing.
  Division : CS2
  Teacher  : Ms. Preema T. S.
  Required : 1 theory period(s)
  Conflicts:
    • division CS2 timetable completely full on: Mon, Tue, Wed, Thu, Fri
WARNING:timetable_generator_engine:Cannot place theory period:
  Subject  : Algorithmic Thinking with Python
  Division : CS4
  Teacher  : Ms. Neethu Krishna
  Required : 1 theory period(s)
  Conflicts:
    • division CS4 timetable completely full on: Mon, Tue, Wed, Thu, Fri
WARNING:timetable_generator_engine:Cannot place theory period:
  Subject  : Object Oriented Programming
  Division : CS2
  Teacher  : Ms. Julie Siby
  Required : 1 theory period(s)
  Conflicts:
    • division CS2 timetable completely full on: Mon, Tue, Wed, Thu, Fri
WARNING:timetable_generator_engine:Cannot place theory period:
  Subject  : Digital Electronics and Logic Design
  Division : CS4
  Teacher  : Ms. Sareena K. K.
  Required : 1 theory period(s)
  Conflicts:
    • division CS4 timetable completely full on: Mon, Tue, Wed, Thu, Fri
WARNING:timetable_generator_engine:Cannot place theory period:
  Subject  : Algorithmic Thinking with Python
  Division : CS4
  Teacher  : Ms. Neethu Krishna
  Required : 1 theory period(s)
  Conflicts:
    • division CS4 timetable completely full on: Mon, Tue, Wed, Thu, Fri
WARNING:timetable_generator_engine:Cannot place theory period:
  Subject  : Object Oriented Programming
  Division : CS2
  Teacher  : Ms. Julie Siby
  Required : 1 theory period(s)
  Conflicts:
    • division CS2 timetable completely full on: Mon, Tue, Wed, Thu, Fri
WARNING:timetable_generator_engine:Cannot place theory period:
  Subject  : Programming in C
  Division : CS1
  Teacher  : Ms. Meera V. M.
  Required : 1 theory period(s)
  Conflicts:
    • division CS1 timetable completely full on: Mon, Tue, Wed, Thu, Fri
WARNING:timetable_generator_engine:Cannot place theory period:
  Subject  : Engineering Graphics and Computer Aided Drawing.
  Division : CS3
  Teacher  : Ms. Divya M. S.
  Required : 1 theory period(s)
  Conflicts:
    • division CS3 timetable completely full on: Mon, Tue, Wed, Thu, Fri
WARNING:timetable_generator_engine:Cannot place theory period:
  Subject  : Digital Electronics and Logic Design
  Division : CS4
  Teacher  : Ms. Sareena K. K.
  Required : 1 theory period(s)
  Conflicts:
    • division CS4 timetable completely full on: Mon, Tue, Wed, Thu, Fri
WARNING:timetable_generator_engine:Cannot place theory period:
  Subject  : Algorithmic Thinking with Python
  Division : CS4
  Teacher  : Ms. Neethu Krishna
  Required : 1 theory period(s)
  Conflicts:
    • division CS4 timetable completely full on: Mon, Tue, Wed, Thu, Fri
WARNING:timetable_generator_engine:Cannot place theory period:
  Subject  : Object Oriented Programming
  Division : CS2
  Teacher  : Ms. Julie Siby
  Required : 1 theory period(s)
  Conflicts:
    • division CS2 timetable completely full on: Mon, Tue, Wed, Thu, Fri
WARNING:timetable_generator_engine:Cannot place theory period:
  Subject  : Programming in C
  Division : CS1
  Teacher  : Ms. Meera V. M.
  Required : 1 theory period(s)
  Conflicts:
    • division CS1 timetable completely full on: Mon, Tue, Wed, Thu, Fri
WARNING:timetable_generator_engine:Cannot place theory period:
  Subject  : Engineering Graphics and Computer Aided Drawing.
  Division : CS3
  Teacher  : Ms. Divya M. S.
  Required : 1 theory period(s)
  Conflicts:
    • division CS3 timetable completely full on: Mon, Tue, Wed, Thu, Fri
WARNING:timetable_generator_engine:Cannot place theory period:
  Subject  : Programming in C
  Division : CS1
  Teacher  : Ms. Meera V. M.
  Required : 1 theory period(s)
  Conflicts:
    • division CS1 timetable completely full on: Mon, Tue, Wed, Thu, Fri
WARNING:timetable_generator_engine:Cannot place theory period:
  Subject  : Engineering Graphics and Computer Aided Drawing.
  Division : CS3
  Teacher  : Ms. Divya M. S.
  Required : 1 theory period(s)
  Conflicts:
    • division CS3 timetable completely full on: Mon, Tue, Wed, Thu, Fri
WARNING:timetable_generator_engine:Cannot place theory period:
  Subject  : Programming in C
  Division : CS1
  Teacher  : Ms. Meera V. M.
  Required : 1 theory period(s)
  Conflicts:
    • division CS1 timetable completely full on: Mon, Tue, Wed, Thu, Fri
WARNING:timetable_generator_engine:Cannot place theory period:
  Subject  : Engineering Graphics and Computer Aided Drawing.
  Division : CS3
  Teacher  : Ms. Divya M. S.
  Required : 1 theory period(s)
  Conflicts:
    • division CS3 timetable completely full on: Mon, Tue, Wed, Thu, Fri
WARNING:timetable_generator_engine:Cannot place theory period:
  Subject  : Programming in C
  Division : CS1
  Teacher  : Ms. Meera V. M.
  Required : 1 theory period(s)
  Conflicts:
    • division CS1 timetable completely full on: Mon, Tue, Wed, Thu, Fri
WARNING:timetable_generator_engine:Cannot place theory period:
  Subject  : Engineering Graphics and Computer Aided Drawing.
  Division : CS3
  Teacher  : Ms. Divya M. S.
  Required : 1 theory period(s)
  Conflicts:
    • division CS3 timetable completely full on: Mon, Tue, Wed, Thu, Fri
INFO:timetable_generator_engine:  [relaxed pass] Algorithmic Thinking with Python / CS4: placing 3 missing period(s)
WARNING:timetable_generator_engine:  [relaxed pass] Cannot place Algorithmic Thinking with Python / CS4 even with relaxed cap
INFO:timetable_generator_engine:  [relaxed pass] Engineering Graphics and Computer Aided Drawing. / CS2: placing 1 missing period(s)
WARNING:timetable_generator_engine:  [relaxed pass] Cannot place Engineering Graphics and Computer Aided Drawing. / CS2 even with relaxed cap
INFO:timetable_generator_engine:  [relaxed pass] Programming in C / CS2: placing 1 missing period(s)
WARNING:timetable_generator_engine:  [relaxed pass] Cannot place Programming in C / CS2 even with relaxed cap
INFO:timetable_generator_engine:  [relaxed pass] Object Oriented Programming / CS2: placing 3 missing period(s)
WARNING:timetable_generator_engine:  [relaxed pass] Cannot place Object Oriented Programming / CS2 even with relaxed cap
INFO:timetable_generator_engine:  [relaxed pass] Programming in C / CS1: placing 5 missing period(s)
WARNING:timetable_generator_engine:  [relaxed pass] Cannot place Programming in C / CS1 even with relaxed cap
INFO:timetable_generator_engine:  [relaxed pass] Digital Electronics and Logic Design / CS4: placing 2 missing period(s)
WARNING:timetable_generator_engine:  [relaxed pass] Cannot place Digital Electronics and Logic Design / CS4 even with relaxed cap
INFO:timetable_generator_engine:  [relaxed pass] Engineering Graphics and Computer Aided Drawing. / CS3: placing 5 missing period(s)
WARNING:timetable_generator_engine:  [relaxed pass] Cannot place Engineering Graphics and Computer Aided Drawing. / CS3 even with relaxed cap
INFO:timetable_generator_engine:  Attempt 46 (seed=492967) score: 92/100
INFO:timetable_generator_engine:Greedy attempt 47/80 …
WARNING:timetable_generator_engine:Cannot place theory period:
  Subject  : Programming in C
  Division : CS1
  Teacher  : Ms. Meera V. M.
  Required : 1 theory period(s)
  Conflicts:
    • division CS1 timetable completely full on: Mon, Tue, Wed, Thu, Fri
WARNING:timetable_generator_engine:Cannot place theory period:
  Subject  : Algorithmic Thinking with Python
  Division : CS1
  Teacher  : Dr. Deepa K.
  Required : 1 theory period(s)
  Conflicts:
    • division CS1 timetable completely full on: Mon, Tue, Wed, Thu, Fri
WARNING:timetable_generator_engine:Cannot place theory period:
  Subject  : Algorithmic Thinking with Python
  Division : CS1
  Teacher  : Dr. Deepa K.
  Required : 1 theory period(s)
  Conflicts:
    • division CS1 timetable completely full on: Mon, Tue, Wed, Thu, Fri
WARNING:timetable_generator_engine:Cannot place theory period:
  Subject  : Algorithmic Thinking with Python
  Division : CS1
  Teacher  : Dr. Deepa K.
  Required : 1 theory period(s)
  Conflicts:
    • division CS1 timetable completely full on: Mon, Tue, Wed, Thu, Fri
WARNING:timetable_generator_engine:Cannot place theory period:
  Subject  : Algorithmic Thinking with Python
  Division : CS1
  Teacher  : Dr. Deepa K.
  Required : 1 theory period(s)
  Conflicts:
    • division CS1 timetable completely full on: Mon, Tue, Wed, Thu, Fri
WARNING:timetable_generator_engine:Cannot place theory period:
  Subject  : Engineering Graphics and Computer Aided Drawing.
  Division : CS3
  Teacher  : Ms. Divya M. S.
  Required : 1 theory period(s)
  Conflicts:
    • division CS3 timetable completely full on: Mon, Tue, Wed, Thu, Fri
WARNING:timetable_generator_engine:Cannot place theory period:
  Subject  : Programming in C
  Division : CS3
  Teacher  : Ms. Demy Devassy
  Required : 1 theory period(s)
  Conflicts:
    • division CS3 timetable completely full on: Mon, Tue, Wed, Thu, Fri
WARNING:timetable_generator_engine:Cannot place theory period:
  Subject  : Algorithmic Thinking with Python
  Division : CS2
  Teacher  : Ms. Bini Omman
  Required : 1 theory period(s)
  Conflicts:
    • division CS2 timetable completely full on: Mon, Tue, Wed, Thu, Fri
WARNING:timetable_generator_engine:Cannot place theory period:
  Subject  : Object Oriented Programming
  Division : CS3
  Teacher  : Ms. Anu S
  Required : 1 theory period(s)
  Conflicts:
    • division CS3 timetable completely full on: Mon, Tue, Wed, Thu, Fri
WARNING:timetable_generator_engine:Cannot place theory period:
  Subject  : Digital Electronics and Logic Design
  Division : CS2
  Teacher  : Ms. Smera Thomas
  Required : 1 theory period(s)
  Conflicts:
    • division CS2 timetable completely full on: Mon, Tue, Wed, Thu, Fri
WARNING:timetable_generator_engine:Cannot place theory period:
  Subject  : Algorithmic Thinking with Python
  Division : CS2
  Teacher  : Ms. Bini Omman
  Required : 1 theory period(s)
  Conflicts:
    • division CS2 timetable completely full on: Mon, Tue, Wed, Thu, Fri
WARNING:timetable_generator_engine:Cannot place theory period:
  Subject  : Object Oriented Programming
  Division : CS3
  Teacher  : Ms. Anu S
  Required : 1 theory period(s)
  Conflicts:
    • division CS3 timetable completely full on: Mon, Tue, Wed, Thu, Fri
WARNING:timetable_generator_engine:Cannot place theory period:
  Subject  : Digital Electronics and Logic Design
  Division : CS2
  Teacher  : Ms. Smera Thomas
  Required : 1 theory period(s)
  Conflicts:
    • division CS2 timetable completely full on: Mon, Tue, Wed, Thu, Fri
WARNING:timetable_generator_engine:Cannot place theory period:
  Subject  : Algorithmic Thinking with Python
  Division : CS2
  Teacher  : Ms. Bini Omman
  Required : 1 theory period(s)
  Conflicts:
    • division CS2 timetable completely full on: Mon, Tue, Wed, Thu, Fri
WARNING:timetable_generator_engine:Cannot place theory period:
  Subject  : Object Oriented Programming
  Division : CS3
  Teacher  : Ms. Anu S
  Required : 1 theory period(s)
  Conflicts:
    • division CS3 timetable completely full on: Mon, Tue, Wed, Thu, Fri
WARNING:timetable_generator_engine:Cannot place theory period:
  Subject  : Programming in C
  Division : CS4
  Teacher  : Ms. Vyshna R. K.
  Required : 1 theory period(s)
  Conflicts:
    • division CS4 timetable completely full on: Mon, Tue, Wed, Thu, Fri
WARNING:timetable_generator_engine:Cannot place theory period:
  Subject  : Engineering Graphics and Computer Aided Drawing.
  Division : CS4
  Teacher  : Dr. Geethu R.
  Required : 1 theory period(s)
  Conflicts:
    • division CS4 timetable completely full on: Mon, Tue, Wed, Thu, Fri
WARNING:timetable_generator_engine:Cannot place theory period:
  Subject  : Programming in C
  Division : CS4
  Teacher  : Ms. Vyshna R. K.
  Required : 1 theory period(s)
  Conflicts:
    • division CS4 timetable completely full on: Mon, Tue, Wed, Thu, Fri
WARNING:timetable_generator_engine:Cannot place theory period:
  Subject  : Engineering Graphics and Computer Aided Drawing.
  Division : CS4
  Teacher  : Dr. Geethu R.
  Required : 1 theory period(s)
  Conflicts:
    • division CS4 timetable completely full on: Mon, Tue, Wed, Thu, Fri
WARNING:timetable_generator_engine:Cannot place theory period:
  Subject  : Programming in C
  Division : CS4
  Teacher  : Ms. Vyshna R. K.
  Required : 1 theory period(s)
  Conflicts:
    • division CS4 timetable completely full on: Mon, Tue, Wed, Thu, Fri
INFO:timetable_generator_engine:  [relaxed pass] Programming in C / CS1: placing 1 missing period(s)
WARNING:timetable_generator_engine:  [relaxed pass] Cannot place Programming in C / CS1 even with relaxed cap
INFO:timetable_generator_engine:  [relaxed pass] Programming in C / CS3: placing 1 missing period(s)
WARNING:timetable_generator_engine:  [relaxed pass] Cannot place Programming in C / CS3 even with relaxed cap
INFO:timetable_generator_engine:  [relaxed pass] Digital Electronics and Logic Design / CS2: placing 2 missing period(s)
WARNING:timetable_generator_engine:  [relaxed pass] Cannot place Digital Electronics and Logic Design / CS2 even with relaxed cap
INFO:timetable_generator_engine:  [relaxed pass] Engineering Graphics and Computer Aided Drawing. / CS3: placing 1 missing period(s)
WARNING:timetable_generator_engine:  [relaxed pass] Cannot place Engineering Graphics and Computer Aided Drawing. / CS3 even with relaxed cap
INFO:timetable_generator_engine:  [relaxed pass] Algorithmic Thinking with Python / CS1: placing 4 missing period(s)
WARNING:timetable_generator_engine:  [relaxed pass] Cannot place Algorithmic Thinking with Python / CS1 even with relaxed cap
INFO:timetable_generator_engine:  [relaxed pass] Algorithmic Thinking with Python / CS2: placing 3 missing period(s)
WARNING:timetable_generator_engine:  [relaxed pass] Cannot place Algorithmic Thinking with Python / CS2 even with relaxed cap
INFO:timetable_generator_engine:  [relaxed pass] Programming in C / CS4: placing 3 missing period(s)
WARNING:timetable_generator_engine:  [relaxed pass] Cannot place Programming in C / CS4 even with relaxed cap
INFO:timetable_generator_engine:  [relaxed pass] Engineering Graphics and Computer Aided Drawing. / CS4: placing 2 missing period(s)
WARNING:timetable_generator_engine:  [relaxed pass] Cannot place Engineering Graphics and Computer Aided Drawing. / CS4 even with relaxed cap
INFO:timetable_generator_engine:  [relaxed pass] Object Oriented Programming / CS3: placing 3 missing period(s)
WARNING:timetable_generator_engine:  [relaxed pass] Cannot place Object Oriented Programming / CS3 even with relaxed cap
INFO:timetable_generator_engine:  Attempt 47 (seed=374325) score: 84/100
INFO:timetable_generator_engine:Greedy attempt 48/80 …
WARNING:timetable_generator_engine:Cannot place theory period:
  Subject  : Algorithmic Thinking with Python
  Division : CS3
  Teacher  : Dr. Varun G. Menon
  Required : 1 theory period(s)
  Conflicts:
    • division CS3 timetable completely full on: Mon, Tue, Wed, Thu, Fri
WARNING:timetable_generator_engine:Cannot place theory period:
  Subject  : Digital Electronics and Logic Design
  Division : CS3
  Teacher  : Dr. Noora V. T.
  Required : 1 theory period(s)
  Conflicts:
    • division CS3 timetable completely full on: Mon, Tue, Wed, Thu, Fri
WARNING:timetable_generator_engine:Cannot place theory period:
  Subject  : Object Oriented Programming
  Division : CS3
  Teacher  : Ms. Anu S
  Required : 1 theory period(s)
  Conflicts:
    • division CS3 timetable completely full on: Mon, Tue, Wed, Thu, Fri
WARNING:timetable_generator_engine:Cannot place theory period:
  Subject  : Engineering Graphics and Computer Aided Drawing.
  Division : CS3
  Teacher  : Ms. Divya M. S.
  Required : 1 theory period(s)
  Conflicts:
    • division CS3 timetable completely full on: Mon, Tue, Wed, Thu, Fri
WARNING:timetable_generator_engine:Cannot place theory period:
  Subject  : Engineering Graphics and Computer Aided Drawing.
  Division : CS3
  Teacher  : Ms. Divya M. S.
  Required : 1 theory period(s)
  Conflicts:
    • division CS3 timetable completely full on: Mon, Tue, Wed, Thu, Fri
WARNING:timetable_generator_engine:Cannot place theory period:
  Subject  : Digital Electronics and Logic Design
  Division : CS2
  Teacher  : Ms. Smera Thomas
  Required : 1 theory period(s)
  Conflicts:
    • division CS2 timetable completely full on: Mon, Tue, Wed, Thu, Fri
WARNING:timetable_generator_engine:Cannot place theory period:
  Subject  : Digital Electronics and Logic Design
  Division : CS2
  Teacher  : Ms. Smera Thomas
  Required : 1 theory period(s)
  Conflicts:
    • division CS2 timetable completely full on: Mon, Tue, Wed, Thu, Fri
WARNING:timetable_generator_engine:Cannot place theory period:
  Subject  : Engineering Graphics and Computer Aided Drawing.
  Division : CS4
  Teacher  : Dr. Geethu R.
  Required : 1 theory period(s)
  Conflicts:
    • division CS4 timetable completely full on: Mon, Tue, Wed, Thu, Fri
WARNING:timetable_generator_engine:Cannot place theory period:
  Subject  : Programming in C
  Division : CS4
  Teacher  : Ms. Vyshna R. K.
  Required : 1 theory period(s)
  Conflicts:
    • division CS4 timetable completely full on: Mon, Tue, Wed, Thu, Fri
WARNING:timetable_generator_engine:Cannot place theory period:
  Subject  : Algorithmic Thinking with Python
  Division : CS4
  Teacher  : Ms. Neethu Krishna
  Required : 1 theory period(s)
  Conflicts:
    • division CS4 timetable completely full on: Mon, Tue, Wed, Thu, Fri
WARNING:timetable_generator_engine:Cannot place theory period:
  Subject  : Digital Electronics and Logic Design
  Division : CS2
  Teacher  : Ms. Smera Thomas
  Required : 1 theory period(s)
  Conflicts:
    • division CS2 timetable completely full on: Mon, Tue, Wed, Thu, Fri
WARNING:timetable_generator_engine:Cannot place theory period:
  Subject  : Algorithmic Thinking with Python
  Division : CS4
  Teacher  : Ms. Neethu Krishna
  Required : 1 theory period(s)
  Conflicts:
    • division CS4 timetable completely full on: Mon, Tue, Wed, Thu, Fri
WARNING:timetable_generator_engine:Cannot place theory period:
  Subject  : Digital Electronics and Logic Design
  Division : CS2
  Teacher  : Ms. Smera Thomas
  Required : 1 theory period(s)
  Conflicts:
    • division CS2 timetable completely full on: Mon, Tue, Wed, Thu, Fri
WARNING:timetable_generator_engine:Cannot place theory period:
  Subject  : Algorithmic Thinking with Python
  Division : CS4
  Teacher  : Ms. Neethu Krishna
  Required : 1 theory period(s)
  Conflicts:
    • division CS4 timetable completely full on: Mon, Tue, Wed, Thu, Fri
WARNING:timetable_generator_engine:Cannot place theory period:
  Subject  : Digital Electronics and Logic Design
  Division : CS2
  Teacher  : Ms. Smera Thomas
  Required : 1 theory period(s)
  Conflicts:
    • division CS2 timetable completely full on: Mon, Tue, Wed, Thu, Fri
WARNING:timetable_generator_engine:Cannot place theory period:
  Subject  : Programming in C
  Division : CS1
  Teacher  : Ms. Meera V. M.
  Required : 1 theory period(s)
  Conflicts:
    • division CS1 timetable completely full on: Mon, Tue, Wed, Thu, Fri
WARNING:timetable_generator_engine:Cannot place theory period:
  Subject  : Engineering Graphics and Computer Aided Drawing.
  Division : CS1
  Teacher  : Ms. Jane Theresa
  Required : 1 theory period(s)
  Conflicts:
    • division CS1 timetable completely full on: Mon, Tue, Wed, Thu, Fri
WARNING:timetable_generator_engine:Cannot place theory period:
  Subject  : Programming in C
  Division : CS1
  Teacher  : Ms. Meera V. M.
  Required : 1 theory period(s)
  Conflicts:
    • division CS1 timetable completely full on: Mon, Tue, Wed, Thu, Fri
WARNING:timetable_generator_engine:Cannot place theory period:
  Subject  : Engineering Graphics and Computer Aided Drawing.
  Division : CS1
  Teacher  : Ms. Jane Theresa
  Required : 1 theory period(s)
  Conflicts:
    • division CS1 timetable completely full on: Mon, Tue, Wed, Thu, Fri
WARNING:timetable_generator_engine:Cannot place theory period:
  Subject  : Programming in C
  Division : CS1
  Teacher  : Ms. Meera V. M.
  Required : 1 theory period(s)
  Conflicts:
    • division CS1 timetable completely full on: Mon, Tue, Wed, Thu, Fri
INFO:timetable_generator_engine:  [relaxed pass] Engineering Graphics and Computer Aided Drawing. / CS3: placing 2 missing period(s)
WARNING:timetable_generator_engine:  [relaxed pass] Cannot place Engineering Graphics and Computer Aided Drawing. / CS3 even with relaxed cap
INFO:timetable_generator_engine:  [relaxed pass] Engineering Graphics and Computer Aided Drawing. / CS4: placing 1 missing period(s)
WARNING:timetable_generator_engine:  [relaxed pass] Cannot place Engineering Graphics and Computer Aided Drawing. / CS4 even with relaxed cap
INFO:timetable_generator_engine:  [relaxed pass] Engineering Graphics and Computer Aided Drawing. / CS1: placing 2 missing period(s)
WARNING:timetable_generator_engine:  [relaxed pass] Cannot place Engineering Graphics and Computer Aided Drawing. / CS1 even with relaxed cap
INFO:timetable_generator_engine:  [relaxed pass] Programming in C / CS4: placing 1 missing period(s)
WARNING:timetable_generator_engine:  [relaxed pass] Cannot place Programming in C / CS4 even with relaxed cap
INFO:timetable_generator_engine:  [relaxed pass] Programming in C / CS1: placing 3 missing period(s)
WARNING:timetable_generator_engine:  [relaxed pass] Cannot place Programming in C / CS1 even with relaxed cap
INFO:timetable_generator_engine:  [relaxed pass] Object Oriented Programming / CS3: placing 1 missing period(s)
WARNING:timetable_generator_engine:  [relaxed pass] Cannot place Object Oriented Programming / CS3 even with relaxed cap
INFO:timetable_generator_engine:  [relaxed pass] Digital Electronics and Logic Design / CS3: placing 1 missing period(s)
WARNING:timetable_generator_engine:  [relaxed pass] Cannot place Digital Electronics and Logic Design / CS3 even with relaxed cap
INFO:timetable_generator_engine:  [relaxed pass] Algorithmic Thinking with Python / CS3: placing 1 missing period(s)
WARNING:timetable_generator_engine:  [relaxed pass] Cannot place Algorithmic Thinking with Python / CS3 even with relaxed cap
INFO:timetable_generator_engine:  [relaxed pass] Digital Electronics and Logic Design / CS2: placing 5 missing period(s)
WARNING:timetable_generator_engine:  [relaxed pass] Cannot place Digital Electronics and Logic Design / CS2 even with relaxed cap
INFO:timetable_generator_engine:  [relaxed pass] Algorithmic Thinking with Python / CS4: placing 3 missing period(s)
WARNING:timetable_generator_engine:  [relaxed pass] Cannot place Algorithmic Thinking with Python / CS4 even with relaxed cap
INFO:timetable_generator_engine:  Attempt 48 (seed=367242) score: 81/100
INFO:timetable_generator_engine:Greedy attempt 49/80 …
WARNING:timetable_generator_engine:Cannot place theory period:
  Subject  : Algorithmic Thinking with Python
  Division : CS2
  Teacher  : Ms. Bini Omman
  Required : 1 theory period(s)
  Conflicts:
    • division CS2 timetable completely full on: Mon, Tue, Wed, Thu, Fri
WARNING:timetable_generator_engine:Cannot place theory period:
  Subject  : Algorithmic Thinking with Python
  Division : CS2
  Teacher  : Ms. Bini Omman
  Required : 1 theory period(s)
  Conflicts:
    • division CS2 timetable completely full on: Mon, Tue, Wed, Thu, Fri
WARNING:timetable_generator_engine:Cannot place theory period:
  Subject  : Algorithmic Thinking with Python
  Division : CS2
  Teacher  : Ms. Bini Omman
  Required : 1 theory period(s)
  Conflicts:
    • division CS2 timetable completely full on: Mon, Tue, Wed, Thu, Fri
WARNING:timetable_generator_engine:Cannot place theory period:
  Subject  : Algorithmic Thinking with Python
  Division : CS2
  Teacher  : Ms. Bini Omman
  Required : 1 theory period(s)
  Conflicts:
    • division CS2 timetable completely full on: Mon, Tue, Wed, Thu, Fri
WARNING:timetable_generator_engine:Cannot place theory period:
  Subject  : Algorithmic Thinking with Python
  Division : CS2
  Teacher  : Ms. Bini Omman
  Required : 1 theory period(s)
  Conflicts:
    • division CS2 timetable completely full on: Mon, Tue, Wed, Thu, Fri
WARNING:timetable_generator_engine:Cannot place theory period:
  Subject  : Algorithmic Thinking with Python
  Division : CS1
  Teacher  : Dr. Deepa K.
  Required : 1 theory period(s)
  Conflicts:
    • division CS1 timetable completely full on: Mon, Tue, Wed, Thu, Fri
WARNING:timetable_generator_engine:Cannot place theory period:
  Subject  : Engineering Graphics and Computer Aided Drawing.
  Division : CS1
  Teacher  : Ms. Jane Theresa
  Required : 1 theory period(s)
  Conflicts:
    • division CS1 timetable completely full on: Mon, Tue, Wed, Thu, Fri
WARNING:timetable_generator_engine:Cannot place theory period:
  Subject  : Algorithmic Thinking with Python
  Division : CS1
  Teacher  : Dr. Deepa K.
  Required : 1 theory period(s)
  Conflicts:
    • division CS1 timetable completely full on: Mon, Tue, Wed, Thu, Fri
WARNING:timetable_generator_engine:Cannot place theory period:
  Subject  : Algorithmic Thinking with Python
  Division : CS1
  Teacher  : Dr. Deepa K.
  Required : 1 theory period(s)
  Conflicts:
    • division CS1 timetable completely full on: Mon, Tue, Wed, Thu, Fri
WARNING:timetable_generator_engine:Cannot place theory period:
  Subject  : Programming in C
  Division : CS4
  Teacher  : Ms. Vyshna R. K.
  Required : 1 theory period(s)
  Conflicts:
    • division CS4 timetable completely full on: Mon, Tue, Wed, Thu, Fri
WARNING:timetable_generator_engine:Cannot place theory period:
  Subject  : Algorithmic Thinking with Python
  Division : CS1
  Teacher  : Dr. Deepa K.
  Required : 1 theory period(s)
  Conflicts:
    • division CS1 timetable completely full on: Mon, Tue, Wed, Thu, Fri
WARNING:timetable_generator_engine:Cannot place theory period:
  Subject  : Digital Electronics and Logic Design
  Division : CS3
  Teacher  : Dr. Noora V. T.
  Required : 1 theory period(s)
  Conflicts:
    • division CS3 timetable completely full on: Mon, Tue, Wed, Thu, Fri
WARNING:timetable_generator_engine:Cannot place theory period:
  Subject  : Programming in C
  Division : CS4
  Teacher  : Ms. Vyshna R. K.
  Required : 1 theory period(s)
  Conflicts:
    • division CS4 timetable completely full on: Mon, Tue, Wed, Thu, Fri
WARNING:timetable_generator_engine:Cannot place theory period:
  Subject  : Engineering Graphics and Computer Aided Drawing.
  Division : CS3
  Teacher  : Ms. Divya M. S.
  Required : 1 theory period(s)
  Conflicts:
    • division CS3 timetable completely full on: Mon, Tue, Wed, Thu, Fri
WARNING:timetable_generator_engine:Cannot place theory period:
  Subject  : Programming in C
  Division : CS4
  Teacher  : Ms. Vyshna R. K.
  Required : 1 theory period(s)
  Conflicts:
    • division CS4 timetable completely full on: Mon, Tue, Wed, Thu, Fri
WARNING:timetable_generator_engine:Cannot place theory period:
  Subject  : Engineering Graphics and Computer Aided Drawing.
  Division : CS3
  Teacher  : Ms. Divya M. S.
  Required : 1 theory period(s)
  Conflicts:
    • division CS3 timetable completely full on: Mon, Tue, Wed, Thu, Fri
WARNING:timetable_generator_engine:Cannot place theory period:
  Subject  : Programming in C
  Division : CS4
  Teacher  : Ms. Vyshna R. K.
  Required : 1 theory period(s)
  Conflicts:
    • division CS4 timetable completely full on: Mon, Tue, Wed, Thu, Fri
WARNING:timetable_generator_engine:Cannot place theory period:
  Subject  : Engineering Graphics and Computer Aided Drawing.
  Division : CS3
  Teacher  : Ms. Divya M. S.
  Required : 1 theory period(s)
  Conflicts:
    • division CS3 timetable completely full on: Mon, Tue, Wed, Thu, Fri
WARNING:timetable_generator_engine:Cannot place theory period:
  Subject  : Programming in C
  Division : CS4
  Teacher  : Ms. Vyshna R. K.
  Required : 1 theory period(s)
  Conflicts:
    • division CS4 timetable completely full on: Mon, Tue, Wed, Thu, Fri
WARNING:timetable_generator_engine:Cannot place theory period:
  Subject  : Engineering Graphics and Computer Aided Drawing.
  Division : CS3
  Teacher  : Ms. Divya M. S.
  Required : 1 theory period(s)
  Conflicts:
    • division CS3 timetable completely full on: Mon, Tue, Wed, Thu, Fri
INFO:timetable_generator_engine:  [relaxed pass] Algorithmic Thinking with Python / CS2: placing 5 missing period(s)
WARNING:timetable_generator_engine:  [relaxed pass] Cannot place Algorithmic Thinking with Python / CS2 even with relaxed cap
INFO:timetable_generator_engine:  [relaxed pass] Algorithmic Thinking with Python / CS1: placing 4 missing period(s)
WARNING:timetable_generator_engine:  [relaxed pass] Cannot place Algorithmic Thinking with Python / CS1 even with relaxed cap
INFO:timetable_generator_engine:  [relaxed pass] Engineering Graphics and Computer Aided Drawing. / CS1: placing 1 missing period(s)
WARNING:timetable_generator_engine:  [relaxed pass] Cannot place Engineering Graphics and Computer Aided Drawing. / CS1 even with relaxed cap
INFO:timetable_generator_engine:  [relaxed pass] Engineering Graphics and Computer Aided Drawing. / CS3: placing 4 missing period(s)
WARNING:timetable_generator_engine:  [relaxed pass] Cannot place Engineering Graphics and Computer Aided Drawing. / CS3 even with relaxed cap
INFO:timetable_generator_engine:  [relaxed pass] Digital Electronics and Logic Design / CS3: placing 1 missing period(s)
WARNING:timetable_generator_engine:  [relaxed pass] Cannot place Digital Electronics and Logic Design / CS3 even with relaxed cap
INFO:timetable_generator_engine:  [relaxed pass] Programming in C / CS4: placing 5 missing period(s)
WARNING:timetable_generator_engine:  [relaxed pass] Cannot place Programming in C / CS4 even with relaxed cap
INFO:timetable_generator_engine:  Attempt 49 (seed=781849) score: 84/100
INFO:timetable_generator_engine:Greedy attempt 50/80 …
WARNING:timetable_generator_engine:Cannot place theory period:
  Subject  : Algorithmic Thinking with Python
  Division : CS3
  Teacher  : Dr. Varun G. Menon
  Required : 1 theory period(s)
  Conflicts:
    • division CS3 timetable completely full on: Mon, Tue, Wed, Thu, Fri
WARNING:timetable_generator_engine:Cannot place theory period:
  Subject  : Object Oriented Programming
  Division : CS2
  Teacher  : Ms. Julie Siby
  Required : 1 theory period(s)
  Conflicts:
    • division CS2 timetable completely full on: Mon, Tue, Wed, Thu, Fri
WARNING:timetable_generator_engine:Cannot place theory period:
  Subject  : Algorithmic Thinking with Python
  Division : CS3
  Teacher  : Dr. Varun G. Menon
  Required : 1 theory period(s)
  Conflicts:
    • division CS3 timetable completely full on: Mon, Tue, Wed, Thu, Fri
WARNING:timetable_generator_engine:Cannot place theory period:
  Subject  : Engineering Graphics and Computer Aided Drawing.
  Division : CS2
  Teacher  : Ms. Preema T. S.
  Required : 1 theory period(s)
  Conflicts:
    • division CS2 timetable completely full on: Mon, Tue, Wed, Thu, Fri
WARNING:timetable_generator_engine:Cannot place theory period:
  Subject  : Object Oriented Programming
  Division : CS2
  Teacher  : Ms. Julie Siby
  Required : 1 theory period(s)
  Conflicts:
    • division CS2 timetable completely full on: Mon, Tue, Wed, Thu, Fri
WARNING:timetable_generator_engine:Cannot place theory period:
  Subject  : Algorithmic Thinking with Python
  Division : CS3
  Teacher  : Dr. Varun G. Menon
  Required : 1 theory period(s)
  Conflicts:
    • division CS3 timetable completely full on: Mon, Tue, Wed, Thu, Fri
WARNING:timetable_generator_engine:Cannot place theory period:
  Subject  : Object Oriented Programming
  Division : CS2
  Teacher  : Ms. Julie Siby
  Required : 1 theory period(s)
  Conflicts:
    • division CS2 timetable completely full on: Mon, Tue, Wed, Thu, Fri
WARNING:timetable_generator_engine:Cannot place theory period:
  Subject  : Algorithmic Thinking with Python
  Division : CS3
  Teacher  : Dr. Varun G. Menon
  Required : 1 theory period(s)
  Conflicts:
    • division CS3 timetable completely full on: Mon, Tue, Wed, Thu, Fri
WARNING:timetable_generator_engine:Cannot place theory period:
  Subject  : Programming in C
  Division : CS1
  Teacher  : Ms. Meera V. M.
  Required : 1 theory period(s)
  Conflicts:
    • division CS1 timetable completely full on: Mon, Tue, Wed, Thu, Fri
WARNING:timetable_generator_engine:Cannot place theory period:
  Subject  : Object Oriented Programming
  Division : CS2
  Teacher  : Ms. Julie Siby
  Required : 1 theory period(s)
  Conflicts:
    • division CS2 timetable completely full on: Mon, Tue, Wed, Thu, Fri
WARNING:timetable_generator_engine:Cannot place theory period:
  Subject  : Algorithmic Thinking with Python
  Division : CS3
  Teacher  : Dr. Varun G. Menon
  Required : 1 theory period(s)
  Conflicts:
    • division CS3 timetable completely full on: Mon, Tue, Wed, Thu, Fri
WARNING:timetable_generator_engine:Cannot place theory period:
  Subject  : Digital Electronics and Logic Design
  Division : CS4
  Teacher  : Ms. Sareena K. K.
  Required : 1 theory period(s)
  Conflicts:
    • division CS4 timetable completely full on: Mon, Tue, Wed, Thu, Fri
WARNING:timetable_generator_engine:Cannot place theory period:
  Subject  : Programming in C
  Division : CS1
  Teacher  : Ms. Meera V. M.
  Required : 1 theory period(s)
  Conflicts:
    • division CS1 timetable completely full on: Mon, Tue, Wed, Thu, Fri
WARNING:timetable_generator_engine:Cannot place theory period:
  Subject  : Engineering Graphics and Computer Aided Drawing.
  Division : CS4
  Teacher  : Dr. Geethu R.
  Required : 1 theory period(s)
  Conflicts:
    • division CS4 timetable completely full on: Mon, Tue, Wed, Thu, Fri
WARNING:timetable_generator_engine:Cannot place theory period:
  Subject  : Programming in C
  Division : CS1
  Teacher  : Ms. Meera V. M.
  Required : 1 theory period(s)
  Conflicts:
    • division CS1 timetable completely full on: Mon, Tue, Wed, Thu, Fri
WARNING:timetable_generator_engine:Cannot place theory period:
  Subject  : Engineering Graphics and Computer Aided Drawing.
  Division : CS4
  Teacher  : Dr. Geethu R.
  Required : 1 theory period(s)
  Conflicts:
    • division CS4 timetable completely full on: Mon, Tue, Wed, Thu, Fri
WARNING:timetable_generator_engine:Cannot place theory period:
  Subject  : Programming in C
  Division : CS1
  Teacher  : Ms. Meera V. M.
  Required : 1 theory period(s)
  Conflicts:
    • division CS1 timetable completely full on: Mon, Tue, Wed, Thu, Fri
WARNING:timetable_generator_engine:Cannot place theory period:
  Subject  : Engineering Graphics and Computer Aided Drawing.
  Division : CS4
  Teacher  : Dr. Geethu R.
  Required : 1 theory period(s)
  Conflicts:
    • division CS4 timetable completely full on: Mon, Tue, Wed, Thu, Fri
WARNING:timetable_generator_engine:Cannot place theory period:
  Subject  : Programming in C
  Division : CS1
  Teacher  : Ms. Meera V. M.
  Required : 1 theory period(s)
  Conflicts:
    • division CS1 timetable completely full on: Mon, Tue, Wed, Thu, Fri
WARNING:timetable_generator_engine:Cannot place theory period:
  Subject  : Engineering Graphics and Computer Aided Drawing.
  Division : CS4
  Teacher  : Dr. Geethu R.
  Required : 1 theory period(s)
  Conflicts:
    • division CS4 timetable completely full on: Mon, Tue, Wed, Thu, Fri
INFO:timetable_generator_engine:  [relaxed pass] Engineering Graphics and Computer Aided Drawing. / CS2: placing 1 missing period(s)
WARNING:timetable_generator_engine:  [relaxed pass] Cannot place Engineering Graphics and Computer Aided Drawing. / CS2 even with relaxed cap
INFO:timetable_generator_engine:  [relaxed pass] Engineering Graphics and Computer Aided Drawing. / CS4: placing 4 missing period(s)
WARNING:timetable_generator_engine:  [relaxed pass] Cannot place Engineering Graphics and Computer Aided Drawing. / CS4 even with relaxed cap
INFO:timetable_generator_engine:  [relaxed pass] Digital Electronics and Logic Design / CS4: placing 1 missing period(s)
WARNING:timetable_generator_engine:  [relaxed pass] Cannot place Digital Electronics and Logic Design / CS4 even with relaxed cap
INFO:timetable_generator_engine:  [relaxed pass] Algorithmic Thinking with Python / CS3: placing 5 missing period(s)
WARNING:timetable_generator_engine:  [relaxed pass] Cannot place Algorithmic Thinking with Python / CS3 even with relaxed cap
INFO:timetable_generator_engine:  [relaxed pass] Programming in C / CS1: placing 5 missing period(s)
WARNING:timetable_generator_engine:  [relaxed pass] Cannot place Programming in C / CS1 even with relaxed cap
INFO:timetable_generator_engine:  [relaxed pass] Object Oriented Programming / CS2: placing 4 missing period(s)
WARNING:timetable_generator_engine:  [relaxed pass] Cannot place Object Oriented Programming / CS2 even with relaxed cap
INFO:timetable_generator_engine:  Attempt 50 (seed=8374) score: 89/100
INFO:timetable_generator_engine:Greedy attempt 51/80 …
WARNING:timetable_generator_engine:Cannot place theory period:
  Subject  : Object Oriented Programming
  Division : CS1
  Teacher  : Ms. Sanooja Beegam M. A.
  Required : 1 theory period(s)
  Conflicts:
    • division CS1 timetable completely full on: Mon, Tue, Wed, Thu, Fri
WARNING:timetable_generator_engine:Cannot place theory period:
  Subject  : Object Oriented Programming
  Division : CS1
  Teacher  : Ms. Sanooja Beegam M. A.
  Required : 1 theory period(s)
  Conflicts:
    • division CS1 timetable completely full on: Mon, Tue, Wed, Thu, Fri
WARNING:timetable_generator_engine:Cannot place theory period:
  Subject  : Algorithmic Thinking with Python
  Division : CS2
  Teacher  : Ms. Bini Omman
  Required : 1 theory period(s)
  Conflicts:
    • division CS2 timetable completely full on: Mon, Tue, Wed, Thu, Fri
WARNING:timetable_generator_engine:Cannot place theory period:
  Subject  : Programming in C
  Division : CS2
  Teacher  : Ms. Sruthy K. Joseph
  Required : 1 theory period(s)
  Conflicts:
    • division CS2 timetable completely full on: Mon, Tue, Wed, Thu, Fri
WARNING:timetable_generator_engine:Cannot place theory period:
  Subject  : Object Oriented Programming
  Division : CS1
  Teacher  : Ms. Sanooja Beegam M. A.
  Required : 1 theory period(s)
  Conflicts:
    • division CS1 timetable completely full on: Mon, Tue, Wed, Thu, Fri
WARNING:timetable_generator_engine:Cannot place theory period:
  Subject  : Algorithmic Thinking with Python
  Division : CS2
  Teacher  : Ms. Bini Omman
  Required : 1 theory period(s)
  Conflicts:
    • division CS2 timetable completely full on: Mon, Tue, Wed, Thu, Fri
WARNING:timetable_generator_engine:Cannot place theory period:
  Subject  : Object Oriented Programming
  Division : CS1
  Teacher  : Ms. Sanooja Beegam M. A.
  Required : 1 theory period(s)
  Conflicts:
    • division CS1 timetable completely full on: Mon, Tue, Wed, Thu, Fri
WARNING:timetable_generator_engine:Cannot place theory period:
  Subject  : Algorithmic Thinking with Python
  Division : CS2
  Teacher  : Ms. Bini Omman
  Required : 1 theory period(s)
  Conflicts:
    • division CS2 timetable completely full on: Mon, Tue, Wed, Thu, Fri
WARNING:timetable_generator_engine:Cannot place theory period:
  Subject  : Programming in C
  Division : CS3
  Teacher  : Ms. Demy Devassy
  Required : 1 theory period(s)
  Conflicts:
    • division CS3 timetable completely full on: Mon, Tue, Wed, Thu, Fri
WARNING:timetable_generator_engine:Cannot place theory period:
  Subject  : Object Oriented Programming
  Division : CS1
  Teacher  : Ms. Sanooja Beegam M. A.
  Required : 1 theory period(s)
  Conflicts:
    • division CS1 timetable completely full on: Mon, Tue, Wed, Thu, Fri
WARNING:timetable_generator_engine:Cannot place theory period:
  Subject  : Digital Electronics and Logic Design
  Division : CS4
  Teacher  : Ms. Sareena K. K.
  Required : 1 theory period(s)
  Conflicts:
    • division CS4 timetable completely full on: Mon, Tue, Wed, Thu, Fri
WARNING:timetable_generator_engine:Cannot place theory period:
  Subject  : Algorithmic Thinking with Python
  Division : CS2
  Teacher  : Ms. Bini Omman
  Required : 1 theory period(s)
  Conflicts:
    • division CS2 timetable completely full on: Mon, Tue, Wed, Thu, Fri
WARNING:timetable_generator_engine:Cannot place theory period:
  Subject  : Programming in C
  Division : CS3
  Teacher  : Ms. Demy Devassy
  Required : 1 theory period(s)
  Conflicts:
    • division CS3 timetable completely full on: Mon, Tue, Wed, Thu, Fri
WARNING:timetable_generator_engine:Cannot place theory period:
  Subject  : Engineering Graphics and Computer Aided Drawing.
  Division : CS4
  Teacher  : Dr. Geethu R.
  Required : 1 theory period(s)
  Conflicts:
    • division CS4 timetable completely full on: Mon, Tue, Wed, Thu, Fri
WARNING:timetable_generator_engine:Cannot place theory period:
  Subject  : Programming in C
  Division : CS3
  Teacher  : Ms. Demy Devassy
  Required : 1 theory period(s)
  Conflicts:
    • division CS3 timetable completely full on: Mon, Tue, Wed, Thu, Fri
WARNING:timetable_generator_engine:Cannot place theory period:
  Subject  : Engineering Graphics and Computer Aided Drawing.
  Division : CS4
  Teacher  : Dr. Geethu R.
  Required : 1 theory period(s)
  Conflicts:
    • division CS4 timetable completely full on: Mon, Tue, Wed, Thu, Fri
WARNING:timetable_generator_engine:Cannot place theory period:
  Subject  : Programming in C
  Division : CS3
  Teacher  : Ms. Demy Devassy
  Required : 1 theory period(s)
  Conflicts:
    • division CS3 timetable completely full on: Mon, Tue, Wed, Thu, Fri
WARNING:timetable_generator_engine:Cannot place theory period:
  Subject  : Engineering Graphics and Computer Aided Drawing.
  Division : CS4
  Teacher  : Dr. Geethu R.
  Required : 1 theory period(s)
  Conflicts:
    • division CS4 timetable completely full on: Mon, Tue, Wed, Thu, Fri
WARNING:timetable_generator_engine:Cannot place theory period:
  Subject  : Programming in C
  Division : CS3
  Teacher  : Ms. Demy Devassy
  Required : 1 theory period(s)
  Conflicts:
    • division CS3 timetable completely full on: Mon, Tue, Wed, Thu, Fri
WARNING:timetable_generator_engine:Cannot place theory period:
  Subject  : Engineering Graphics and Computer Aided Drawing.
  Division : CS4
  Teacher  : Dr. Geethu R.
  Required : 1 theory period(s)
  Conflicts:
    • division CS4 timetable completely full on: Mon, Tue, Wed, Thu, Fri
INFO:timetable_generator_engine:  [relaxed pass] Engineering Graphics and Computer Aided Drawing. / CS4: placing 4 missing period(s)
WARNING:timetable_generator_engine:  [relaxed pass] Cannot place Engineering Graphics and Computer Aided Drawing. / CS4 even with relaxed cap
INFO:timetable_generator_engine:  [relaxed pass] Algorithmic Thinking with Python / CS2: placing 4 missing period(s)
WARNING:timetable_generator_engine:  [relaxed pass] Cannot place Algorithmic Thinking with Python / CS2 even with relaxed cap
INFO:timetable_generator_engine:  [relaxed pass] Digital Electronics and Logic Design / CS4: placing 1 missing period(s)
WARNING:timetable_generator_engine:  [relaxed pass] Cannot place Digital Electronics and Logic Design / CS4 even with relaxed cap
INFO:timetable_generator_engine:  [relaxed pass] Object Oriented Programming / CS1: placing 5 missing period(s)
WARNING:timetable_generator_engine:  [relaxed pass] Cannot place Object Oriented Programming / CS1 even with relaxed cap
INFO:timetable_generator_engine:  [relaxed pass] Programming in C / CS2: placing 1 missing period(s)
WARNING:timetable_generator_engine:  [relaxed pass] Cannot place Programming in C / CS2 even with relaxed cap
INFO:timetable_generator_engine:  [relaxed pass] Programming in C / CS3: placing 5 missing period(s)
WARNING:timetable_generator_engine:  [relaxed pass] Cannot place Programming in C / CS3 even with relaxed cap
INFO:timetable_generator_engine:  Attempt 51 (seed=1714) score: 81/100
INFO:timetable_generator_engine:Greedy attempt 52/80 …
WARNING:timetable_generator_engine:Cannot place theory period:
  Subject  : Algorithmic Thinking with Python
  Division : CS1
  Teacher  : Dr. Deepa K.
  Required : 1 theory period(s)
  Conflicts:
    • division CS1 timetable completely full on: Mon, Tue, Wed, Thu, Fri
WARNING:timetable_generator_engine:Cannot place theory period:
  Subject  : Digital Electronics and Logic Design
  Division : CS1
  Teacher  : Mr. Anoop Jose
  Required : 1 theory period(s)
  Conflicts:
    • division CS1 timetable completely full on: Mon, Tue, Wed, Thu, Fri
WARNING:timetable_generator_engine:Cannot place theory period:
  Subject  : Programming in C
  Division : CS1
  Teacher  : Ms. Meera V. M.
  Required : 1 theory period(s)
  Conflicts:
    • division CS1 timetable completely full on: Mon, Tue, Wed, Thu, Fri
WARNING:timetable_generator_engine:Cannot place theory period:
  Subject  : Programming in C
  Division : CS1
  Teacher  : Ms. Meera V. M.
  Required : 1 theory period(s)
  Conflicts:
    • division CS1 timetable completely full on: Mon, Tue, Wed, Thu, Fri
WARNING:timetable_generator_engine:Cannot place theory period:
  Subject  : Algorithmic Thinking with Python
  Division : CS3
  Teacher  : Dr. Varun G. Menon
  Required : 1 theory period(s)
  Conflicts:
    • division CS3 timetable completely full on: Mon, Tue, Wed, Thu, Fri
WARNING:timetable_generator_engine:Cannot place theory period:
  Subject  : Engineering Graphics and Computer Aided Drawing.
  Division : CS3
  Teacher  : Ms. Divya M. S.
  Required : 1 theory period(s)
  Conflicts:
    • division CS3 timetable completely full on: Mon, Tue, Wed, Thu, Fri
WARNING:timetable_generator_engine:Cannot place theory period:
  Subject  : Programming in C
  Division : CS1
  Teacher  : Ms. Meera V. M.
  Required : 1 theory period(s)
  Conflicts:
    • division CS1 timetable completely full on: Mon, Tue, Wed, Thu, Fri
WARNING:timetable_generator_engine:Cannot place theory period:
  Subject  : Algorithmic Thinking with Python
  Division : CS3
  Teacher  : Dr. Varun G. Menon
  Required : 1 theory period(s)
  Conflicts:
    • division CS3 timetable completely full on: Mon, Tue, Wed, Thu, Fri
WARNING:timetable_generator_engine:Cannot place theory period:
  Subject  : Algorithmic Thinking with Python
  Division : CS3
  Teacher  : Dr. Varun G. Menon
  Required : 1 theory period(s)
  Conflicts:
    • division CS3 timetable completely full on: Mon, Tue, Wed, Thu, Fri
WARNING:timetable_generator_engine:Cannot place theory period:
  Subject  : Engineering Graphics and Computer Aided Drawing.
  Division : CS2
  Teacher  : Ms. Preema T. S.
  Required : 1 theory period(s)
  Conflicts:
    • division CS2 timetable completely full on: Mon, Tue, Wed, Thu, Fri
WARNING:timetable_generator_engine:Cannot place theory period:
  Subject  : Algorithmic Thinking with Python
  Division : CS3
  Teacher  : Dr. Varun G. Menon
  Required : 1 theory period(s)
  Conflicts:
    • division CS3 timetable completely full on: Mon, Tue, Wed, Thu, Fri
WARNING:timetable_generator_engine:Cannot place theory period:
  Subject  : Digital Electronics and Logic Design
  Division : CS4
  Teacher  : Ms. Sareena K. K.
  Required : 1 theory period(s)
  Conflicts:
    • division CS4 timetable completely full on: Mon, Tue, Wed, Thu, Fri
WARNING:timetable_generator_engine:Cannot place theory period:
  Subject  : Engineering Graphics and Computer Aided Drawing.
  Division : CS2
  Teacher  : Ms. Preema T. S.
  Required : 1 theory period(s)
  Conflicts:
    • division CS2 timetable completely full on: Mon, Tue, Wed, Thu, Fri
WARNING:timetable_generator_engine:Cannot place theory period:
  Subject  : Programming in C
  Division : CS4
  Teacher  : Ms. Vyshna R. K.
  Required : 1 theory period(s)
  Conflicts:
    • division CS4 timetable completely full on: Mon, Tue, Wed, Thu, Fri
WARNING:timetable_generator_engine:Cannot place theory period:
  Subject  : Engineering Graphics and Computer Aided Drawing.
  Division : CS2
  Teacher  : Ms. Preema T. S.
  Required : 1 theory period(s)
  Conflicts:
    • division CS2 timetable completely full on: Mon, Tue, Wed, Thu, Fri
WARNING:timetable_generator_engine:Cannot place theory period:
  Subject  : Programming in C
  Division : CS4
  Teacher  : Ms. Vyshna R. K.
  Required : 1 theory period(s)
  Conflicts:
    • division CS4 timetable completely full on: Mon, Tue, Wed, Thu, Fri
WARNING:timetable_generator_engine:Cannot place theory period:
  Subject  : Engineering Graphics and Computer Aided Drawing.
  Division : CS2
  Teacher  : Ms. Preema T. S.
  Required : 1 theory period(s)
  Conflicts:
    • division CS2 timetable completely full on: Mon, Tue, Wed, Thu, Fri
WARNING:timetable_generator_engine:Cannot place theory period:
  Subject  : Programming in C
  Division : CS4
  Teacher  : Ms. Vyshna R. K.
  Required : 1 theory period(s)
  Conflicts:
    • division CS4 timetable completely full on: Mon, Tue, Wed, Thu, Fri
WARNING:timetable_generator_engine:Cannot place theory period:
  Subject  : Engineering Graphics and Computer Aided Drawing.
  Division : CS2
  Teacher  : Ms. Preema T. S.
  Required : 1 theory period(s)
  Conflicts:
    • division CS2 timetable completely full on: Mon, Tue, Wed, Thu, Fri
WARNING:timetable_generator_engine:Cannot place theory period:
  Subject  : Programming in C
  Division : CS4
  Teacher  : Ms. Vyshna R. K.
  Required : 1 theory period(s)
  Conflicts:
    • division CS4 timetable completely full on: Mon, Tue, Wed, Thu, Fri
INFO:timetable_generator_engine:  [relaxed pass] Algorithmic Thinking with Python / CS1: placing 1 missing period(s)
WARNING:timetable_generator_engine:  [relaxed pass] Cannot place Algorithmic Thinking with Python / CS1 even with relaxed cap
INFO:timetable_generator_engine:  [relaxed pass] Digital Electronics and Logic Design / CS1: placing 1 missing period(s)
WARNING:timetable_generator_engine:  [relaxed pass] Cannot place Digital Electronics and Logic Design / CS1 even with relaxed cap
INFO:timetable_generator_engine:  [relaxed pass] Engineering Graphics and Computer Aided Drawing. / CS3: placing 1 missing period(s)
WARNING:timetable_generator_engine:  [relaxed pass] Cannot place Engineering Graphics and Computer Aided Drawing. / CS3 even with relaxed cap
INFO:timetable_generator_engine:  [relaxed pass] Digital Electronics and Logic Design / CS4: placing 1 missing period(s)
WARNING:timetable_generator_engine:  [relaxed pass] Cannot place Digital Electronics and Logic Design / CS4 even with relaxed cap
INFO:timetable_generator_engine:  [relaxed pass] Programming in C / CS1: placing 3 missing period(s)
WARNING:timetable_generator_engine:  [relaxed pass] Cannot place Programming in C / CS1 even with relaxed cap
INFO:timetable_generator_engine:  [relaxed pass] Engineering Graphics and Computer Aided Drawing. / CS2: placing 5 missing period(s)
WARNING:timetable_generator_engine:  [relaxed pass] Cannot place Engineering Graphics and Computer Aided Drawing. / CS2 even with relaxed cap
INFO:timetable_generator_engine:  [relaxed pass] Algorithmic Thinking with Python / CS3: placing 4 missing period(s)
WARNING:timetable_generator_engine:  [relaxed pass] Cannot place Algorithmic Thinking with Python / CS3 even with relaxed cap
INFO:timetable_generator_engine:  [relaxed pass] Programming in C / CS4: placing 4 missing period(s)
WARNING:timetable_generator_engine:  [relaxed pass] Cannot place Programming in C / CS4 even with relaxed cap
INFO:timetable_generator_engine:  Attempt 52 (seed=641778) score: 87/100
INFO:timetable_generator_engine:Greedy attempt 53/80 …
WARNING:timetable_generator_engine:Cannot place theory period:
  Subject  : Foundations of Computing: From Hardware Essentials to Web Design
  Division : CS2
  Teacher  : Ms. Surya S. G.
  Required : 1 theory period(s)
  Conflicts:
    • division CS2 timetable completely full on: Mon, Tue, Wed, Thu, Fri
WARNING:timetable_generator_engine:Cannot place theory period:
  Subject  : Engineering Graphics and Computer Aided Drawing.
  Division : CS2
  Teacher  : Ms. Preema T. S.
  Required : 1 theory period(s)
  Conflicts:
    • division CS2 timetable completely full on: Mon, Tue, Wed, Thu, Fri
WARNING:timetable_generator_engine:Cannot place theory period:
  Subject  : Foundations of Computing: From Hardware Essentials to Web Design
  Division : CS2
  Teacher  : Ms. Surya S. G.
  Required : 1 theory period(s)
  Conflicts:
    • division CS2 timetable completely full on: Mon, Tue, Wed, Thu, Fri
WARNING:timetable_generator_engine:Cannot place theory period:
  Subject  : Engineering Graphics and Computer Aided Drawing.
  Division : CS2
  Teacher  : Ms. Preema T. S.
  Required : 1 theory period(s)
  Conflicts:
    • division CS2 timetable completely full on: Mon, Tue, Wed, Thu, Fri
WARNING:timetable_generator_engine:Cannot place theory period:
  Subject  : Object Oriented Programming
  Division : CS4
  Teacher  : Ms. Neethu Roy
  Required : 1 theory period(s)
  Conflicts:
    • division CS4 timetable completely full on: Mon, Tue, Wed, Thu, Fri
WARNING:timetable_generator_engine:Cannot place theory period:
  Subject  : Programming in C
  Division : CS4
  Teacher  : Ms. Vyshna R. K.
  Required : 1 theory period(s)
  Conflicts:
    • division CS4 timetable completely full on: Mon, Tue, Wed, Thu, Fri
WARNING:timetable_generator_engine:Cannot place theory period:
  Subject  : Engineering Graphics and Computer Aided Drawing.
  Division : CS2
  Teacher  : Ms. Preema T. S.
  Required : 1 theory period(s)
  Conflicts:
    • division CS2 timetable completely full on: Mon, Tue, Wed, Thu, Fri
WARNING:timetable_generator_engine:Cannot place theory period:
  Subject  : Object Oriented Programming
  Division : CS4
  Teacher  : Ms. Neethu Roy
  Required : 1 theory period(s)
  Conflicts:
    • division CS4 timetable completely full on: Mon, Tue, Wed, Thu, Fri
WARNING:timetable_generator_engine:Cannot place theory period:
  Subject  : Object Oriented Programming
  Division : CS4
  Teacher  : Ms. Neethu Roy
  Required : 1 theory period(s)
  Conflicts:
    • division CS4 timetable completely full on: Mon, Tue, Wed, Thu, Fri
WARNING:timetable_generator_engine:Cannot place theory period:
  Subject  : Algorithmic Thinking with Python
  Division : CS3
  Teacher  : Dr. Varun G. Menon
  Required : 1 theory period(s)
  Conflicts:
    • division CS3 timetable completely full on: Mon, Tue, Wed, Thu, Fri
WARNING:timetable_generator_engine:Cannot place theory period:
  Subject  : Digital Electronics and Logic Design
  Division : CS1
  Teacher  : Mr. Anoop Jose
  Required : 1 theory period(s)
  Conflicts:
    • division CS1 timetable completely full on: Mon, Tue, Wed, Thu, Fri
WARNING:timetable_generator_engine:Cannot place theory period:
  Subject  : Object Oriented Programming
  Division : CS4
  Teacher  : Ms. Neethu Roy
  Required : 1 theory period(s)
  Conflicts:
    • division CS4 timetable completely full on: Mon, Tue, Wed, Thu, Fri
WARNING:timetable_generator_engine:Cannot place theory period:
  Subject  : Programming in C
  Division : CS1
  Teacher  : Ms. Meera V. M.
  Required : 1 theory period(s)
  Conflicts:
    • division CS1 timetable completely full on: Mon, Tue, Wed, Thu, Fri
WARNING:timetable_generator_engine:Cannot place theory period:
  Subject  : Engineering Graphics and Computer Aided Drawing.
  Division : CS3
  Teacher  : Ms. Divya M. S.
  Required : 1 theory period(s)
  Conflicts:
    • division CS3 timetable completely full on: Mon, Tue, Wed, Thu, Fri
WARNING:timetable_generator_engine:Cannot place theory period:
  Subject  : Programming in C
  Division : CS1
  Teacher  : Ms. Meera V. M.
  Required : 1 theory period(s)
  Conflicts:
    • division CS1 timetable completely full on: Mon, Tue, Wed, Thu, Fri
WARNING:timetable_generator_engine:Cannot place theory period:
  Subject  : Engineering Graphics and Computer Aided Drawing.
  Division : CS3
  Teacher  : Ms. Divya M. S.
  Required : 1 theory period(s)
  Conflicts:
    • division CS3 timetable completely full on: Mon, Tue, Wed, Thu, Fri
WARNING:timetable_generator_engine:Cannot place theory period:
  Subject  : Programming in C
  Division : CS1
  Teacher  : Ms. Meera V. M.
  Required : 1 theory period(s)
  Conflicts:
    • division CS1 timetable completely full on: Mon, Tue, Wed, Thu, Fri
WARNING:timetable_generator_engine:Cannot place theory period:
  Subject  : Engineering Graphics and Computer Aided Drawing.
  Division : CS3
  Teacher  : Ms. Divya M. S.
  Required : 1 theory period(s)
  Conflicts:
    • division CS3 timetable completely full on: Mon, Tue, Wed, Thu, Fri
WARNING:timetable_generator_engine:Cannot place theory period:
  Subject  : Programming in C
  Division : CS1
  Teacher  : Ms. Meera V. M.
  Required : 1 theory period(s)
  Conflicts:
    • division CS1 timetable completely full on: Mon, Tue, Wed, Thu, Fri
WARNING:timetable_generator_engine:Cannot place theory period:
  Subject  : Engineering Graphics and Computer Aided Drawing.
  Division : CS3
  Teacher  : Ms. Divya M. S.
  Required : 1 theory period(s)
  Conflicts:
    • division CS3 timetable completely full on: Mon, Tue, Wed, Thu, Fri
INFO:timetable_generator_engine:  [relaxed pass] Programming in C / CS4: placing 1 missing period(s)
WARNING:timetable_generator_engine:  [relaxed pass] Cannot place Programming in C / CS4 even with relaxed cap
INFO:timetable_generator_engine:  [relaxed pass] Engineering Graphics and Computer Aided Drawing. / CS2: placing 3 missing period(s)
WARNING:timetable_generator_engine:  [relaxed pass] Cannot place Engineering Graphics and Computer Aided Drawing. / CS2 even with relaxed cap
INFO:timetable_generator_engine:  [relaxed pass] Engineering Graphics and Computer Aided Drawing. / CS3: placing 4 missing period(s)
WARNING:timetable_generator_engine:  [relaxed pass] Cannot place Engineering Graphics and Computer Aided Drawing. / CS3 even with relaxed cap
INFO:timetable_generator_engine:  [relaxed pass] Programming in C / CS1: placing 4 missing period(s)
WARNING:timetable_generator_engine:  [relaxed pass] Cannot place Programming in C / CS1 even with relaxed cap
INFO:timetable_generator_engine:  [relaxed pass] Object Oriented Programming / CS4: placing 4 missing period(s)
WARNING:timetable_generator_engine:  [relaxed pass] Cannot place Object Oriented Programming / CS4 even with relaxed cap
INFO:timetable_generator_engine:  [relaxed pass] Digital Electronics and Logic Design / CS1: placing 1 missing period(s)
WARNING:timetable_generator_engine:  [relaxed pass] Cannot place Digital Electronics and Logic Design / CS1 even with relaxed cap
INFO:timetable_generator_engine:  [relaxed pass] Algorithmic Thinking with Python / CS3: placing 1 missing period(s)
WARNING:timetable_generator_engine:  [relaxed pass] Cannot place Algorithmic Thinking with Python / CS3 even with relaxed cap
INFO:timetable_generator_engine:  [relaxed pass] Foundations of Computing: From Hardware Essentials to Web Design / CS2: placing 2 missing period(s)
WARNING:timetable_generator_engine:  [relaxed pass] Cannot place Foundations of Computing: From Hardware Essentials to Web Design / CS2 even with relaxed cap
INFO:timetable_generator_engine:  Attempt 53 (seed=114620) score: 83/100
INFO:timetable_generator_engine:Greedy attempt 54/80 …
WARNING:timetable_generator_engine:Cannot place theory period:
  Subject  : Programming in C
  Division : CS1
  Teacher  : Ms. Meera V. M.
  Required : 1 theory period(s)
  Conflicts:
    • division CS1 timetable completely full on: Mon, Tue, Wed, Fri
WARNING:timetable_generator_engine:Cannot place theory period:
  Subject  : Engineering Graphics and Computer Aided Drawing.
  Division : CS4
  Teacher  : Dr. Geethu R.
  Required : 1 theory period(s)
  Conflicts:
    • division CS4 timetable completely full on: Mon, Tue, Wed, Thu, Fri
WARNING:timetable_generator_engine:Cannot place theory period:
  Subject  : Programming in C
  Division : CS4
  Teacher  : Ms. Vyshna R. K.
  Required : 1 theory period(s)
  Conflicts:
    • division CS4 timetable completely full on: Mon, Tue, Wed, Thu, Fri
WARNING:timetable_generator_engine:Cannot place theory period:
  Subject  : Engineering Graphics and Computer Aided Drawing.
  Division : CS4
  Teacher  : Dr. Geethu R.
  Required : 1 theory period(s)
  Conflicts:
    • division CS4 timetable completely full on: Mon, Tue, Wed, Thu, Fri
WARNING:timetable_generator_engine:Cannot place theory period:
  Subject  : Object Oriented Programming
  Division : CS1
  Teacher  : Ms. Sanooja Beegam M. A.
  Required : 1 theory period(s)
  Conflicts:
    • division CS1 timetable completely full on: Mon, Tue, Wed, Thu, Fri
WARNING:timetable_generator_engine:Cannot place theory period:
  Subject  : Programming in C
  Division : CS4
  Teacher  : Ms. Vyshna R. K.
  Required : 1 theory period(s)
  Conflicts:
    • division CS4 timetable completely full on: Mon, Tue, Wed, Thu, Fri
WARNING:timetable_generator_engine:Cannot place theory period:
  Subject  : Engineering Graphics and Computer Aided Drawing.
  Division : CS4
  Teacher  : Dr. Geethu R.
  Required : 1 theory period(s)
  Conflicts:
    • division CS4 timetable completely full on: Mon, Tue, Wed, Thu, Fri
WARNING:timetable_generator_engine:Cannot place theory period:
  Subject  : Object Oriented Programming
  Division : CS1
  Teacher  : Ms. Sanooja Beegam M. A.
  Required : 1 theory period(s)
  Conflicts:
    • division CS1 timetable completely full on: Mon, Tue, Wed, Thu, Fri
WARNING:timetable_generator_engine:Cannot place theory period:
  Subject  : Object Oriented Programming
  Division : CS1
  Teacher  : Ms. Sanooja Beegam M. A.
  Required : 1 theory period(s)
  Conflicts:
    • division CS1 timetable completely full on: Mon, Tue, Wed, Thu, Fri
WARNING:timetable_generator_engine:Cannot place theory period:
  Subject  : Engineering Graphics and Computer Aided Drawing.
  Division : CS2
  Teacher  : Ms. Preema T. S.
  Required : 1 theory period(s)
  Conflicts:
    • division CS2 timetable completely full on: Mon, Tue, Wed, Thu, Fri
WARNING:timetable_generator_engine:Cannot place theory period:
  Subject  : Object Oriented Programming
  Division : CS1
  Teacher  : Ms. Sanooja Beegam M. A.
  Required : 1 theory period(s)
  Conflicts:
    • division CS1 timetable completely full on: Mon, Tue, Wed, Thu, Fri
WARNING:timetable_generator_engine:Cannot place theory period:
  Subject  : Digital Electronics and Logic Design
  Division : CS3
  Teacher  : Dr. Noora V. T.
  Required : 1 theory period(s)
  Conflicts:
    • division CS3 timetable completely full on: Mon, Tue, Wed, Thu, Fri
WARNING:timetable_generator_engine:Cannot place theory period:
  Subject  : Programming in C
  Division : CS3
  Teacher  : Ms. Demy Devassy
  Required : 1 theory period(s)
  Conflicts:
    • division CS3 timetable completely full on: Mon, Tue, Wed, Thu, Fri
WARNING:timetable_generator_engine:Cannot place theory period:
  Subject  : Engineering Graphics and Computer Aided Drawing.
  Division : CS2
  Teacher  : Ms. Preema T. S.
  Required : 1 theory period(s)
  Conflicts:
    • division CS2 timetable completely full on: Mon, Tue, Wed, Thu, Fri
WARNING:timetable_generator_engine:Cannot place theory period:
  Subject  : Programming in C
  Division : CS3
  Teacher  : Ms. Demy Devassy
  Required : 1 theory period(s)
  Conflicts:
    • division CS3 timetable completely full on: Mon, Tue, Wed, Thu, Fri
WARNING:timetable_generator_engine:Cannot place theory period:
  Subject  : Engineering Graphics and Computer Aided Drawing.
  Division : CS2
  Teacher  : Ms. Preema T. S.
  Required : 1 theory period(s)
  Conflicts:
    • division CS2 timetable completely full on: Mon, Tue, Wed, Thu, Fri
WARNING:timetable_generator_engine:Cannot place theory period:
  Subject  : Programming in C
  Division : CS3
  Teacher  : Ms. Demy Devassy
  Required : 1 theory period(s)
  Conflicts:
    • division CS3 timetable completely full on: Mon, Tue, Wed, Thu, Fri
WARNING:timetable_generator_engine:Cannot place theory period:
  Subject  : Engineering Graphics and Computer Aided Drawing.
  Division : CS2
  Teacher  : Ms. Preema T. S.
  Required : 1 theory period(s)
  Conflicts:
    • division CS2 timetable completely full on: Mon, Tue, Wed, Thu, Fri
WARNING:timetable_generator_engine:Cannot place theory period:
  Subject  : Programming in C
  Division : CS3
  Teacher  : Ms. Demy Devassy
  Required : 1 theory period(s)
  Conflicts:
    • division CS3 timetable completely full on: Mon, Tue, Wed, Thu, Fri
WARNING:timetable_generator_engine:Cannot place theory period:
  Subject  : Engineering Graphics and Computer Aided Drawing.
  Division : CS2
  Teacher  : Ms. Preema T. S.
  Required : 1 theory period(s)
  Conflicts:
    • division CS2 timetable completely full on: Mon, Tue, Wed, Thu, Fri
INFO:timetable_generator_engine:  [relaxed pass] Programming in C / CS1: placing 1 missing period(s)
WARNING:timetable_generator_engine:  [relaxed pass] Cannot place Programming in C / CS1 even with relaxed cap
INFO:timetable_generator_engine:  [relaxed pass] Programming in C / CS4: placing 2 missing period(s)
WARNING:timetable_generator_engine:  [relaxed pass] Cannot place Programming in C / CS4 even with relaxed cap
INFO:timetable_generator_engine:  [relaxed pass] Programming in C / CS3: placing 4 missing period(s)
WARNING:timetable_generator_engine:  [relaxed pass] Cannot place Programming in C / CS3 even with relaxed cap
INFO:timetable_generator_engine:  [relaxed pass] Engineering Graphics and Computer Aided Drawing. / CS4: placing 3 missing period(s)
WARNING:timetable_generator_engine:  [relaxed pass] Cannot place Engineering Graphics and Computer Aided Drawing. / CS4 even with relaxed cap
INFO:timetable_generator_engine:  [relaxed pass] Digital Electronics and Logic Design / CS3: placing 1 missing period(s)
WARNING:timetable_generator_engine:  [relaxed pass] Cannot place Digital Electronics and Logic Design / CS3 even with relaxed cap
INFO:timetable_generator_engine:  [relaxed pass] Object Oriented Programming / CS1: placing 4 missing period(s)
WARNING:timetable_generator_engine:  [relaxed pass] Cannot place Object Oriented Programming / CS1 even with relaxed cap
INFO:timetable_generator_engine:  [relaxed pass] Engineering Graphics and Computer Aided Drawing. / CS2: placing 5 missing period(s)
WARNING:timetable_generator_engine:  [relaxed pass] Cannot place Engineering Graphics and Computer Aided Drawing. / CS2 even with relaxed cap
INFO:timetable_generator_engine:  Attempt 54 (seed=633960) score: 84/100
INFO:timetable_generator_engine:Greedy attempt 55/80 …
WARNING:timetable_generator_engine:Cannot place theory period:
  Subject  : Algorithmic Thinking with Python
  Division : CS4
  Teacher  : Ms. Neethu Krishna
  Required : 1 theory period(s)
  Conflicts:
    • division CS4 timetable completely full on: Mon, Tue, Wed, Thu, Fri
WARNING:timetable_generator_engine:Cannot place theory period:
  Subject  : Engineering Graphics and Computer Aided Drawing.
  Division : CS4
  Teacher  : Dr. Geethu R.
  Required : 1 theory period(s)
  Conflicts:
    • division CS4 timetable completely full on: Mon, Tue, Wed, Thu, Fri
WARNING:timetable_generator_engine:Cannot place theory period:
  Subject  : Programming in C
  Division : CS4
  Teacher  : Ms. Vyshna R. K.
  Required : 1 theory period(s)
  Conflicts:
    • division CS4 timetable completely full on: Mon, Tue, Wed, Thu, Fri
WARNING:timetable_generator_engine:Cannot place theory period:
  Subject  : Engineering Graphics and Computer Aided Drawing.
  Division : CS4
  Teacher  : Dr. Geethu R.
  Required : 1 theory period(s)
  Conflicts:
    • division CS4 timetable completely full on: Mon, Tue, Wed, Thu, Fri
WARNING:timetable_generator_engine:Cannot place theory period:
  Subject  : Programming in C
  Division : CS4
  Teacher  : Ms. Vyshna R. K.
  Required : 1 theory period(s)
  Conflicts:
    • division CS4 timetable completely full on: Mon, Tue, Wed, Thu, Fri
WARNING:timetable_generator_engine:Cannot place theory period:
  Subject  : Algorithmic Thinking with Python
  Division : CS2
  Teacher  : Ms. Bini Omman
  Required : 1 theory period(s)
  Conflicts:
    • division CS2 timetable completely full on: Mon, Tue, Wed, Thu, Fri
WARNING:timetable_generator_engine:Cannot place theory period:
  Subject  : Object Oriented Programming
  Division : CS2
  Teacher  : Ms. Julie Siby
  Required : 1 theory period(s)
  Conflicts:
    • division CS2 timetable completely full on: Mon, Tue, Wed, Thu, Fri
WARNING:timetable_generator_engine:Cannot place theory period:
  Subject  : Algorithmic Thinking with Python
  Division : CS2
  Teacher  : Ms. Bini Omman
  Required : 1 theory period(s)
  Conflicts:
    • division CS2 timetable completely full on: Mon, Tue, Wed, Thu, Fri
WARNING:timetable_generator_engine:Cannot place theory period:
  Subject  : Programming in C
  Division : CS1
  Teacher  : Ms. Meera V. M.
  Required : 1 theory period(s)
  Conflicts:
    • division CS1 timetable completely full on: Mon, Tue, Wed, Thu, Fri
WARNING:timetable_generator_engine:Cannot place theory period:
  Subject  : Object Oriented Programming
  Division : CS2
  Teacher  : Ms. Julie Siby
  Required : 1 theory period(s)
  Conflicts:
    • division CS2 timetable completely full on: Mon, Tue, Wed, Thu, Fri
WARNING:timetable_generator_engine:Cannot place theory period:
  Subject  : Algorithmic Thinking with Python
  Division : CS2
  Teacher  : Ms. Bini Omman
  Required : 1 theory period(s)
  Conflicts:
    • division CS2 timetable completely full on: Mon, Tue, Wed, Thu, Fri
WARNING:timetable_generator_engine:Cannot place theory period:
  Subject  : Digital Electronics and Logic Design
  Division : CS3
  Teacher  : Dr. Noora V. T.
  Required : 1 theory period(s)
  Conflicts:
    • division CS3 timetable completely full on: Mon, Tue, Wed, Thu, Fri
WARNING:timetable_generator_engine:Cannot place theory period:
  Subject  : Engineering Graphics and Computer Aided Drawing.
  Division : CS3
  Teacher  : Ms. Divya M. S.
  Required : 1 theory period(s)
  Conflicts:
    • division CS3 timetable completely full on: Mon, Tue, Wed, Thu, Fri
WARNING:timetable_generator_engine:Cannot place theory period:
  Subject  : Programming in C
  Division : CS1
  Teacher  : Ms. Meera V. M.
  Required : 1 theory period(s)
  Conflicts:
    • division CS1 timetable completely full on: Mon, Tue, Wed, Thu, Fri
WARNING:timetable_generator_engine:Cannot place theory period:
  Subject  : Engineering Graphics and Computer Aided Drawing.
  Division : CS3
  Teacher  : Ms. Divya M. S.
  Required : 1 theory period(s)
  Conflicts:
    • division CS3 timetable completely full on: Mon, Tue, Wed, Thu, Fri
WARNING:timetable_generator_engine:Cannot place theory period:
  Subject  : Programming in C
  Division : CS1
  Teacher  : Ms. Meera V. M.
  Required : 1 theory period(s)
  Conflicts:
    • division CS1 timetable completely full on: Mon, Tue, Wed, Thu, Fri
WARNING:timetable_generator_engine:Cannot place theory period:
  Subject  : Engineering Graphics and Computer Aided Drawing.
  Division : CS3
  Teacher  : Ms. Divya M. S.
  Required : 1 theory period(s)
  Conflicts:
    • division CS3 timetable completely full on: Mon, Tue, Wed, Thu, Fri
WARNING:timetable_generator_engine:Cannot place theory period:
  Subject  : Programming in C
  Division : CS1
  Teacher  : Ms. Meera V. M.
  Required : 1 theory period(s)
  Conflicts:
    • division CS1 timetable completely full on: Mon, Tue, Wed, Thu, Fri
WARNING:timetable_generator_engine:Cannot place theory period:
  Subject  : Engineering Graphics and Computer Aided Drawing.
  Division : CS3
  Teacher  : Ms. Divya M. S.
  Required : 1 theory period(s)
  Conflicts:
    • division CS3 timetable completely full on: Mon, Tue, Wed, Thu, Fri
WARNING:timetable_generator_engine:Cannot place theory period:
  Subject  : Programming in C
  Division : CS1
  Teacher  : Ms. Meera V. M.
  Required : 1 theory period(s)
  Conflicts:
    • division CS1 timetable completely full on: Mon, Tue, Wed, Thu, Fri
INFO:timetable_generator_engine:  [relaxed pass] Engineering Graphics and Computer Aided Drawing. / CS4: placing 2 missing period(s)
WARNING:timetable_generator_engine:  [relaxed pass] Cannot place Engineering Graphics and Computer Aided Drawing. / CS4 even with relaxed cap
INFO:timetable_generator_engine:  [relaxed pass] Programming in C / CS4: placing 2 missing period(s)
WARNING:timetable_generator_engine:  [relaxed pass] Cannot place Programming in C / CS4 even with relaxed cap
INFO:timetable_generator_engine:  [relaxed pass] Algorithmic Thinking with Python / CS4: placing 1 missing period(s)
WARNING:timetable_generator_engine:  [relaxed pass] Cannot place Algorithmic Thinking with Python / CS4 even with relaxed cap
INFO:timetable_generator_engine:  [relaxed pass] Object Oriented Programming / CS2: placing 2 missing period(s)
WARNING:timetable_generator_engine:  [relaxed pass] Cannot place Object Oriented Programming / CS2 even with relaxed cap
INFO:timetable_generator_engine:  [relaxed pass] Programming in C / CS1: placing 5 missing period(s)
WARNING:timetable_generator_engine:  [relaxed pass] Cannot place Programming in C / CS1 even with relaxed cap
INFO:timetable_generator_engine:  [relaxed pass] Algorithmic Thinking with Python / CS2: placing 3 missing period(s)
WARNING:timetable_generator_engine:  [relaxed pass] Cannot place Algorithmic Thinking with Python / CS2 even with relaxed cap
INFO:timetable_generator_engine:  [relaxed pass] Engineering Graphics and Computer Aided Drawing. / CS3: placing 4 missing period(s)
WARNING:timetable_generator_engine:  [relaxed pass] Cannot place Engineering Graphics and Computer Aided Drawing. / CS3 even with relaxed cap
INFO:timetable_generator_engine:  [relaxed pass] Digital Electronics and Logic Design / CS3: placing 1 missing period(s)
WARNING:timetable_generator_engine:  [relaxed pass] Cannot place Digital Electronics and Logic Design / CS3 even with relaxed cap
INFO:timetable_generator_engine:  Attempt 55 (seed=618003) score: 89/100
INFO:timetable_generator_engine:Greedy attempt 56/80 …
WARNING:timetable_generator_engine:Cannot place theory period:
  Subject  : Foundations of Computing: From Hardware Essentials to Web Design
  Division : CS1
  Teacher  : Dr. Manish T. I.
  Required : 1 theory period(s)
  Conflicts:
    • division CS1 timetable completely full on: Mon, Tue, Wed, Thu, Fri
WARNING:timetable_generator_engine:Cannot place theory period:
  Subject  : Object Oriented Programming
  Division : CS1
  Teacher  : Ms. Sanooja Beegam M. A.
  Required : 1 theory period(s)
  Conflicts:
    • division CS1 timetable completely full on: Mon, Tue, Wed, Thu, Fri
WARNING:timetable_generator_engine:Cannot place theory period:
  Subject  : Foundations of Computing: From Hardware Essentials to Web Design
  Division : CS1
  Teacher  : Dr. Manish T. I.
  Required : 1 theory period(s)
  Conflicts:
    • division CS1 timetable completely full on: Mon, Tue, Wed, Thu, Fri
WARNING:timetable_generator_engine:Cannot place theory period:
  Subject  : Foundations of Computing: From Hardware Essentials to Web Design
  Division : CS1
  Teacher  : Dr. Manish T. I.
  Required : 1 theory period(s)
  Conflicts:
    • division CS1 timetable completely full on: Mon, Tue, Wed, Thu, Fri
WARNING:timetable_generator_engine:Cannot place theory period:
  Subject  : Foundations of Computing: From Hardware Essentials to Web Design
  Division : CS1
  Teacher  : Dr. Manish T. I.
  Required : 1 theory period(s)
  Conflicts:
    • division CS1 timetable completely full on: Mon, Tue, Wed, Thu, Fri
WARNING:timetable_generator_engine:Cannot place theory period:
  Subject  : Algorithmic Thinking with Python
  Division : CS4
  Teacher  : Ms. Neethu Krishna
  Required : 1 theory period(s)
  Conflicts:
    • division CS4 timetable completely full on: Mon, Tue, Wed, Thu, Fri
WARNING:timetable_generator_engine:Cannot place theory period:
  Subject  : Object Oriented Programming
  Division : CS4
  Teacher  : Ms. Neethu Roy
  Required : 1 theory period(s)
  Conflicts:
    • division CS4 timetable completely full on: Mon, Tue, Wed, Thu, Fri
WARNING:timetable_generator_engine:Cannot place theory period:
  Subject  : Algorithmic Thinking with Python
  Division : CS4
  Teacher  : Ms. Neethu Krishna
  Required : 1 theory period(s)
  Conflicts:
    • division CS4 timetable completely full on: Mon, Tue, Wed, Thu, Fri
WARNING:timetable_generator_engine:Cannot place theory period:
  Subject  : Engineering Graphics and Computer Aided Drawing.
  Division : CS3
  Teacher  : Ms. Divya M. S.
  Required : 1 theory period(s)
  Conflicts:
    • division CS3 timetable completely full on: Mon, Tue, Wed, Thu, Fri
WARNING:timetable_generator_engine:Cannot place theory period:
  Subject  : Object Oriented Programming
  Division : CS4
  Teacher  : Ms. Neethu Roy
  Required : 1 theory period(s)
  Conflicts:
    • division CS4 timetable completely full on: Mon, Tue, Wed, Thu, Fri
WARNING:timetable_generator_engine:Cannot place theory period:
  Subject  : Algorithmic Thinking with Python
  Division : CS4
  Teacher  : Ms. Neethu Krishna
  Required : 1 theory period(s)
  Conflicts:
    • division CS4 timetable completely full on: Mon, Tue, Wed, Thu, Fri
WARNING:timetable_generator_engine:Cannot place theory period:
  Subject  : Digital Electronics and Logic Design
  Division : CS2
  Teacher  : Ms. Smera Thomas
  Required : 1 theory period(s)
  Conflicts:
    • division CS2 timetable completely full on: Mon, Tue, Wed, Thu, Fri
WARNING:timetable_generator_engine:Cannot place theory period:
  Subject  : Programming in C
  Division : CS2
  Teacher  : Ms. Sruthy K. Joseph
  Required : 1 theory period(s)
  Conflicts:
    • division CS2 timetable completely full on: Mon, Tue, Wed, Thu, Fri
WARNING:timetable_generator_engine:Cannot place theory period:
  Subject  : Engineering Graphics and Computer Aided Drawing.
  Division : CS3
  Teacher  : Ms. Divya M. S.
  Required : 1 theory period(s)
  Conflicts:
    • division CS3 timetable completely full on: Mon, Tue, Wed, Thu, Fri
WARNING:timetable_generator_engine:Cannot place theory period:
  Subject  : Programming in C
  Division : CS2
  Teacher  : Ms. Sruthy K. Joseph
  Required : 1 theory period(s)
  Conflicts:
    • division CS2 timetable completely full on: Mon, Tue, Wed, Thu, Fri
WARNING:timetable_generator_engine:Cannot place theory period:
  Subject  : Engineering Graphics and Computer Aided Drawing.
  Division : CS3
  Teacher  : Ms. Divya M. S.
  Required : 1 theory period(s)
  Conflicts:
    • division CS3 timetable completely full on: Mon, Tue, Wed, Thu, Fri
WARNING:timetable_generator_engine:Cannot place theory period:
  Subject  : Programming in C
  Division : CS2
  Teacher  : Ms. Sruthy K. Joseph
  Required : 1 theory period(s)
  Conflicts:
    • division CS2 timetable completely full on: Mon, Tue, Wed, Thu, Fri
WARNING:timetable_generator_engine:Cannot place theory period:
  Subject  : Engineering Graphics and Computer Aided Drawing.
  Division : CS3
  Teacher  : Ms. Divya M. S.
  Required : 1 theory period(s)
  Conflicts:
    • division CS3 timetable completely full on: Mon, Tue, Wed, Thu, Fri
WARNING:timetable_generator_engine:Cannot place theory period:
  Subject  : Programming in C
  Division : CS2
  Teacher  : Ms. Sruthy K. Joseph
  Required : 1 theory period(s)
  Conflicts:
    • division CS2 timetable completely full on: Mon, Tue, Wed, Thu, Fri
WARNING:timetable_generator_engine:Cannot place theory period:
  Subject  : Engineering Graphics and Computer Aided Drawing.
  Division : CS3
  Teacher  : Ms. Divya M. S.
  Required : 1 theory period(s)
  Conflicts:
    • division CS3 timetable completely full on: Mon, Tue, Wed, Thu, Fri
INFO:timetable_generator_engine:  [relaxed pass] Object Oriented Programming / CS1: placing 1 missing period(s)
WARNING:timetable_generator_engine:  [relaxed pass] Cannot place Object Oriented Programming / CS1 even with relaxed cap
INFO:timetable_generator_engine:  [relaxed pass] Algorithmic Thinking with Python / CS4: placing 3 missing period(s)
WARNING:timetable_generator_engine:  [relaxed pass] Cannot place Algorithmic Thinking with Python / CS4 even with relaxed cap
INFO:timetable_generator_engine:  [relaxed pass] Foundations of Computing: From Hardware Essentials to Web Design / CS1: placing 4 missing period(s)
WARNING:timetable_generator_engine:  [relaxed pass] Cannot place Foundations of Computing: From Hardware Essentials to Web Design / CS1 even with relaxed cap
INFO:timetable_generator_engine:  [relaxed pass] Engineering Graphics and Computer Aided Drawing. / CS3: placing 5 missing period(s)
WARNING:timetable_generator_engine:  [relaxed pass] Cannot place Engineering Graphics and Computer Aided Drawing. / CS3 even with relaxed cap
INFO:timetable_generator_engine:  [relaxed pass] Programming in C / CS2: placing 4 missing period(s)
WARNING:timetable_generator_engine:  [relaxed pass] Cannot place Programming in C / CS2 even with relaxed cap
INFO:timetable_generator_engine:  [relaxed pass] Digital Electronics and Logic Design / CS2: placing 1 missing period(s)
WARNING:timetable_generator_engine:  [relaxed pass] Cannot place Digital Electronics and Logic Design / CS2 even with relaxed cap
INFO:timetable_generator_engine:  [relaxed pass] Object Oriented Programming / CS4: placing 2 missing period(s)
WARNING:timetable_generator_engine:  [relaxed pass] Cannot place Object Oriented Programming / CS4 even with relaxed cap
INFO:timetable_generator_engine:  Attempt 56 (seed=42895) score: 87/100
INFO:timetable_generator_engine:Greedy attempt 57/80 …
WARNING:timetable_generator_engine:Cannot place theory period:
  Subject  : Digital Electronics and Logic Design
  Division : CS4
  Teacher  : Ms. Sareena K. K.
  Required : 1 theory period(s)
  Conflicts:
    • division CS4 timetable completely full on: Mon, Tue, Wed, Thu, Fri
WARNING:timetable_generator_engine:Cannot place theory period:
  Subject  : Digital Electronics and Logic Design
  Division : CS4
  Teacher  : Ms. Sareena K. K.
  Required : 1 theory period(s)
  Conflicts:
    • division CS4 timetable completely full on: Mon, Tue, Wed, Thu, Fri
WARNING:timetable_generator_engine:Cannot place theory period:
  Subject  : Algorithmic Thinking with Python
  Division : CS2
  Teacher  : Ms. Bini Omman
  Required : 1 theory period(s)
  Conflicts:
    • division CS2 timetable completely full on: Mon, Tue, Wed, Thu, Fri
WARNING:timetable_generator_engine:Cannot place theory period:
  Subject  : Digital Electronics and Logic Design
  Division : CS4
  Teacher  : Ms. Sareena K. K.
  Required : 1 theory period(s)
  Conflicts:
    • division CS4 timetable completely full on: Mon, Tue, Wed, Thu, Fri
WARNING:timetable_generator_engine:Cannot place theory period:
  Subject  : Object Oriented Programming
  Division : CS2
  Teacher  : Ms. Julie Siby
  Required : 1 theory period(s)
  Conflicts:
    • division CS2 timetable completely full on: Mon, Tue, Wed, Thu, Fri
WARNING:timetable_generator_engine:Cannot place theory period:
  Subject  : Algorithmic Thinking with Python
  Division : CS2
  Teacher  : Ms. Bini Omman
  Required : 1 theory period(s)
  Conflicts:
    • division CS2 timetable completely full on: Mon, Tue, Wed, Thu, Fri
WARNING:timetable_generator_engine:Cannot place theory period:
  Subject  : Digital Electronics and Logic Design
  Division : CS4
  Teacher  : Ms. Sareena K. K.
  Required : 1 theory period(s)
  Conflicts:
    • division CS4 timetable completely full on: Mon, Tue, Wed, Thu, Fri
WARNING:timetable_generator_engine:Cannot place theory period:
  Subject  : Programming in C
  Division : CS3
  Teacher  : Ms. Demy Devassy
  Required : 1 theory period(s)
  Conflicts:
    • division CS3 timetable completely full on: Mon, Tue, Wed, Thu, Fri
WARNING:timetable_generator_engine:Cannot place theory period:
  Subject  : Engineering Graphics and Computer Aided Drawing.
  Division : CS1
  Teacher  : Ms. Jane Theresa
  Required : 1 theory period(s)
  Conflicts:
    • division CS1 timetable completely full on: Mon, Tue, Wed, Thu, Fri
WARNING:timetable_generator_engine:Cannot place theory period:
  Subject  : Object Oriented Programming
  Division : CS2
  Teacher  : Ms. Julie Siby
  Required : 1 theory period(s)
  Conflicts:
    • division CS2 timetable completely full on: Mon, Tue, Wed, Thu, Fri
WARNING:timetable_generator_engine:Cannot place theory period:
  Subject  : Algorithmic Thinking with Python
  Division : CS2
  Teacher  : Ms. Bini Omman
  Required : 1 theory period(s)
  Conflicts:
    • division CS2 timetable completely full on: Mon, Tue, Wed, Thu, Fri
WARNING:timetable_generator_engine:Cannot place theory period:
  Subject  : Digital Electronics and Logic Design
  Division : CS4
  Teacher  : Ms. Sareena K. K.
  Required : 1 theory period(s)
  Conflicts:
    • division CS4 timetable completely full on: Mon, Tue, Wed, Thu, Fri
WARNING:timetable_generator_engine:Cannot place theory period:
  Subject  : Programming in C
  Division : CS3
  Teacher  : Ms. Demy Devassy
  Required : 1 theory period(s)
  Conflicts:
    • division CS3 timetable completely full on: Mon, Tue, Wed, Thu, Fri
WARNING:timetable_generator_engine:Cannot place theory period:
  Subject  : Engineering Graphics and Computer Aided Drawing.
  Division : CS1
  Teacher  : Ms. Jane Theresa
  Required : 1 theory period(s)
  Conflicts:
    • division CS1 timetable completely full on: Mon, Tue, Wed, Thu, Fri
WARNING:timetable_generator_engine:Cannot place theory period:
  Subject  : Programming in C
  Division : CS3
  Teacher  : Ms. Demy Devassy
  Required : 1 theory period(s)
  Conflicts:
    • division CS3 timetable completely full on: Mon, Tue, Wed, Thu, Fri
WARNING:timetable_generator_engine:Cannot place theory period:
  Subject  : Engineering Graphics and Computer Aided Drawing.
  Division : CS1
  Teacher  : Ms. Jane Theresa
  Required : 1 theory period(s)
  Conflicts:
    • division CS1 timetable completely full on: Mon, Tue, Wed, Thu, Fri
WARNING:timetable_generator_engine:Cannot place theory period:
  Subject  : Programming in C
  Division : CS3
  Teacher  : Ms. Demy Devassy
  Required : 1 theory period(s)
  Conflicts:
    • division CS3 timetable completely full on: Mon, Tue, Wed, Thu, Fri
WARNING:timetable_generator_engine:Cannot place theory period:
  Subject  : Engineering Graphics and Computer Aided Drawing.
  Division : CS1
  Teacher  : Ms. Jane Theresa
  Required : 1 theory period(s)
  Conflicts:
    • division CS1 timetable completely full on: Mon, Tue, Wed, Thu, Fri
WARNING:timetable_generator_engine:Cannot place theory period:
  Subject  : Programming in C
  Division : CS3
  Teacher  : Ms. Demy Devassy
  Required : 1 theory period(s)
  Conflicts:
    • division CS3 timetable completely full on: Mon, Tue, Wed, Thu, Fri
WARNING:timetable_generator_engine:Cannot place theory period:
  Subject  : Engineering Graphics and Computer Aided Drawing.
  Division : CS1
  Teacher  : Ms. Jane Theresa
  Required : 1 theory period(s)
  Conflicts:
    • division CS1 timetable completely full on: Mon, Tue, Wed, Thu, Fri
INFO:timetable_generator_engine:  [relaxed pass] Engineering Graphics and Computer Aided Drawing. / CS1: placing 5 missing period(s)
WARNING:timetable_generator_engine:  [relaxed pass] Cannot place Engineering Graphics and Computer Aided Drawing. / CS1 even with relaxed cap
INFO:timetable_generator_engine:  [relaxed pass] Digital Electronics and Logic Design / CS4: placing 5 missing period(s)
WARNING:timetable_generator_engine:  [relaxed pass] Cannot place Digital Electronics and Logic Design / CS4 even with relaxed cap
INFO:timetable_generator_engine:  [relaxed pass] Programming in C / CS3: placing 5 missing period(s)
WARNING:timetable_generator_engine:  [relaxed pass] Cannot place Programming in C / CS3 even with relaxed cap
INFO:timetable_generator_engine:  [relaxed pass] Object Oriented Programming / CS2: placing 2 missing period(s)
WARNING:timetable_generator_engine:  [relaxed pass] Cannot place Object Oriented Programming / CS2 even with relaxed cap
INFO:timetable_generator_engine:  [relaxed pass] Algorithmic Thinking with Python / CS2: placing 3 missing period(s)
WARNING:timetable_generator_engine:  [relaxed pass] Cannot place Algorithmic Thinking with Python / CS2 even with relaxed cap
INFO:timetable_generator_engine:  Attempt 57 (seed=138565) score: 92/100
INFO:timetable_generator_engine:Greedy attempt 58/80 …
WARNING:timetable_generator_engine:Cannot place theory period:
  Subject  : Algorithmic Thinking with Python
  Division : CS2
  Teacher  : Ms. Bini Omman
  Required : 1 theory period(s)
  Conflicts:
    • division CS2 timetable completely full on: Mon, Tue, Wed, Thu, Fri
WARNING:timetable_generator_engine:Cannot place theory period:
  Subject  : Algorithmic Thinking with Python
  Division : CS2
  Teacher  : Ms. Bini Omman
  Required : 1 theory period(s)
  Conflicts:
    • division CS2 timetable completely full on: Mon, Tue, Wed, Thu, Fri
WARNING:timetable_generator_engine:Cannot place theory period:
  Subject  : Digital Electronics and Logic Design
  Division : CS1
  Teacher  : Mr. Anoop Jose
  Required : 1 theory period(s)
  Conflicts:
    • division CS1 timetable completely full on: Mon, Tue, Wed, Thu, Fri
WARNING:timetable_generator_engine:Cannot place theory period:
  Subject  : Programming in C
  Division : CS1
  Teacher  : Ms. Meera V. M.
  Required : 1 theory period(s)
  Conflicts:
    • division CS1 timetable completely full on: Mon, Tue, Wed, Thu, Fri
WARNING:timetable_generator_engine:Cannot place theory period:
  Subject  : Algorithmic Thinking with Python
  Division : CS2
  Teacher  : Ms. Bini Omman
  Required : 1 theory period(s)
  Conflicts:
    • division CS2 timetable completely full on: Mon, Tue, Wed, Thu, Fri
WARNING:timetable_generator_engine:Cannot place theory period:
  Subject  : Digital Electronics and Logic Design
  Division : CS1
  Teacher  : Mr. Anoop Jose
  Required : 1 theory period(s)
  Conflicts:
    • division CS1 timetable completely full on: Mon, Tue, Wed, Thu, Fri
WARNING:timetable_generator_engine:Cannot place theory period:
  Subject  : Algorithmic Thinking with Python
  Division : CS2
  Teacher  : Ms. Bini Omman
  Required : 1 theory period(s)
  Conflicts:
    • division CS2 timetable completely full on: Mon, Tue, Wed, Thu, Fri
WARNING:timetable_generator_engine:Cannot place theory period:
  Subject  : Digital Electronics and Logic Design
  Division : CS1
  Teacher  : Mr. Anoop Jose
  Required : 1 theory period(s)
  Conflicts:
    • division CS1 timetable completely full on: Mon, Tue, Wed, Thu, Fri
WARNING:timetable_generator_engine:Cannot place theory period:
  Subject  : Programming in C
  Division : CS3
  Teacher  : Ms. Demy Devassy
  Required : 1 theory period(s)
  Conflicts:
    • division CS3 timetable completely full on: Mon, Tue, Wed, Thu, Fri
WARNING:timetable_generator_engine:Cannot place theory period:
  Subject  : Object Oriented Programming
  Division : CS4
  Teacher  : Ms. Neethu Roy
  Required : 1 theory period(s)
  Conflicts:
    • division CS4 timetable completely full on: Mon, Tue, Wed, Thu, Fri
WARNING:timetable_generator_engine:Cannot place theory period:
  Subject  : Algorithmic Thinking with Python
  Division : CS2
  Teacher  : Ms. Bini Omman
  Required : 1 theory period(s)
  Conflicts:
    • division CS2 timetable completely full on: Mon, Tue, Wed, Thu, Fri
WARNING:timetable_generator_engine:Cannot place theory period:
  Subject  : Digital Electronics and Logic Design
  Division : CS1
  Teacher  : Mr. Anoop Jose
  Required : 1 theory period(s)
  Conflicts:
    • division CS1 timetable completely full on: Mon, Tue, Wed, Thu, Fri
WARNING:timetable_generator_engine:Cannot place theory period:
  Subject  : Programming in C
  Division : CS3
  Teacher  : Ms. Demy Devassy
  Required : 1 theory period(s)
  Conflicts:
    • division CS3 timetable completely full on: Mon, Tue, Wed, Thu, Fri
WARNING:timetable_generator_engine:Cannot place theory period:
  Subject  : Engineering Graphics and Computer Aided Drawing.
  Division : CS4
  Teacher  : Dr. Geethu R.
  Required : 1 theory period(s)
  Conflicts:
    • division CS4 timetable completely full on: Mon, Tue, Wed, Thu, Fri
WARNING:timetable_generator_engine:Cannot place theory period:
  Subject  : Programming in C
  Division : CS3
  Teacher  : Ms. Demy Devassy
  Required : 1 theory period(s)
  Conflicts:
    • division CS3 timetable completely full on: Mon, Tue, Wed, Thu, Fri
WARNING:timetable_generator_engine:Cannot place theory period:
  Subject  : Engineering Graphics and Computer Aided Drawing.
  Division : CS4
  Teacher  : Dr. Geethu R.
  Required : 1 theory period(s)
  Conflicts:
    • division CS4 timetable completely full on: Mon, Tue, Wed, Thu, Fri
WARNING:timetable_generator_engine:Cannot place theory period:
  Subject  : Programming in C
  Division : CS3
  Teacher  : Ms. Demy Devassy
  Required : 1 theory period(s)
  Conflicts:
    • division CS3 timetable completely full on: Mon, Tue, Wed, Thu, Fri
WARNING:timetable_generator_engine:Cannot place theory period:
  Subject  : Engineering Graphics and Computer Aided Drawing.
  Division : CS4
  Teacher  : Dr. Geethu R.
  Required : 1 theory period(s)
  Conflicts:
    • division CS4 timetable completely full on: Mon, Tue, Wed, Thu, Fri
WARNING:timetable_generator_engine:Cannot place theory period:
  Subject  : Programming in C
  Division : CS3
  Teacher  : Ms. Demy Devassy
  Required : 1 theory period(s)
  Conflicts:
    • division CS3 timetable completely full on: Mon, Tue, Wed, Thu, Fri
WARNING:timetable_generator_engine:Cannot place theory period:
  Subject  : Engineering Graphics and Computer Aided Drawing.
  Division : CS4
  Teacher  : Dr. Geethu R.
  Required : 1 theory period(s)
  Conflicts:
    • division CS4 timetable completely full on: Mon, Tue, Wed, Thu, Fri
INFO:timetable_generator_engine:  [relaxed pass] Programming in C / CS1: placing 1 missing period(s)
WARNING:timetable_generator_engine:  [relaxed pass] Cannot place Programming in C / CS1 even with relaxed cap
INFO:timetable_generator_engine:  [relaxed pass] Programming in C / CS3: placing 5 missing period(s)
WARNING:timetable_generator_engine:  [relaxed pass] Cannot place Programming in C / CS3 even with relaxed cap
INFO:timetable_generator_engine:  [relaxed pass] Engineering Graphics and Computer Aided Drawing. / CS4: placing 4 missing period(s)
WARNING:timetable_generator_engine:  [relaxed pass] Cannot place Engineering Graphics and Computer Aided Drawing. / CS4 even with relaxed cap
INFO:timetable_generator_engine:  [relaxed pass] Algorithmic Thinking with Python / CS2: placing 5 missing period(s)
WARNING:timetable_generator_engine:  [relaxed pass] Cannot place Algorithmic Thinking with Python / CS2 even with relaxed cap
INFO:timetable_generator_engine:  [relaxed pass] Digital Electronics and Logic Design / CS1: placing 4 missing period(s)
WARNING:timetable_generator_engine:  [relaxed pass] Cannot place Digital Electronics and Logic Design / CS1 even with relaxed cap
INFO:timetable_generator_engine:  [relaxed pass] Object Oriented Programming / CS4: placing 1 missing period(s)
WARNING:timetable_generator_engine:  [relaxed pass] Cannot place Object Oriented Programming / CS4 even with relaxed cap
INFO:timetable_generator_engine:  Attempt 58 (seed=735768) score: 88/100
INFO:timetable_generator_engine:Greedy attempt 59/80 …
WARNING:timetable_generator_engine:Cannot place theory period:
  Subject  : Algorithmic Thinking with Python
  Division : CS2
  Teacher  : Ms. Bini Omman
  Required : 1 theory period(s)
  Conflicts:
    • division CS2 timetable completely full on: Mon, Tue, Wed, Thu, Fri
WARNING:timetable_generator_engine:Cannot place theory period:
  Subject  : Algorithmic Thinking with Python
  Division : CS2
  Teacher  : Ms. Bini Omman
  Required : 1 theory period(s)
  Conflicts:
    • division CS2 timetable completely full on: Mon, Tue, Wed, Thu, Fri
WARNING:timetable_generator_engine:Cannot place theory period:
  Subject  : Programming in C
  Division : CS4
  Teacher  : Ms. Vyshna R. K.
  Required : 1 theory period(s)
  Conflicts:
    • division CS4 timetable completely full on: Mon, Tue, Wed, Thu, Fri
WARNING:timetable_generator_engine:Cannot place theory period:
  Subject  : Engineering Graphics and Computer Aided Drawing.
  Division : CS4
  Teacher  : Dr. Geethu R.
  Required : 1 theory period(s)
  Conflicts:
    • division CS4 timetable completely full on: Mon, Tue, Wed, Thu, Fri
WARNING:timetable_generator_engine:Cannot place theory period:
  Subject  : Digital Electronics and Logic Design
  Division : CS4
  Teacher  : Ms. Sareena K. K.
  Required : 1 theory period(s)
  Conflicts:
    • division CS4 timetable completely full on: Mon, Tue, Wed, Thu, Fri
WARNING:timetable_generator_engine:Cannot place theory period:
  Subject  : Algorithmic Thinking with Python
  Division : CS2
  Teacher  : Ms. Bini Omman
  Required : 1 theory period(s)
  Conflicts:
    • division CS2 timetable completely full on: Mon, Tue, Wed, Thu, Fri
WARNING:timetable_generator_engine:Cannot place theory period:
  Subject  : Digital Electronics and Logic Design
  Division : CS4
  Teacher  : Ms. Sareena K. K.
  Required : 1 theory period(s)
  Conflicts:
    • division CS4 timetable completely full on: Mon, Tue, Wed, Thu, Fri
WARNING:timetable_generator_engine:Cannot place theory period:
  Subject  : Algorithmic Thinking with Python
  Division : CS2
  Teacher  : Ms. Bini Omman
  Required : 1 theory period(s)
  Conflicts:
    • division CS2 timetable completely full on: Mon, Tue, Wed, Thu, Fri
WARNING:timetable_generator_engine:Cannot place theory period:
  Subject  : Engineering Graphics and Computer Aided Drawing.
  Division : CS1
  Teacher  : Ms. Jane Theresa
  Required : 1 theory period(s)
  Conflicts:
    • division CS1 timetable completely full on: Mon, Tue, Wed, Thu, Fri
WARNING:timetable_generator_engine:Cannot place theory period:
  Subject  : Digital Electronics and Logic Design
  Division : CS4
  Teacher  : Ms. Sareena K. K.
  Required : 1 theory period(s)
  Conflicts:
    • division CS4 timetable completely full on: Mon, Tue, Wed, Thu, Fri
WARNING:timetable_generator_engine:Cannot place theory period:
  Subject  : Object Oriented Programming
  Division : CS3
  Teacher  : Ms. Anu S
  Required : 1 theory period(s)
  Conflicts:
    • division CS3 timetable completely full on: Mon, Tue, Wed, Thu, Fri
WARNING:timetable_generator_engine:Cannot place theory period:
  Subject  : Algorithmic Thinking with Python
  Division : CS2
  Teacher  : Ms. Bini Omman
  Required : 1 theory period(s)
  Conflicts:
    • division CS2 timetable completely full on: Mon, Tue, Wed, Thu, Fri
WARNING:timetable_generator_engine:Cannot place theory period:
  Subject  : Programming in C
  Division : CS3
  Teacher  : Ms. Demy Devassy
  Required : 1 theory period(s)
  Conflicts:
    • division CS3 timetable completely full on: Mon, Tue, Wed, Thu, Fri
WARNING:timetable_generator_engine:Cannot place theory period:
  Subject  : Engineering Graphics and Computer Aided Drawing.
  Division : CS1
  Teacher  : Ms. Jane Theresa
  Required : 1 theory period(s)
  Conflicts:
    • division CS1 timetable completely full on: Mon, Tue, Wed, Thu, Fri
WARNING:timetable_generator_engine:Cannot place theory period:
  Subject  : Programming in C
  Division : CS3
  Teacher  : Ms. Demy Devassy
  Required : 1 theory period(s)
  Conflicts:
    • division CS3 timetable completely full on: Mon, Tue, Wed, Thu, Fri
WARNING:timetable_generator_engine:Cannot place theory period:
  Subject  : Engineering Graphics and Computer Aided Drawing.
  Division : CS1
  Teacher  : Ms. Jane Theresa
  Required : 1 theory period(s)
  Conflicts:
    • division CS1 timetable completely full on: Mon, Tue, Wed, Thu, Fri
WARNING:timetable_generator_engine:Cannot place theory period:
  Subject  : Programming in C
  Division : CS3
  Teacher  : Ms. Demy Devassy
  Required : 1 theory period(s)
  Conflicts:
    • division CS3 timetable completely full on: Mon, Tue, Wed, Thu, Fri
WARNING:timetable_generator_engine:Cannot place theory period:
  Subject  : Engineering Graphics and Computer Aided Drawing.
  Division : CS1
  Teacher  : Ms. Jane Theresa
  Required : 1 theory period(s)
  Conflicts:
    • division CS1 timetable completely full on: Mon, Tue, Wed, Thu, Fri
WARNING:timetable_generator_engine:Cannot place theory period:
  Subject  : Programming in C
  Division : CS3
  Teacher  : Ms. Demy Devassy
  Required : 1 theory period(s)
  Conflicts:
    • division CS3 timetable completely full on: Mon, Tue, Wed, Thu, Fri
WARNING:timetable_generator_engine:Cannot place theory period:
  Subject  : Engineering Graphics and Computer Aided Drawing.
  Division : CS1
  Teacher  : Ms. Jane Theresa
  Required : 1 theory period(s)
  Conflicts:
    • division CS1 timetable completely full on: Mon, Tue, Wed, Thu, Fri
INFO:timetable_generator_engine:  [relaxed pass] Programming in C / CS4: placing 1 missing period(s)
WARNING:timetable_generator_engine:  [relaxed pass] Cannot place Programming in C / CS4 even with relaxed cap
INFO:timetable_generator_engine:  [relaxed pass] Engineering Graphics and Computer Aided Drawing. / CS4: placing 1 missing period(s)
WARNING:timetable_generator_engine:  [relaxed pass] Cannot place Engineering Graphics and Computer Aided Drawing. / CS4 even with relaxed cap
INFO:timetable_generator_engine:  [relaxed pass] Programming in C / CS3: placing 4 missing period(s)
WARNING:timetable_generator_engine:  [relaxed pass] Cannot place Programming in C / CS3 even with relaxed cap
INFO:timetable_generator_engine:  [relaxed pass] Object Oriented Programming / CS3: placing 1 missing period(s)
WARNING:timetable_generator_engine:  [relaxed pass] Cannot place Object Oriented Programming / CS3 even with relaxed cap
INFO:timetable_generator_engine:  [relaxed pass] Algorithmic Thinking with Python / CS2: placing 5 missing period(s)
WARNING:timetable_generator_engine:  [relaxed pass] Cannot place Algorithmic Thinking with Python / CS2 even with relaxed cap
INFO:timetable_generator_engine:  [relaxed pass] Digital Electronics and Logic Design / CS4: placing 3 missing period(s)
WARNING:timetable_generator_engine:  [relaxed pass] Cannot place Digital Electronics and Logic Design / CS4 even with relaxed cap
INFO:timetable_generator_engine:  [relaxed pass] Engineering Graphics and Computer Aided Drawing. / CS1: placing 5 missing period(s)
WARNING:timetable_generator_engine:  [relaxed pass] Cannot place Engineering Graphics and Computer Aided Drawing. / CS1 even with relaxed cap
INFO:timetable_generator_engine:  Attempt 59 (seed=2916) score: 87/100
INFO:timetable_generator_engine:Greedy attempt 60/80 …
WARNING:timetable_generator_engine:Cannot place theory period:
  Subject  : Algorithmic Thinking with Python
  Division : CS1
  Teacher  : Dr. Deepa K.
  Required : 1 theory period(s)
  Conflicts:
    • division CS1 timetable completely full on: Mon, Tue, Wed, Thu, Fri
WARNING:timetable_generator_engine:Cannot place theory period:
  Subject  : Foundations of Computing: From Hardware Essentials to Web Design
  Division : CS1
  Teacher  : Dr. Manish T. I.
  Required : 1 theory period(s)
  Conflicts:
    • division CS1 timetable completely full on: Mon, Tue, Wed, Thu, Fri
WARNING:timetable_generator_engine:Cannot place theory period:
  Subject  : Algorithmic Thinking with Python
  Division : CS1
  Teacher  : Dr. Deepa K.
  Required : 1 theory period(s)
  Conflicts:
    • division CS1 timetable completely full on: Mon, Tue, Wed, Thu, Fri
WARNING:timetable_generator_engine:Cannot place theory period:
  Subject  : Foundations of Computing: From Hardware Essentials to Web Design
  Division : CS1
  Teacher  : Dr. Manish T. I.
  Required : 1 theory period(s)
  Conflicts:
    • division CS1 timetable completely full on: Mon, Tue, Wed, Thu, Fri
WARNING:timetable_generator_engine:Cannot place theory period:
  Subject  : Foundations of Computing: From Hardware Essentials to Web Design
  Division : CS1
  Teacher  : Dr. Manish T. I.
  Required : 1 theory period(s)
  Conflicts:
    • division CS1 timetable completely full on: Mon, Tue, Wed, Thu, Fri
WARNING:timetable_generator_engine:Cannot place theory period:
  Subject  : Engineering Graphics and Computer Aided Drawing.
  Division : CS3
  Teacher  : Ms. Divya M. S.
  Required : 1 theory period(s)
  Conflicts:
    • division CS3 timetable completely full on: Mon, Tue, Wed, Thu, Fri
WARNING:timetable_generator_engine:Cannot place theory period:
  Subject  : Programming in C
  Division : CS3
  Teacher  : Ms. Demy Devassy
  Required : 1 theory period(s)
  Conflicts:
    • division CS3 timetable completely full on: Mon, Tue, Wed, Thu, Fri
WARNING:timetable_generator_engine:Cannot place theory period:
  Subject  : Digital Electronics and Logic Design
  Division : CS3
  Teacher  : Dr. Noora V. T.
  Required : 1 theory period(s)
  Conflicts:
    • division CS3 timetable completely full on: Mon, Tue, Wed, Thu, Fri
WARNING:timetable_generator_engine:Cannot place theory period:
  Subject  : Digital Electronics and Logic Design
  Division : CS3
  Teacher  : Dr. Noora V. T.
  Required : 1 theory period(s)
  Conflicts:
    • division CS3 timetable completely full on: Mon, Tue, Wed, Thu, Fri
WARNING:timetable_generator_engine:Cannot place theory period:
  Subject  : Digital Electronics and Logic Design
  Division : CS3
  Teacher  : Dr. Noora V. T.
  Required : 1 theory period(s)
  Conflicts:
    • division CS3 timetable completely full on: Mon, Tue, Wed, Thu, Fri
WARNING:timetable_generator_engine:Cannot place theory period:
  Subject  : Algorithmic Thinking with Python
  Division : CS4
  Teacher  : Ms. Neethu Krishna
  Required : 1 theory period(s)
  Conflicts:
    • division CS4 timetable completely full on: Mon, Tue, Wed, Thu, Fri
WARNING:timetable_generator_engine:Cannot place theory period:
  Subject  : Object Oriented Programming
  Division : CS2
  Teacher  : Ms. Julie Siby
  Required : 1 theory period(s)
  Conflicts:
    • division CS2 timetable completely full on: Mon, Tue, Wed, Thu, Fri
WARNING:timetable_generator_engine:Cannot place theory period:
  Subject  : Engineering Graphics and Computer Aided Drawing.
  Division : CS4
  Teacher  : Dr. Geethu R.
  Required : 1 theory period(s)
  Conflicts:
    • division CS4 timetable completely full on: Mon, Tue, Wed, Thu, Fri
WARNING:timetable_generator_engine:Cannot place theory period:
  Subject  : Programming in C
  Division : CS2
  Teacher  : Ms. Sruthy K. Joseph
  Required : 1 theory period(s)
  Conflicts:
    • division CS2 timetable completely full on: Mon, Tue, Wed, Thu, Fri
WARNING:timetable_generator_engine:Cannot place theory period:
  Subject  : Engineering Graphics and Computer Aided Drawing.
  Division : CS4
  Teacher  : Dr. Geethu R.
  Required : 1 theory period(s)
  Conflicts:
    • division CS4 timetable completely full on: Mon, Tue, Wed, Thu, Fri
WARNING:timetable_generator_engine:Cannot place theory period:
  Subject  : Programming in C
  Division : CS2
  Teacher  : Ms. Sruthy K. Joseph
  Required : 1 theory period(s)
  Conflicts:
    • division CS2 timetable completely full on: Mon, Tue, Wed, Thu, Fri
WARNING:timetable_generator_engine:Cannot place theory period:
  Subject  : Engineering Graphics and Computer Aided Drawing.
  Division : CS4
  Teacher  : Dr. Geethu R.
  Required : 1 theory period(s)
  Conflicts:
    • division CS4 timetable completely full on: Mon, Tue, Wed, Thu, Fri
WARNING:timetable_generator_engine:Cannot place theory period:
  Subject  : Programming in C
  Division : CS2
  Teacher  : Ms. Sruthy K. Joseph
  Required : 1 theory period(s)
  Conflicts:
    • division CS2 timetable completely full on: Mon, Tue, Wed, Thu, Fri
WARNING:timetable_generator_engine:Cannot place theory period:
  Subject  : Engineering Graphics and Computer Aided Drawing.
  Division : CS4
  Teacher  : Dr. Geethu R.
  Required : 1 theory period(s)
  Conflicts:
    • division CS4 timetable completely full on: Mon, Tue, Wed, Thu, Fri
WARNING:timetable_generator_engine:Cannot place theory period:
  Subject  : Programming in C
  Division : CS2
  Teacher  : Ms. Sruthy K. Joseph
  Required : 1 theory period(s)
  Conflicts:
    • division CS2 timetable completely full on: Mon, Tue, Wed, Thu, Fri
INFO:timetable_generator_engine:  [relaxed pass] Engineering Graphics and Computer Aided Drawing. / CS3: placing 1 missing period(s)
WARNING:timetable_generator_engine:  [relaxed pass] Cannot place Engineering Graphics and Computer Aided Drawing. / CS3 even with relaxed cap
INFO:timetable_generator_engine:  [relaxed pass] Engineering Graphics and Computer Aided Drawing. / CS4: placing 4 missing period(s)
WARNING:timetable_generator_engine:  [relaxed pass] Cannot place Engineering Graphics and Computer Aided Drawing. / CS4 even with relaxed cap
INFO:timetable_generator_engine:  [relaxed pass] Programming in C / CS3: placing 1 missing period(s)
WARNING:timetable_generator_engine:  [relaxed pass] Cannot place Programming in C / CS3 even with relaxed cap
INFO:timetable_generator_engine:  [relaxed pass] Programming in C / CS2: placing 4 missing period(s)
WARNING:timetable_generator_engine:  [relaxed pass] Cannot place Programming in C / CS2 even with relaxed cap
INFO:timetable_generator_engine:  [relaxed pass] Algorithmic Thinking with Python / CS1: placing 2 missing period(s)
WARNING:timetable_generator_engine:  [relaxed pass] Cannot place Algorithmic Thinking with Python / CS1 even with relaxed cap
INFO:timetable_generator_engine:  [relaxed pass] Algorithmic Thinking with Python / CS4: placing 1 missing period(s)
WARNING:timetable_generator_engine:  [relaxed pass] Cannot place Algorithmic Thinking with Python / CS4 even with relaxed cap
INFO:timetable_generator_engine:  [relaxed pass] Foundations of Computing: From Hardware Essentials to Web Design / CS1: placing 3 missing period(s)
WARNING:timetable_generator_engine:  [relaxed pass] Cannot place Foundations of Computing: From Hardware Essentials to Web Design / CS1 even with relaxed cap
INFO:timetable_generator_engine:  [relaxed pass] Object Oriented Programming / CS2: placing 1 missing period(s)
WARNING:timetable_generator_engine:  [relaxed pass] Cannot place Object Oriented Programming / CS2 even with relaxed cap
INFO:timetable_generator_engine:  [relaxed pass] Digital Electronics and Logic Design / CS3: placing 3 missing period(s)
WARNING:timetable_generator_engine:  [relaxed pass] Cannot place Digital Electronics and Logic Design / CS3 even with relaxed cap
INFO:timetable_generator_engine:  Attempt 60 (seed=727866) score: 92/100
INFO:timetable_generator_engine:Greedy attempt 61/80 …
WARNING:timetable_generator_engine:Cannot place theory period:
  Subject  : Programming in C
  Division : CS4
  Teacher  : Ms. Vyshna R. K.
  Required : 1 theory period(s)
  Conflicts:
    • division CS4 timetable completely full on: Mon, Tue, Wed, Thu, Fri
WARNING:timetable_generator_engine:Cannot place theory period:
  Subject  : Digital Electronics and Logic Design
  Division : CS4
  Teacher  : Ms. Sareena K. K.
  Required : 1 theory period(s)
  Conflicts:
    • division CS4 timetable completely full on: Mon, Tue, Wed, Thu, Fri
WARNING:timetable_generator_engine:Cannot place theory period:
  Subject  : Digital Electronics and Logic Design
  Division : CS4
  Teacher  : Ms. Sareena K. K.
  Required : 1 theory period(s)
  Conflicts:
    • division CS4 timetable completely full on: Mon, Tue, Wed, Thu, Fri
WARNING:timetable_generator_engine:Cannot place theory period:
  Subject  : Digital Electronics and Logic Design
  Division : CS4
  Teacher  : Ms. Sareena K. K.
  Required : 1 theory period(s)
  Conflicts:
    • division CS4 timetable completely full on: Mon, Tue, Wed, Thu, Fri
WARNING:timetable_generator_engine:Cannot place theory period:
  Subject  : Digital Electronics and Logic Design
  Division : CS4
  Teacher  : Ms. Sareena K. K.
  Required : 1 theory period(s)
  Conflicts:
    • division CS4 timetable completely full on: Mon, Tue, Wed, Thu, Fri
WARNING:timetable_generator_engine:Cannot place theory period:
  Subject  : Digital Electronics and Logic Design
  Division : CS3
  Teacher  : Dr. Noora V. T.
  Required : 1 theory period(s)
  Conflicts:
    • division CS3 timetable completely full on: Mon, Tue, Wed, Thu, Fri
WARNING:timetable_generator_engine:Cannot place theory period:
  Subject  : Algorithmic Thinking with Python
  Division : CS3
  Teacher  : Dr. Varun G. Menon
  Required : 1 theory period(s)
  Conflicts:
    • division CS3 timetable completely full on: Mon, Tue, Wed, Thu, Fri
WARNING:timetable_generator_engine:Cannot place theory period:
  Subject  : Digital Electronics and Logic Design
  Division : CS3
  Teacher  : Dr. Noora V. T.
  Required : 1 theory period(s)
  Conflicts:
    • division CS3 timetable completely full on: Mon, Tue, Wed, Thu, Fri
WARNING:timetable_generator_engine:Cannot place theory period:
  Subject  : Programming in C
  Division : CS1
  Teacher  : Ms. Meera V. M.
  Required : 1 theory period(s)
  Conflicts:
    • division CS1 timetable completely full on: Mon, Tue, Wed, Thu, Fri
WARNING:timetable_generator_engine:Cannot place theory period:
  Subject  : Object Oriented Programming
  Division : CS2
  Teacher  : Ms. Julie Siby
  Required : 1 theory period(s)
  Conflicts:
    • division CS2 timetable completely full on: Mon, Tue, Wed, Thu, Fri
WARNING:timetable_generator_engine:Cannot place theory period:
  Subject  : Algorithmic Thinking with Python
  Division : CS3
  Teacher  : Dr. Varun G. Menon
  Required : 1 theory period(s)
  Conflicts:
    • division CS3 timetable completely full on: Mon, Tue, Wed, Thu, Fri
WARNING:timetable_generator_engine:Cannot place theory period:
  Subject  : Digital Electronics and Logic Design
  Division : CS3
  Teacher  : Dr. Noora V. T.
  Required : 1 theory period(s)
  Conflicts:
    • division CS3 timetable completely full on: Mon, Tue, Wed, Thu, Fri
WARNING:timetable_generator_engine:Cannot place theory period:
  Subject  : Engineering Graphics and Computer Aided Drawing.
  Division : CS2
  Teacher  : Ms. Preema T. S.
  Required : 1 theory period(s)
  Conflicts:
    • division CS2 timetable completely full on: Mon, Tue, Wed, Thu, Fri
WARNING:timetable_generator_engine:Cannot place theory period:
  Subject  : Programming in C
  Division : CS1
  Teacher  : Ms. Meera V. M.
  Required : 1 theory period(s)
  Conflicts:
    • division CS1 timetable completely full on: Mon, Tue, Wed, Thu, Fri
WARNING:timetable_generator_engine:Cannot place theory period:
  Subject  : Engineering Graphics and Computer Aided Drawing.
  Division : CS2
  Teacher  : Ms. Preema T. S.
  Required : 1 theory period(s)
  Conflicts:
    • division CS2 timetable completely full on: Mon, Tue, Wed, Thu, Fri
WARNING:timetable_generator_engine:Cannot place theory period:
  Subject  : Programming in C
  Division : CS1
  Teacher  : Ms. Meera V. M.
  Required : 1 theory period(s)
  Conflicts:
    • division CS1 timetable completely full on: Mon, Tue, Wed, Thu, Fri
WARNING:timetable_generator_engine:Cannot place theory period:
  Subject  : Engineering Graphics and Computer Aided Drawing.
  Division : CS2
  Teacher  : Ms. Preema T. S.
  Required : 1 theory period(s)
  Conflicts:
    • division CS2 timetable completely full on: Mon, Tue, Wed, Thu, Fri
WARNING:timetable_generator_engine:Cannot place theory period:
  Subject  : Programming in C
  Division : CS1
  Teacher  : Ms. Meera V. M.
  Required : 1 theory period(s)
  Conflicts:
    • division CS1 timetable completely full on: Mon, Tue, Wed, Thu, Fri
WARNING:timetable_generator_engine:Cannot place theory period:
  Subject  : Engineering Graphics and Computer Aided Drawing.
  Division : CS2
  Teacher  : Ms. Preema T. S.
  Required : 1 theory period(s)
  Conflicts:
    • division CS2 timetable completely full on: Mon, Tue, Wed, Thu, Fri
WARNING:timetable_generator_engine:Cannot place theory period:
  Subject  : Programming in C
  Division : CS1
  Teacher  : Ms. Meera V. M.
  Required : 1 theory period(s)
  Conflicts:
    • division CS1 timetable completely full on: Mon, Tue, Wed, Thu, Fri
INFO:timetable_generator_engine:  [relaxed pass] Programming in C / CS4: placing 1 missing period(s)
WARNING:timetable_generator_engine:  [relaxed pass] Cannot place Programming in C / CS4 even with relaxed cap
INFO:timetable_generator_engine:  [relaxed pass] Algorithmic Thinking with Python / CS3: placing 2 missing period(s)
WARNING:timetable_generator_engine:  [relaxed pass] Cannot place Algorithmic Thinking with Python / CS3 even with relaxed cap
INFO:timetable_generator_engine:  [relaxed pass] Object Oriented Programming / CS2: placing 1 missing period(s)
WARNING:timetable_generator_engine:  [relaxed pass] Cannot place Object Oriented Programming / CS2 even with relaxed cap
INFO:timetable_generator_engine:  [relaxed pass] Digital Electronics and Logic Design / CS4: placing 4 missing period(s)
WARNING:timetable_generator_engine:  [relaxed pass] Cannot place Digital Electronics and Logic Design / CS4 even with relaxed cap
INFO:timetable_generator_engine:  [relaxed pass] Programming in C / CS1: placing 5 missing period(s)
WARNING:timetable_generator_engine:  [relaxed pass] Cannot place Programming in C / CS1 even with relaxed cap
INFO:timetable_generator_engine:  [relaxed pass] Engineering Graphics and Computer Aided Drawing. / CS2: placing 4 missing period(s)
WARNING:timetable_generator_engine:  [relaxed pass] Cannot place Engineering Graphics and Computer Aided Drawing. / CS2 even with relaxed cap
INFO:timetable_generator_engine:  [relaxed pass] Digital Electronics and Logic Design / CS3: placing 3 missing period(s)
WARNING:timetable_generator_engine:  [relaxed pass] Cannot place Digital Electronics and Logic Design / CS3 even with relaxed cap
INFO:timetable_generator_engine:  Attempt 61 (seed=651451) score: 89/100
INFO:timetable_generator_engine:Greedy attempt 62/80 …
WARNING:timetable_generator_engine:Cannot place theory period:
  Subject  : Programming in C
  Division : CS4
  Teacher  : Ms. Vyshna R. K.
  Required : 1 theory period(s)
  Conflicts:
    • division CS4 timetable completely full on: Mon, Tue, Wed, Thu, Fri
WARNING:timetable_generator_engine:Cannot place theory period:
  Subject  : Algorithmic Thinking with Python
  Division : CS4
  Teacher  : Ms. Neethu Krishna
  Required : 1 theory period(s)
  Conflicts:
    • division CS4 timetable completely full on: Mon, Tue, Wed, Thu, Fri
WARNING:timetable_generator_engine:Cannot place theory period:
  Subject  : Programming in C
  Division : CS4
  Teacher  : Ms. Vyshna R. K.
  Required : 1 theory period(s)
  Conflicts:
    • division CS4 timetable completely full on: Mon, Tue, Wed, Thu, Fri
WARNING:timetable_generator_engine:Cannot place theory period:
  Subject  : Programming in C
  Division : CS4
  Teacher  : Ms. Vyshna R. K.
  Required : 1 theory period(s)
  Conflicts:
    • division CS4 timetable completely full on: Mon, Tue, Wed, Thu, Fri
WARNING:timetable_generator_engine:Cannot place theory period:
  Subject  : Programming in C
  Division : CS4
  Teacher  : Ms. Vyshna R. K.
  Required : 1 theory period(s)
  Conflicts:
    • division CS4 timetable completely full on: Mon, Tue, Wed, Thu, Fri
WARNING:timetable_generator_engine:Cannot place theory period:
  Subject  : Digital Electronics and Logic Design
  Division : CS3
  Teacher  : Dr. Noora V. T.
  Required : 1 theory period(s)
  Conflicts:
    • division CS3 timetable completely full on: Mon, Tue, Wed, Thu, Fri
WARNING:timetable_generator_engine:Cannot place theory period:
  Subject  : Algorithmic Thinking with Python
  Division : CS3
  Teacher  : Dr. Varun G. Menon
  Required : 1 theory period(s)
  Conflicts:
    • division CS3 timetable completely full on: Mon, Tue, Wed, Thu, Fri
WARNING:timetable_generator_engine:Cannot place theory period:
  Subject  : Digital Electronics and Logic Design
  Division : CS3
  Teacher  : Dr. Noora V. T.
  Required : 1 theory period(s)
  Conflicts:
    • division CS3 timetable completely full on: Mon, Tue, Wed, Thu, Fri
WARNING:timetable_generator_engine:Cannot place theory period:
  Subject  : Programming in C
  Division : CS1
  Teacher  : Ms. Meera V. M.
  Required : 1 theory period(s)
  Conflicts:
    • division CS1 timetable completely full on: Mon, Tue, Wed, Thu, Fri
WARNING:timetable_generator_engine:Cannot place theory period:
  Subject  : Algorithmic Thinking with Python
  Division : CS3
  Teacher  : Dr. Varun G. Menon
  Required : 1 theory period(s)
  Conflicts:
    • division CS3 timetable completely full on: Mon, Tue, Wed, Thu, Fri
WARNING:timetable_generator_engine:Cannot place theory period:
  Subject  : Object Oriented Programming
  Division : CS2
  Teacher  : Ms. Julie Siby
  Required : 1 theory period(s)
  Conflicts:
    • division CS2 timetable completely full on: Mon, Tue, Wed, Thu, Fri
WARNING:timetable_generator_engine:Cannot place theory period:
  Subject  : Digital Electronics and Logic Design
  Division : CS3
  Teacher  : Dr. Noora V. T.
  Required : 1 theory period(s)
  Conflicts:
    • division CS3 timetable completely full on: Mon, Tue, Wed, Thu, Fri
WARNING:timetable_generator_engine:Cannot place theory period:
  Subject  : Programming in C
  Division : CS1
  Teacher  : Ms. Meera V. M.
  Required : 1 theory period(s)
  Conflicts:
    • division CS1 timetable completely full on: Mon, Tue, Wed, Thu, Fri
WARNING:timetable_generator_engine:Cannot place theory period:
  Subject  : Engineering Graphics and Computer Aided Drawing.
  Division : CS2
  Teacher  : Ms. Preema T. S.
  Required : 1 theory period(s)
  Conflicts:
    • division CS2 timetable completely full on: Mon, Tue, Wed, Thu, Fri
WARNING:timetable_generator_engine:Cannot place theory period:
  Subject  : Programming in C
  Division : CS1
  Teacher  : Ms. Meera V. M.
  Required : 1 theory period(s)
  Conflicts:
    • division CS1 timetable completely full on: Mon, Tue, Wed, Thu, Fri
WARNING:timetable_generator_engine:Cannot place theory period:
  Subject  : Engineering Graphics and Computer Aided Drawing.
  Division : CS2
  Teacher  : Ms. Preema T. S.
  Required : 1 theory period(s)
  Conflicts:
    • division CS2 timetable completely full on: Mon, Tue, Wed, Thu, Fri
WARNING:timetable_generator_engine:Cannot place theory period:
  Subject  : Programming in C
  Division : CS1
  Teacher  : Ms. Meera V. M.
  Required : 1 theory period(s)
  Conflicts:
    • division CS1 timetable completely full on: Mon, Tue, Wed, Thu, Fri
WARNING:timetable_generator_engine:Cannot place theory period:
  Subject  : Engineering Graphics and Computer Aided Drawing.
  Division : CS2
  Teacher  : Ms. Preema T. S.
  Required : 1 theory period(s)
  Conflicts:
    • division CS2 timetable completely full on: Mon, Tue, Wed, Thu, Fri
WARNING:timetable_generator_engine:Cannot place theory period:
  Subject  : Programming in C
  Division : CS1
  Teacher  : Ms. Meera V. M.
  Required : 1 theory period(s)
  Conflicts:
    • division CS1 timetable completely full on: Mon, Tue, Wed, Thu, Fri
WARNING:timetable_generator_engine:Cannot place theory period:
  Subject  : Engineering Graphics and Computer Aided Drawing.
  Division : CS2
  Teacher  : Ms. Preema T. S.
  Required : 1 theory period(s)
  Conflicts:
    • division CS2 timetable completely full on: Mon, Tue, Wed, Thu, Fri
INFO:timetable_generator_engine:  [relaxed pass] Algorithmic Thinking with Python / CS4: placing 1 missing period(s)
WARNING:timetable_generator_engine:  [relaxed pass] Cannot place Algorithmic Thinking with Python / CS4 even with relaxed cap
INFO:timetable_generator_engine:  [relaxed pass] Algorithmic Thinking with Python / CS3: placing 2 missing period(s)
WARNING:timetable_generator_engine:  [relaxed pass] Cannot place Algorithmic Thinking with Python / CS3 even with relaxed cap
INFO:timetable_generator_engine:  [relaxed pass] Programming in C / CS4: placing 4 missing period(s)
WARNING:timetable_generator_engine:  [relaxed pass] Cannot place Programming in C / CS4 even with relaxed cap
INFO:timetable_generator_engine:  [relaxed pass] Object Oriented Programming / CS2: placing 1 missing period(s)
WARNING:timetable_generator_engine:  [relaxed pass] Cannot place Object Oriented Programming / CS2 even with relaxed cap
INFO:timetable_generator_engine:  [relaxed pass] Engineering Graphics and Computer Aided Drawing. / CS2: placing 4 missing period(s)
WARNING:timetable_generator_engine:  [relaxed pass] Cannot place Engineering Graphics and Computer Aided Drawing. / CS2 even with relaxed cap
INFO:timetable_generator_engine:  [relaxed pass] Digital Electronics and Logic Design / CS3: placing 3 missing period(s)
WARNING:timetable_generator_engine:  [relaxed pass] Cannot place Digital Electronics and Logic Design / CS3 even with relaxed cap
INFO:timetable_generator_engine:  [relaxed pass] Programming in C / CS1: placing 5 missing period(s)
WARNING:timetable_generator_engine:  [relaxed pass] Cannot place Programming in C / CS1 even with relaxed cap
INFO:timetable_generator_engine:  Attempt 62 (seed=759579) score: 84/100
INFO:timetable_generator_engine:Greedy attempt 63/80 …
WARNING:timetable_generator_engine:Cannot place theory period:
  Subject  : Digital Electronics and Logic Design
  Division : CS3
  Teacher  : Dr. Noora V. T.
  Required : 1 theory period(s)
  Conflicts:
    • division CS3 timetable completely full on: Mon, Tue, Wed, Thu, Fri
WARNING:timetable_generator_engine:Cannot place theory period:
  Subject  : Algorithmic Thinking with Python
  Division : CS3
  Teacher  : Dr. Varun G. Menon
  Required : 1 theory period(s)
  Conflicts:
    • division CS3 timetable completely full on: Mon, Tue, Wed, Thu, Fri
WARNING:timetable_generator_engine:Cannot place theory period:
  Subject  : Programming in C
  Division : CS3
  Teacher  : Ms. Demy Devassy
  Required : 1 theory period(s)
  Conflicts:
    • division CS3 timetable completely full on: Mon, Tue, Wed, Thu, Fri
WARNING:timetable_generator_engine:Cannot place theory period:
  Subject  : Programming in C
  Division : CS3
  Teacher  : Ms. Demy Devassy
  Required : 1 theory period(s)
  Conflicts:
    • division CS3 timetable completely full on: Mon, Tue, Wed, Thu, Fri
WARNING:timetable_generator_engine:Cannot place theory period:
  Subject  : Programming in C
  Division : CS3
  Teacher  : Ms. Demy Devassy
  Required : 1 theory period(s)
  Conflicts:
    • division CS3 timetable completely full on: Mon, Tue, Wed, Thu, Fri
WARNING:timetable_generator_engine:Cannot place theory period:
  Subject  : Algorithmic Thinking with Python
  Division : CS4
  Teacher  : Ms. Neethu Krishna
  Required : 1 theory period(s)
  Conflicts:
    • division CS4 timetable completely full on: Mon, Tue, Wed, Thu, Fri
WARNING:timetable_generator_engine:Cannot place theory period:
  Subject  : Object Oriented Programming
  Division : CS4
  Teacher  : Ms. Neethu Roy
  Required : 1 theory period(s)
  Conflicts:
    • division CS4 timetable completely full on: Mon, Tue, Wed, Thu, Fri
WARNING:timetable_generator_engine:Cannot place theory period:
  Subject  : Algorithmic Thinking with Python
  Division : CS4
  Teacher  : Ms. Neethu Krishna
  Required : 1 theory period(s)
  Conflicts:
    • division CS4 timetable completely full on: Mon, Tue, Wed, Thu, Fri
WARNING:timetable_generator_engine:Cannot place theory period:
  Subject  : Programming in C
  Division : CS1
  Teacher  : Ms. Meera V. M.
  Required : 1 theory period(s)
  Conflicts:
    • division CS1 timetable completely full on: Mon, Tue, Wed, Thu, Fri
WARNING:timetable_generator_engine:Cannot place theory period:
  Subject  : Object Oriented Programming
  Division : CS4
  Teacher  : Ms. Neethu Roy
  Required : 1 theory period(s)
  Conflicts:
    • division CS4 timetable completely full on: Mon, Tue, Wed, Thu, Fri
WARNING:timetable_generator_engine:Cannot place theory period:
  Subject  : Digital Electronics and Logic Design
  Division : CS2
  Teacher  : Ms. Smera Thomas
  Required : 1 theory period(s)
  Conflicts:
    • division CS2 timetable completely full on: Mon, Tue, Wed, Thu, Fri
WARNING:timetable_generator_engine:Cannot place theory period:
  Subject  : Algorithmic Thinking with Python
  Division : CS4
  Teacher  : Ms. Neethu Krishna
  Required : 1 theory period(s)
  Conflicts:
    • division CS4 timetable completely full on: Mon, Tue, Wed, Thu, Fri
WARNING:timetable_generator_engine:Cannot place theory period:
  Subject  : Programming in C
  Division : CS1
  Teacher  : Ms. Meera V. M.
  Required : 1 theory period(s)
  Conflicts:
    • division CS1 timetable completely full on: Mon, Tue, Wed, Thu, Fri
WARNING:timetable_generator_engine:Cannot place theory period:
  Subject  : Engineering Graphics and Computer Aided Drawing.
  Division : CS2
  Teacher  : Ms. Preema T. S.
  Required : 1 theory period(s)
  Conflicts:
    • division CS2 timetable completely full on: Mon, Tue, Wed, Thu, Fri
WARNING:timetable_generator_engine:Cannot place theory period:
  Subject  : Programming in C
  Division : CS1
  Teacher  : Ms. Meera V. M.
  Required : 1 theory period(s)
  Conflicts:
    • division CS1 timetable completely full on: Mon, Tue, Wed, Thu, Fri
WARNING:timetable_generator_engine:Cannot place theory period:
  Subject  : Engineering Graphics and Computer Aided Drawing.
  Division : CS2
  Teacher  : Ms. Preema T. S.
  Required : 1 theory period(s)
  Conflicts:
    • division CS2 timetable completely full on: Mon, Tue, Wed, Thu, Fri
WARNING:timetable_generator_engine:Cannot place theory period:
  Subject  : Programming in C
  Division : CS1
  Teacher  : Ms. Meera V. M.
  Required : 1 theory period(s)
  Conflicts:
    • division CS1 timetable completely full on: Mon, Tue, Wed, Thu, Fri
WARNING:timetable_generator_engine:Cannot place theory period:
  Subject  : Engineering Graphics and Computer Aided Drawing.
  Division : CS2
  Teacher  : Ms. Preema T. S.
  Required : 1 theory period(s)
  Conflicts:
    • division CS2 timetable completely full on: Mon, Tue, Wed, Thu, Fri
WARNING:timetable_generator_engine:Cannot place theory period:
  Subject  : Programming in C
  Division : CS1
  Teacher  : Ms. Meera V. M.
  Required : 1 theory period(s)
  Conflicts:
    • division CS1 timetable completely full on: Mon, Tue, Wed, Thu, Fri
WARNING:timetable_generator_engine:Cannot place theory period:
  Subject  : Engineering Graphics and Computer Aided Drawing.
  Division : CS2
  Teacher  : Ms. Preema T. S.
  Required : 1 theory period(s)
  Conflicts:
    • division CS2 timetable completely full on: Mon, Tue, Wed, Thu, Fri
INFO:timetable_generator_engine:  [relaxed pass] Algorithmic Thinking with Python / CS3: placing 1 missing period(s)
WARNING:timetable_generator_engine:  [relaxed pass] Cannot place Algorithmic Thinking with Python / CS3 even with relaxed cap
INFO:timetable_generator_engine:  [relaxed pass] Digital Electronics and Logic Design / CS3: placing 1 missing period(s)
WARNING:timetable_generator_engine:  [relaxed pass] Cannot place Digital Electronics and Logic Design / CS3 even with relaxed cap
INFO:timetable_generator_engine:  [relaxed pass] Programming in C / CS3: placing 3 missing period(s)
WARNING:timetable_generator_engine:  [relaxed pass] Cannot place Programming in C / CS3 even with relaxed cap
INFO:timetable_generator_engine:  [relaxed pass] Programming in C / CS1: placing 5 missing period(s)
WARNING:timetable_generator_engine:  [relaxed pass] Cannot place Programming in C / CS1 even with relaxed cap
INFO:timetable_generator_engine:  [relaxed pass] Digital Electronics and Logic Design / CS2: placing 1 missing period(s)
WARNING:timetable_generator_engine:  [relaxed pass] Cannot place Digital Electronics and Logic Design / CS2 even with relaxed cap
INFO:timetable_generator_engine:  [relaxed pass] Algorithmic Thinking with Python / CS4: placing 3 missing period(s)
WARNING:timetable_generator_engine:  [relaxed pass] Cannot place Algorithmic Thinking with Python / CS4 even with relaxed cap
INFO:timetable_generator_engine:  [relaxed pass] Object Oriented Programming / CS4: placing 2 missing period(s)
WARNING:timetable_generator_engine:  [relaxed pass] Cannot place Object Oriented Programming / CS4 even with relaxed cap
INFO:timetable_generator_engine:  [relaxed pass] Engineering Graphics and Computer Aided Drawing. / CS2: placing 4 missing period(s)
WARNING:timetable_generator_engine:  [relaxed pass] Cannot place Engineering Graphics and Computer Aided Drawing. / CS2 even with relaxed cap
INFO:timetable_generator_engine:  Attempt 63 (seed=303820) score: 87/100
INFO:timetable_generator_engine:Greedy attempt 64/80 …
WARNING:timetable_generator_engine:Cannot place theory period:
  Subject  : Engineering Graphics and Computer Aided Drawing.
  Division : CS1
  Teacher  : Ms. Jane Theresa
  Required : 1 theory period(s)
  Conflicts:
    • division CS1 timetable completely full on: Mon, Tue, Wed, Thu, Fri
WARNING:timetable_generator_engine:Cannot place theory period:
  Subject  : Digital Electronics and Logic Design
  Division : CS1
  Teacher  : Mr. Anoop Jose
  Required : 1 theory period(s)
  Conflicts:
    • division CS1 timetable completely full on: Mon, Tue, Wed, Thu, Fri
WARNING:timetable_generator_engine:Cannot place theory period:
  Subject  : Engineering Graphics and Computer Aided Drawing.
  Division : CS1
  Teacher  : Ms. Jane Theresa
  Required : 1 theory period(s)
  Conflicts:
    • division CS1 timetable completely full on: Mon, Tue, Wed, Thu, Fri
WARNING:timetable_generator_engine:Cannot place theory period:
  Subject  : Algorithmic Thinking with Python
  Division : CS2
  Teacher  : Ms. Bini Omman
  Required : 1 theory period(s)
  Conflicts:
    • division CS2 timetable completely full on: Mon, Tue, Wed, Thu, Fri
WARNING:timetable_generator_engine:Cannot place theory period:
  Subject  : Engineering Graphics and Computer Aided Drawing.
  Division : CS1
  Teacher  : Ms. Jane Theresa
  Required : 1 theory period(s)
  Conflicts:
    • division CS1 timetable completely full on: Mon, Tue, Wed, Thu, Fri
WARNING:timetable_generator_engine:Cannot place theory period:
  Subject  : Algorithmic Thinking with Python
  Division : CS2
  Teacher  : Ms. Bini Omman
  Required : 1 theory period(s)
  Conflicts:
    • division CS2 timetable completely full on: Mon, Tue, Wed, Thu, Fri
WARNING:timetable_generator_engine:Cannot place theory period:
  Subject  : Engineering Graphics and Computer Aided Drawing.
  Division : CS1
  Teacher  : Ms. Jane Theresa
  Required : 1 theory period(s)
  Conflicts:
    • division CS1 timetable completely full on: Mon, Tue, Wed, Thu, Fri
WARNING:timetable_generator_engine:Cannot place theory period:
  Subject  : Algorithmic Thinking with Python
  Division : CS2
  Teacher  : Ms. Bini Omman
  Required : 1 theory period(s)
  Conflicts:
    • division CS2 timetable completely full on: Mon, Tue, Wed, Thu, Fri
WARNING:timetable_generator_engine:Cannot place theory period:
  Subject  : Algorithmic Thinking with Python
  Division : CS2
  Teacher  : Ms. Bini Omman
  Required : 1 theory period(s)
  Conflicts:
    • division CS2 timetable completely full on: Mon, Tue, Wed, Thu, Fri
WARNING:timetable_generator_engine:Cannot place theory period:
  Subject  : Engineering Graphics and Computer Aided Drawing.
  Division : CS3
  Teacher  : Ms. Divya M. S.
  Required : 1 theory period(s)
  Conflicts:
    • division CS3 timetable completely full on: Mon, Tue, Wed, Thu, Fri
WARNING:timetable_generator_engine:Cannot place theory period:
  Subject  : Object Oriented Programming
  Division : CS4
  Teacher  : Ms. Neethu Roy
  Required : 1 theory period(s)
  Conflicts:
    • division CS4 timetable completely full on: Mon, Tue, Wed, Thu, Fri
WARNING:timetable_generator_engine:Cannot place theory period:
  Subject  : Algorithmic Thinking with Python
  Division : CS2
  Teacher  : Ms. Bini Omman
  Required : 1 theory period(s)
  Conflicts:
    • division CS2 timetable completely full on: Mon, Tue, Wed, Thu, Fri
WARNING:timetable_generator_engine:Cannot place theory period:
  Subject  : Engineering Graphics and Computer Aided Drawing.
  Division : CS3
  Teacher  : Ms. Divya M. S.
  Required : 1 theory period(s)
  Conflicts:
    • division CS3 timetable completely full on: Mon, Tue, Wed, Thu, Fri
WARNING:timetable_generator_engine:Cannot place theory period:
  Subject  : Programming in C
  Division : CS4
  Teacher  : Ms. Vyshna R. K.
  Required : 1 theory period(s)
  Conflicts:
    • division CS4 timetable completely full on: Mon, Tue, Wed, Thu, Fri
WARNING:timetable_generator_engine:Cannot place theory period:
  Subject  : Engineering Graphics and Computer Aided Drawing.
  Division : CS3
  Teacher  : Ms. Divya M. S.
  Required : 1 theory period(s)
  Conflicts:
    • division CS3 timetable completely full on: Mon, Tue, Wed, Thu, Fri
WARNING:timetable_generator_engine:Cannot place theory period:
  Subject  : Programming in C
  Division : CS4
  Teacher  : Ms. Vyshna R. K.
  Required : 1 theory period(s)
  Conflicts:
    • division CS4 timetable completely full on: Mon, Tue, Wed, Thu, Fri
WARNING:timetable_generator_engine:Cannot place theory period:
  Subject  : Engineering Graphics and Computer Aided Drawing.
  Division : CS3
  Teacher  : Ms. Divya M. S.
  Required : 1 theory period(s)
  Conflicts:
    • division CS3 timetable completely full on: Mon, Tue, Wed, Thu, Fri
WARNING:timetable_generator_engine:Cannot place theory period:
  Subject  : Programming in C
  Division : CS4
  Teacher  : Ms. Vyshna R. K.
  Required : 1 theory period(s)
  Conflicts:
    • division CS4 timetable completely full on: Mon, Tue, Wed, Thu, Fri
WARNING:timetable_generator_engine:Cannot place theory period:
  Subject  : Engineering Graphics and Computer Aided Drawing.
  Division : CS3
  Teacher  : Ms. Divya M. S.
  Required : 1 theory period(s)
  Conflicts:
    • division CS3 timetable completely full on: Mon, Tue, Wed, Thu, Fri
WARNING:timetable_generator_engine:Cannot place theory period:
  Subject  : Programming in C
  Division : CS4
  Teacher  : Ms. Vyshna R. K.
  Required : 1 theory period(s)
  Conflicts:
    • division CS4 timetable completely full on: Mon, Tue, Wed, Thu, Fri
INFO:timetable_generator_engine:  [relaxed pass] Digital Electronics and Logic Design / CS1: placing 1 missing period(s)
WARNING:timetable_generator_engine:  [relaxed pass] Cannot place Digital Electronics and Logic Design / CS1 even with relaxed cap
INFO:timetable_generator_engine:  [relaxed pass] Object Oriented Programming / CS4: placing 1 missing period(s)
WARNING:timetable_generator_engine:  [relaxed pass] Cannot place Object Oriented Programming / CS4 even with relaxed cap
INFO:timetable_generator_engine:  [relaxed pass] Engineering Graphics and Computer Aided Drawing. / CS1: placing 4 missing period(s)
WARNING:timetable_generator_engine:  [relaxed pass] Cannot place Engineering Graphics and Computer Aided Drawing. / CS1 even with relaxed cap
INFO:timetable_generator_engine:  [relaxed pass] Engineering Graphics and Computer Aided Drawing. / CS3: placing 5 missing period(s)
WARNING:timetable_generator_engine:  [relaxed pass] Cannot place Engineering Graphics and Computer Aided Drawing. / CS3 even with relaxed cap
INFO:timetable_generator_engine:  [relaxed pass] Programming in C / CS4: placing 4 missing period(s)
WARNING:timetable_generator_engine:  [relaxed pass] Cannot place Programming in C / CS4 even with relaxed cap
INFO:timetable_generator_engine:  [relaxed pass] Algorithmic Thinking with Python / CS2: placing 5 missing period(s)
WARNING:timetable_generator_engine:  [relaxed pass] Cannot place Algorithmic Thinking with Python / CS2 even with relaxed cap
INFO:timetable_generator_engine:  Attempt 64 (seed=710943) score: 82/100
INFO:timetable_generator_engine:Greedy attempt 65/80 …
WARNING:timetable_generator_engine:Cannot place theory period:
  Subject  : Foundations of Computing: From Hardware Essentials to Web Design
  Division : CS2
  Teacher  : Ms. Surya S. G.
  Required : 1 theory period(s)
  Conflicts:
    • division CS2 timetable completely full on: Mon, Tue, Wed, Thu, Fri
WARNING:timetable_generator_engine:Cannot place theory period:
  Subject  : Engineering Graphics and Computer Aided Drawing.
  Division : CS2
  Teacher  : Ms. Preema T. S.
  Required : 1 theory period(s)
  Conflicts:
    • division CS2 timetable completely full on: Mon, Tue, Wed, Thu, Fri
WARNING:timetable_generator_engine:Cannot place theory period:
  Subject  : Foundations of Computing: From Hardware Essentials to Web Design
  Division : CS2
  Teacher  : Ms. Surya S. G.
  Required : 1 theory period(s)
  Conflicts:
    • division CS2 timetable completely full on: Mon, Tue, Wed, Thu, Fri
WARNING:timetable_generator_engine:Cannot place theory period:
  Subject  : Engineering Graphics and Computer Aided Drawing.
  Division : CS2
  Teacher  : Ms. Preema T. S.
  Required : 1 theory period(s)
  Conflicts:
    • division CS2 timetable completely full on: Mon, Tue, Wed, Thu, Fri
WARNING:timetable_generator_engine:Cannot place theory period:
  Subject  : Digital Electronics and Logic Design
  Division : CS3
  Teacher  : Dr. Noora V. T.
  Required : 1 theory period(s)
  Conflicts:
    • division CS3 timetable completely full on: Mon, Tue, Wed, Thu, Fri
WARNING:timetable_generator_engine:Cannot place theory period:
  Subject  : Programming in C
  Division : CS3
  Teacher  : Ms. Demy Devassy
  Required : 1 theory period(s)
  Conflicts:
    • division CS3 timetable completely full on: Mon, Tue, Wed, Thu, Fri
WARNING:timetable_generator_engine:Cannot place theory period:
  Subject  : Engineering Graphics and Computer Aided Drawing.
  Division : CS2
  Teacher  : Ms. Preema T. S.
  Required : 1 theory period(s)
  Conflicts:
    • division CS2 timetable completely full on: Mon, Tue, Wed, Thu, Fri
WARNING:timetable_generator_engine:Cannot place theory period:
  Subject  : Digital Electronics and Logic Design
  Division : CS3
  Teacher  : Dr. Noora V. T.
  Required : 1 theory period(s)
  Conflicts:
    • division CS3 timetable completely full on: Mon, Tue, Wed, Thu, Fri
WARNING:timetable_generator_engine:Cannot place theory period:
  Subject  : Digital Electronics and Logic Design
  Division : CS3
  Teacher  : Dr. Noora V. T.
  Required : 1 theory period(s)
  Conflicts:
    • division CS3 timetable completely full on: Mon, Tue, Wed, Thu, Fri
WARNING:timetable_generator_engine:Cannot place theory period:
  Subject  : Object Oriented Programming
  Division : CS1
  Teacher  : Ms. Sanooja Beegam M. A.
  Required : 1 theory period(s)
  Conflicts:
    • division CS1 timetable completely full on: Mon, Tue, Wed, Thu, Fri
WARNING:timetable_generator_engine:Cannot place theory period:
  Subject  : Digital Electronics and Logic Design
  Division : CS3
  Teacher  : Dr. Noora V. T.
  Required : 1 theory period(s)
  Conflicts:
    • division CS3 timetable completely full on: Mon, Tue, Wed, Thu, Fri
WARNING:timetable_generator_engine:Cannot place theory period:
  Subject  : Algorithmic Thinking with Python
  Division : CS4
  Teacher  : Ms. Neethu Krishna
  Required : 1 theory period(s)
  Conflicts:
    • division CS4 timetable completely full on: Mon, Tue, Wed, Thu, Fri
WARNING:timetable_generator_engine:Cannot place theory period:
  Subject  : Programming in C
  Division : CS4
  Teacher  : Ms. Vyshna R. K.
  Required : 1 theory period(s)
  Conflicts:
    • division CS4 timetable completely full on: Mon, Tue, Wed, Thu, Fri
WARNING:timetable_generator_engine:Cannot place theory period:
  Subject  : Engineering Graphics and Computer Aided Drawing.
  Division : CS1
  Teacher  : Ms. Jane Theresa
  Required : 1 theory period(s)
  Conflicts:
    • division CS1 timetable completely full on: Mon, Tue, Wed, Thu, Fri
WARNING:timetable_generator_engine:Cannot place theory period:
  Subject  : Programming in C
  Division : CS4
  Teacher  : Ms. Vyshna R. K.
  Required : 1 theory period(s)
  Conflicts:
    • division CS4 timetable completely full on: Mon, Tue, Wed, Thu, Fri
WARNING:timetable_generator_engine:Cannot place theory period:
  Subject  : Engineering Graphics and Computer Aided Drawing.
  Division : CS1
  Teacher  : Ms. Jane Theresa
  Required : 1 theory period(s)
  Conflicts:
    • division CS1 timetable completely full on: Mon, Tue, Wed, Thu, Fri
WARNING:timetable_generator_engine:Cannot place theory period:
  Subject  : Programming in C
  Division : CS4
  Teacher  : Ms. Vyshna R. K.
  Required : 1 theory period(s)
  Conflicts:
    • division CS4 timetable completely full on: Mon, Tue, Wed, Thu, Fri
WARNING:timetable_generator_engine:Cannot place theory period:
  Subject  : Engineering Graphics and Computer Aided Drawing.
  Division : CS1
  Teacher  : Ms. Jane Theresa
  Required : 1 theory period(s)
  Conflicts:
    • division CS1 timetable completely full on: Mon, Tue, Wed, Thu, Fri
WARNING:timetable_generator_engine:Cannot place theory period:
  Subject  : Programming in C
  Division : CS4
  Teacher  : Ms. Vyshna R. K.
  Required : 1 theory period(s)
  Conflicts:
    • division CS4 timetable completely full on: Mon, Tue, Wed, Thu, Fri
WARNING:timetable_generator_engine:Cannot place theory period:
  Subject  : Engineering Graphics and Computer Aided Drawing.
  Division : CS1
  Teacher  : Ms. Jane Theresa
  Required : 1 theory period(s)
  Conflicts:
    • division CS1 timetable completely full on: Mon, Tue, Wed, Thu, Fri
INFO:timetable_generator_engine:  [relaxed pass] Digital Electronics and Logic Design / CS3: placing 4 missing period(s)
WARNING:timetable_generator_engine:  [relaxed pass] Cannot place Digital Electronics and Logic Design / CS3 even with relaxed cap
INFO:timetable_generator_engine:  [relaxed pass] Programming in C / CS3: placing 1 missing period(s)
WARNING:timetable_generator_engine:  [relaxed pass] Cannot place Programming in C / CS3 even with relaxed cap
INFO:timetable_generator_engine:  [relaxed pass] Engineering Graphics and Computer Aided Drawing. / CS2: placing 3 missing period(s)
WARNING:timetable_generator_engine:  [relaxed pass] Cannot place Engineering Graphics and Computer Aided Drawing. / CS2 even with relaxed cap
INFO:timetable_generator_engine:  [relaxed pass] Programming in C / CS4: placing 4 missing period(s)
WARNING:timetable_generator_engine:  [relaxed pass] Cannot place Programming in C / CS4 even with relaxed cap
INFO:timetable_generator_engine:  [relaxed pass] Foundations of Computing: From Hardware Essentials to Web Design / CS2: placing 2 missing period(s)
WARNING:timetable_generator_engine:  [relaxed pass] Cannot place Foundations of Computing: From Hardware Essentials to Web Design / CS2 even with relaxed cap
INFO:timetable_generator_engine:  [relaxed pass] Object Oriented Programming / CS1: placing 1 missing period(s)
WARNING:timetable_generator_engine:  [relaxed pass] Cannot place Object Oriented Programming / CS1 even with relaxed cap
INFO:timetable_generator_engine:  [relaxed pass] Algorithmic Thinking with Python / CS4: placing 1 missing period(s)
WARNING:timetable_generator_engine:  [relaxed pass] Cannot place Algorithmic Thinking with Python / CS4 even with relaxed cap
INFO:timetable_generator_engine:  [relaxed pass] Engineering Graphics and Computer Aided Drawing. / CS1: placing 4 missing period(s)
WARNING:timetable_generator_engine:  [relaxed pass] Cannot place Engineering Graphics and Computer Aided Drawing. / CS1 even with relaxed cap
INFO:timetable_generator_engine:  Attempt 65 (seed=371031) score: 84/100
INFO:timetable_generator_engine:Greedy attempt 66/80 …
WARNING:timetable_generator_engine:Cannot place theory period:
  Subject  : Engineering Graphics and Computer Aided Drawing.
  Division : CS3
  Teacher  : Ms. Divya M. S.
  Required : 1 theory period(s)
  Conflicts:
    • division CS3 timetable completely full on: Mon, Tue, Wed, Thu, Fri
WARNING:timetable_generator_engine:Cannot place theory period:
  Subject  : Digital Electronics and Logic Design
  Division : CS3
  Teacher  : Dr. Noora V. T.
  Required : 1 theory period(s)
  Conflicts:
    • division CS3 timetable completely full on: Mon, Tue, Wed, Thu, Fri
WARNING:timetable_generator_engine:Cannot place theory period:
  Subject  : Engineering Graphics and Computer Aided Drawing.
  Division : CS3
  Teacher  : Ms. Divya M. S.
  Required : 1 theory period(s)
  Conflicts:
    • division CS3 timetable completely full on: Mon, Tue, Wed, Thu, Fri
WARNING:timetable_generator_engine:Cannot place theory period:
  Subject  : Engineering Graphics and Computer Aided Drawing.
  Division : CS3
  Teacher  : Ms. Divya M. S.
  Required : 1 theory period(s)
  Conflicts:
    • division CS3 timetable completely full on: Mon, Tue, Wed, Thu, Fri
WARNING:timetable_generator_engine:Cannot place theory period:
  Subject  : Object Oriented Programming
  Division : CS4
  Teacher  : Ms. Neethu Roy
  Required : 1 theory period(s)
  Conflicts:
    • division CS4 timetable completely full on: Mon, Tue, Wed, Thu, Fri
WARNING:timetable_generator_engine:Cannot place theory period:
  Subject  : Programming in C
  Division : CS4
  Teacher  : Ms. Vyshna R. K.
  Required : 1 theory period(s)
  Conflicts:
    • division CS4 timetable completely full on: Mon, Tue, Wed, Thu, Fri
WARNING:timetable_generator_engine:Cannot place theory period:
  Subject  : Engineering Graphics and Computer Aided Drawing.
  Division : CS3
  Teacher  : Ms. Divya M. S.
  Required : 1 theory period(s)
  Conflicts:
    • division CS3 timetable completely full on: Mon, Tue, Wed, Thu, Fri
WARNING:timetable_generator_engine:Cannot place theory period:
  Subject  : Object Oriented Programming
  Division : CS4
  Teacher  : Ms. Neethu Roy
  Required : 1 theory period(s)
  Conflicts:
    • division CS4 timetable completely full on: Mon, Tue, Wed, Thu, Fri
WARNING:timetable_generator_engine:Cannot place theory period:
  Subject  : Object Oriented Programming
  Division : CS4
  Teacher  : Ms. Neethu Roy
  Required : 1 theory period(s)
  Conflicts:
    • division CS4 timetable completely full on: Mon, Tue, Wed, Thu, Fri
WARNING:timetable_generator_engine:Cannot place theory period:
  Subject  : Engineering Graphics and Computer Aided Drawing.
  Division : CS1
  Teacher  : Ms. Jane Theresa
  Required : 1 theory period(s)
  Conflicts:
    • division CS1 timetable completely full on: Mon, Tue, Wed, Thu, Fri
WARNING:timetable_generator_engine:Cannot place theory period:
  Subject  : Object Oriented Programming
  Division : CS4
  Teacher  : Ms. Neethu Roy
  Required : 1 theory period(s)
  Conflicts:
    • division CS4 timetable completely full on: Mon, Tue, Wed, Thu, Fri
WARNING:timetable_generator_engine:Cannot place theory period:
  Subject  : Digital Electronics and Logic Design
  Division : CS2
  Teacher  : Ms. Smera Thomas
  Required : 1 theory period(s)
  Conflicts:
    • division CS2 timetable completely full on: Mon, Tue, Wed, Thu, Fri
WARNING:timetable_generator_engine:Cannot place theory period:
  Subject  : Programming in C
  Division : CS2
  Teacher  : Ms. Sruthy K. Joseph
  Required : 1 theory period(s)
  Conflicts:
    • division CS2 timetable completely full on: Mon, Tue, Wed, Thu, Fri
WARNING:timetable_generator_engine:Cannot place theory period:
  Subject  : Engineering Graphics and Computer Aided Drawing.
  Division : CS1
  Teacher  : Ms. Jane Theresa
  Required : 1 theory period(s)
  Conflicts:
    • division CS1 timetable completely full on: Mon, Tue, Wed, Thu, Fri
WARNING:timetable_generator_engine:Cannot place theory period:
  Subject  : Programming in C
  Division : CS2
  Teacher  : Ms. Sruthy K. Joseph
  Required : 1 theory period(s)
  Conflicts:
    • division CS2 timetable completely full on: Mon, Tue, Wed, Thu, Fri
WARNING:timetable_generator_engine:Cannot place theory period:
  Subject  : Engineering Graphics and Computer Aided Drawing.
  Division : CS1
  Teacher  : Ms. Jane Theresa
  Required : 1 theory period(s)
  Conflicts:
    • division CS1 timetable completely full on: Mon, Tue, Wed, Thu, Fri
WARNING:timetable_generator_engine:Cannot place theory period:
  Subject  : Programming in C
  Division : CS2
  Teacher  : Ms. Sruthy K. Joseph
  Required : 1 theory period(s)
  Conflicts:
    • division CS2 timetable completely full on: Mon, Tue, Wed, Thu, Fri
WARNING:timetable_generator_engine:Cannot place theory period:
  Subject  : Engineering Graphics and Computer Aided Drawing.
  Division : CS1
  Teacher  : Ms. Jane Theresa
  Required : 1 theory period(s)
  Conflicts:
    • division CS1 timetable completely full on: Mon, Tue, Wed, Thu, Fri
WARNING:timetable_generator_engine:Cannot place theory period:
  Subject  : Programming in C
  Division : CS2
  Teacher  : Ms. Sruthy K. Joseph
  Required : 1 theory period(s)
  Conflicts:
    • division CS2 timetable completely full on: Mon, Tue, Wed, Thu, Fri
WARNING:timetable_generator_engine:Cannot place theory period:
  Subject  : Engineering Graphics and Computer Aided Drawing.
  Division : CS1
  Teacher  : Ms. Jane Theresa
  Required : 1 theory period(s)
  Conflicts:
    • division CS1 timetable completely full on: Mon, Tue, Wed, Thu, Fri
INFO:timetable_generator_engine:  [relaxed pass] Engineering Graphics and Computer Aided Drawing. / CS3: placing 4 missing period(s)
WARNING:timetable_generator_engine:  [relaxed pass] Cannot place Engineering Graphics and Computer Aided Drawing. / CS3 even with relaxed cap
INFO:timetable_generator_engine:  [relaxed pass] Programming in C / CS4: placing 1 missing period(s)
WARNING:timetable_generator_engine:  [relaxed pass] Cannot place Programming in C / CS4 even with relaxed cap
INFO:timetable_generator_engine:  [relaxed pass] Programming in C / CS2: placing 4 missing period(s)
WARNING:timetable_generator_engine:  [relaxed pass] Cannot place Programming in C / CS2 even with relaxed cap
INFO:timetable_generator_engine:  [relaxed pass] Digital Electronics and Logic Design / CS3: placing 1 missing period(s)
WARNING:timetable_generator_engine:  [relaxed pass] Cannot place Digital Electronics and Logic Design / CS3 even with relaxed cap
INFO:timetable_generator_engine:  [relaxed pass] Digital Electronics and Logic Design / CS2: placing 1 missing period(s)
WARNING:timetable_generator_engine:  [relaxed pass] Cannot place Digital Electronics and Logic Design / CS2 even with relaxed cap
INFO:timetable_generator_engine:  [relaxed pass] Engineering Graphics and Computer Aided Drawing. / CS1: placing 5 missing period(s)
WARNING:timetable_generator_engine:  [relaxed pass] Cannot place Engineering Graphics and Computer Aided Drawing. / CS1 even with relaxed cap
INFO:timetable_generator_engine:  [relaxed pass] Object Oriented Programming / CS4: placing 4 missing period(s)
WARNING:timetable_generator_engine:  [relaxed pass] Cannot place Object Oriented Programming / CS4 even with relaxed cap
INFO:timetable_generator_engine:  Attempt 66 (seed=124236) score: 87/100
INFO:timetable_generator_engine:Greedy attempt 67/80 …
WARNING:timetable_generator_engine:Cannot place theory period:
  Subject  : Digital Electronics and Logic Design
  Division : CS1
  Teacher  : Mr. Anoop Jose
  Required : 1 theory period(s)
  Conflicts:
    • division CS1 timetable completely full on: Mon, Tue, Wed, Thu, Fri
WARNING:timetable_generator_engine:Cannot place theory period:
  Subject  : Object Oriented Programming
  Division : CS1
  Teacher  : Ms. Sanooja Beegam M. A.
  Required : 1 theory period(s)
  Conflicts:
    • division CS1 timetable completely full on: Mon, Tue, Wed, Thu, Fri
WARNING:timetable_generator_engine:Cannot place theory period:
  Subject  : Foundations of Computing: From Hardware Essentials to Web Design
  Division : CS3
  Teacher  : Ms. Greshma P Sebastian
  Required : 1 theory period(s)
  Conflicts:
    • division CS3 timetable completely full on: Mon, Tue, Wed, Thu, Fri
WARNING:timetable_generator_engine:Cannot place theory period:
  Subject  : Programming in C
  Division : CS3
  Teacher  : Ms. Demy Devassy
  Required : 1 theory period(s)
  Conflicts:
    • division CS3 timetable completely full on: Mon, Tue, Wed, Thu, Fri
WARNING:timetable_generator_engine:Cannot place theory period:
  Subject  : Engineering Graphics and Computer Aided Drawing.
  Division : CS1
  Teacher  : Ms. Jane Theresa
  Required : 1 theory period(s)
  Conflicts:
    • division CS1 timetable completely full on: Mon, Tue, Wed, Thu, Fri
WARNING:timetable_generator_engine:Cannot place theory period:
  Subject  : Foundations of Computing: From Hardware Essentials to Web Design
  Division : CS3
  Teacher  : Ms. Greshma P Sebastian
  Required : 1 theory period(s)
  Conflicts:
    • division CS3 timetable completely full on: Mon, Tue, Wed, Thu, Fri
WARNING:timetable_generator_engine:Cannot place theory period:
  Subject  : Programming in C
  Division : CS3
  Teacher  : Ms. Demy Devassy
  Required : 1 theory period(s)
  Conflicts:
    • division CS3 timetable completely full on: Mon, Tue, Wed, Thu, Fri
WARNING:timetable_generator_engine:Cannot place theory period:
  Subject  : Engineering Graphics and Computer Aided Drawing.
  Division : CS1
  Teacher  : Ms. Jane Theresa
  Required : 1 theory period(s)
  Conflicts:
    • division CS1 timetable completely full on: Mon, Tue, Wed, Thu, Fri
WARNING:timetable_generator_engine:Cannot place theory period:
  Subject  : Programming in C
  Division : CS3
  Teacher  : Ms. Demy Devassy
  Required : 1 theory period(s)
  Conflicts:
    • division CS3 timetable completely full on: Mon, Tue, Wed, Thu, Fri
WARNING:timetable_generator_engine:Cannot place theory period:
  Subject  : Engineering Graphics and Computer Aided Drawing.
  Division : CS1
  Teacher  : Ms. Jane Theresa
  Required : 1 theory period(s)
  Conflicts:
    • division CS1 timetable completely full on: Mon, Tue, Wed, Thu, Fri
WARNING:timetable_generator_engine:Cannot place theory period:
  Subject  : Algorithmic Thinking with Python
  Division : CS4
  Teacher  : Ms. Neethu Krishna
  Required : 1 theory period(s)
  Conflicts:
    • division CS4 timetable completely full on: Mon, Tue, Wed, Thu, Fri
WARNING:timetable_generator_engine:Cannot place theory period:
  Subject  : Object Oriented Programming
  Division : CS2
  Teacher  : Ms. Julie Siby
  Required : 1 theory period(s)
  Conflicts:
    • division CS2 timetable completely full on: Mon, Tue, Wed, Thu, Fri
WARNING:timetable_generator_engine:Cannot place theory period:
  Subject  : Programming in C
  Division : CS4
  Teacher  : Ms. Vyshna R. K.
  Required : 1 theory period(s)
  Conflicts:
    • division CS4 timetable completely full on: Mon, Tue, Wed, Thu, Fri
WARNING:timetable_generator_engine:Cannot place theory period:
  Subject  : Engineering Graphics and Computer Aided Drawing.
  Division : CS2
  Teacher  : Ms. Preema T. S.
  Required : 1 theory period(s)
  Conflicts:
    • division CS2 timetable completely full on: Mon, Tue, Wed, Thu, Fri
WARNING:timetable_generator_engine:Cannot place theory period:
  Subject  : Programming in C
  Division : CS4
  Teacher  : Ms. Vyshna R. K.
  Required : 1 theory period(s)
  Conflicts:
    • division CS4 timetable completely full on: Mon, Tue, Wed, Thu, Fri
WARNING:timetable_generator_engine:Cannot place theory period:
  Subject  : Engineering Graphics and Computer Aided Drawing.
  Division : CS2
  Teacher  : Ms. Preema T. S.
  Required : 1 theory period(s)
  Conflicts:
    • division CS2 timetable completely full on: Mon, Tue, Wed, Thu, Fri
WARNING:timetable_generator_engine:Cannot place theory period:
  Subject  : Programming in C
  Division : CS4
  Teacher  : Ms. Vyshna R. K.
  Required : 1 theory period(s)
  Conflicts:
    • division CS4 timetable completely full on: Mon, Tue, Wed, Thu, Fri
WARNING:timetable_generator_engine:Cannot place theory period:
  Subject  : Engineering Graphics and Computer Aided Drawing.
  Division : CS2
  Teacher  : Ms. Preema T. S.
  Required : 1 theory period(s)
  Conflicts:
    • division CS2 timetable completely full on: Mon, Tue, Wed, Thu, Fri
WARNING:timetable_generator_engine:Cannot place theory period:
  Subject  : Programming in C
  Division : CS4
  Teacher  : Ms. Vyshna R. K.
  Required : 1 theory period(s)
  Conflicts:
    • division CS4 timetable completely full on: Mon, Tue, Wed, Thu, Fri
WARNING:timetable_generator_engine:Cannot place theory period:
  Subject  : Engineering Graphics and Computer Aided Drawing.
  Division : CS2
  Teacher  : Ms. Preema T. S.
  Required : 1 theory period(s)
  Conflicts:
    • division CS2 timetable completely full on: Mon, Tue, Wed, Thu, Fri
INFO:timetable_generator_engine:  [relaxed pass] Programming in C / CS3: placing 3 missing period(s)
WARNING:timetable_generator_engine:  [relaxed pass] Cannot place Programming in C / CS3 even with relaxed cap
INFO:timetable_generator_engine:  [relaxed pass] Object Oriented Programming / CS1: placing 1 missing period(s)
WARNING:timetable_generator_engine:  [relaxed pass] Cannot place Object Oriented Programming / CS1 even with relaxed cap
INFO:timetable_generator_engine:  [relaxed pass] Engineering Graphics and Computer Aided Drawing. / CS1: placing 3 missing period(s)
WARNING:timetable_generator_engine:  [relaxed pass] Cannot place Engineering Graphics and Computer Aided Drawing. / CS1 even with relaxed cap
INFO:timetable_generator_engine:  [relaxed pass] Digital Electronics and Logic Design / CS1: placing 1 missing period(s)
WARNING:timetable_generator_engine:  [relaxed pass] Cannot place Digital Electronics and Logic Design / CS1 even with relaxed cap
INFO:timetable_generator_engine:  [relaxed pass] Engineering Graphics and Computer Aided Drawing. / CS2: placing 4 missing period(s)
WARNING:timetable_generator_engine:  [relaxed pass] Cannot place Engineering Graphics and Computer Aided Drawing. / CS2 even with relaxed cap
INFO:timetable_generator_engine:  [relaxed pass] Algorithmic Thinking with Python / CS4: placing 1 missing period(s)
WARNING:timetable_generator_engine:  [relaxed pass] Cannot place Algorithmic Thinking with Python / CS4 even with relaxed cap
INFO:timetable_generator_engine:  [relaxed pass] Object Oriented Programming / CS2: placing 1 missing period(s)
WARNING:timetable_generator_engine:  [relaxed pass] Cannot place Object Oriented Programming / CS2 even with relaxed cap
INFO:timetable_generator_engine:  [relaxed pass] Programming in C / CS4: placing 4 missing period(s)
WARNING:timetable_generator_engine:  [relaxed pass] Cannot place Programming in C / CS4 even with relaxed cap
INFO:timetable_generator_engine:  [relaxed pass] Foundations of Computing: From Hardware Essentials to Web Design / CS3: placing 2 missing period(s)
WARNING:timetable_generator_engine:  [relaxed pass] Cannot place Foundations of Computing: From Hardware Essentials to Web Design / CS3 even with relaxed cap
INFO:timetable_generator_engine:  Attempt 67 (seed=661041) score: 89/100
INFO:timetable_generator_engine:Greedy attempt 68/80 …
WARNING:timetable_generator_engine:Cannot place theory period:
  Subject  : Foundations of Computing: From Hardware Essentials to Web Design
  Division : CS4
  Teacher  : Ms. Doney Daniel
  Required : 1 theory period(s)
  Conflicts:
    • division CS4 timetable completely full on: Mon, Tue, Wed, Thu, Fri
WARNING:timetable_generator_engine:Cannot place theory period:
  Subject  : Digital Electronics and Logic Design
  Division : CS1
  Teacher  : Mr. Anoop Jose
  Required : 1 theory period(s)
  Conflicts:
    • division CS1 timetable completely full on: Mon, Tue, Wed, Thu, Fri
WARNING:timetable_generator_engine:Cannot place theory period:
  Subject  : Object Oriented Programming
  Division : CS3
  Teacher  : Ms. Anu S
  Required : 1 theory period(s)
  Conflicts:
    • division CS3 timetable completely full on: Mon, Tue, Wed, Thu, Fri
WARNING:timetable_generator_engine:Cannot place theory period:
  Subject  : Algorithmic Thinking with Python
  Division : CS4
  Teacher  : Ms. Neethu Krishna
  Required : 1 theory period(s)
  Conflicts:
    • division CS4 timetable completely full on: Mon, Tue, Wed, Thu, Fri
WARNING:timetable_generator_engine:Cannot place theory period:
  Subject  : Engineering Graphics and Computer Aided Drawing.
  Division : CS1
  Teacher  : Ms. Jane Theresa
  Required : 1 theory period(s)
  Conflicts:
    • division CS1 timetable completely full on: Mon, Tue, Wed, Thu, Fri
WARNING:timetable_generator_engine:Cannot place theory period:
  Subject  : Programming in C
  Division : CS3
  Teacher  : Ms. Demy Devassy
  Required : 1 theory period(s)
  Conflicts:
    • division CS3 timetable completely full on: Mon, Tue, Wed, Thu, Fri
WARNING:timetable_generator_engine:Cannot place theory period:
  Subject  : Digital Electronics and Logic Design
  Division : CS1
  Teacher  : Mr. Anoop Jose
  Required : 1 theory period(s)
  Conflicts:
    • division CS1 timetable completely full on: Mon, Tue, Wed, Thu, Fri
WARNING:timetable_generator_engine:Cannot place theory period:
  Subject  : Object Oriented Programming
  Division : CS3
  Teacher  : Ms. Anu S
  Required : 1 theory period(s)
  Conflicts:
    • division CS3 timetable completely full on: Mon, Tue, Wed, Thu, Fri
WARNING:timetable_generator_engine:Cannot place theory period:
  Subject  : Algorithmic Thinking with Python
  Division : CS4
  Teacher  : Ms. Neethu Krishna
  Required : 1 theory period(s)
  Conflicts:
    • division CS4 timetable completely full on: Mon, Tue, Wed, Thu, Fri
WARNING:timetable_generator_engine:Cannot place theory period:
  Subject  : Digital Electronics and Logic Design
  Division : CS1
  Teacher  : Mr. Anoop Jose
  Required : 1 theory period(s)
  Conflicts:
    • division CS1 timetable completely full on: Mon, Tue, Wed, Thu, Fri
WARNING:timetable_generator_engine:Cannot place theory period:
  Subject  : Object Oriented Programming
  Division : CS3
  Teacher  : Ms. Anu S
  Required : 1 theory period(s)
  Conflicts:
    • division CS3 timetable completely full on: Mon, Tue, Wed, Thu, Fri
WARNING:timetable_generator_engine:Cannot place theory period:
  Subject  : Algorithmic Thinking with Python
  Division : CS4
  Teacher  : Ms. Neethu Krishna
  Required : 1 theory period(s)
  Conflicts:
    • division CS4 timetable completely full on: Mon, Tue, Wed, Thu, Fri
WARNING:timetable_generator_engine:Cannot place theory period:
  Subject  : Digital Electronics and Logic Design
  Division : CS1
  Teacher  : Mr. Anoop Jose
  Required : 1 theory period(s)
  Conflicts:
    • division CS1 timetable completely full on: Mon, Tue, Wed, Thu, Fri
WARNING:timetable_generator_engine:Cannot place theory period:
  Subject  : Object Oriented Programming
  Division : CS3
  Teacher  : Ms. Anu S
  Required : 1 theory period(s)
  Conflicts:
    • division CS3 timetable completely full on: Mon, Tue, Wed, Thu, Fri
WARNING:timetable_generator_engine:Cannot place theory period:
  Subject  : Algorithmic Thinking with Python
  Division : CS4
  Teacher  : Ms. Neethu Krishna
  Required : 1 theory period(s)
  Conflicts:
    • division CS4 timetable completely full on: Mon, Tue, Wed, Thu, Fri
WARNING:timetable_generator_engine:Cannot place theory period:
  Subject  : Programming in C
  Division : CS2
  Teacher  : Ms. Sruthy K. Joseph
  Required : 1 theory period(s)
  Conflicts:
    • division CS2 timetable completely full on: Mon, Tue, Wed, Thu, Fri
WARNING:timetable_generator_engine:Cannot place theory period:
  Subject  : Engineering Graphics and Computer Aided Drawing.
  Division : CS2
  Teacher  : Ms. Preema T. S.
  Required : 1 theory period(s)
  Conflicts:
    • division CS2 timetable completely full on: Mon, Tue, Wed, Thu, Fri
WARNING:timetable_generator_engine:Cannot place theory period:
  Subject  : Programming in C
  Division : CS2
  Teacher  : Ms. Sruthy K. Joseph
  Required : 1 theory period(s)
  Conflicts:
    • division CS2 timetable completely full on: Mon, Tue, Wed, Thu, Fri
WARNING:timetable_generator_engine:Cannot place theory period:
  Subject  : Engineering Graphics and Computer Aided Drawing.
  Division : CS2
  Teacher  : Ms. Preema T. S.
  Required : 1 theory period(s)
  Conflicts:
    • division CS2 timetable completely full on: Mon, Tue, Wed, Thu, Fri
WARNING:timetable_generator_engine:Cannot place theory period:
  Subject  : Programming in C
  Division : CS2
  Teacher  : Ms. Sruthy K. Joseph
  Required : 1 theory period(s)
  Conflicts:
    • division CS2 timetable completely full on: Mon, Tue, Wed, Thu, Fri
INFO:timetable_generator_engine:  [relaxed pass] Programming in C / CS3: placing 1 missing period(s)
WARNING:timetable_generator_engine:  [relaxed pass] Cannot place Programming in C / CS3 even with relaxed cap
INFO:timetable_generator_engine:  [relaxed pass] Engineering Graphics and Computer Aided Drawing. / CS1: placing 1 missing period(s)
WARNING:timetable_generator_engine:  [relaxed pass] Cannot place Engineering Graphics and Computer Aided Drawing. / CS1 even with relaxed cap
INFO:timetable_generator_engine:  [relaxed pass] Engineering Graphics and Computer Aided Drawing. / CS2: placing 2 missing period(s)
WARNING:timetable_generator_engine:  [relaxed pass] Cannot place Engineering Graphics and Computer Aided Drawing. / CS2 even with relaxed cap
INFO:timetable_generator_engine:  [relaxed pass] Programming in C / CS2: placing 3 missing period(s)
WARNING:timetable_generator_engine:  [relaxed pass] Cannot place Programming in C / CS2 even with relaxed cap
INFO:timetable_generator_engine:  [relaxed pass] Object Oriented Programming / CS3: placing 4 missing period(s)
WARNING:timetable_generator_engine:  [relaxed pass] Cannot place Object Oriented Programming / CS3 even with relaxed cap
INFO:timetable_generator_engine:  [relaxed pass] Algorithmic Thinking with Python / CS4: placing 4 missing period(s)
WARNING:timetable_generator_engine:  [relaxed pass] Cannot place Algorithmic Thinking with Python / CS4 even with relaxed cap
INFO:timetable_generator_engine:  [relaxed pass] Foundations of Computing: From Hardware Essentials to Web Design / CS4: placing 1 missing period(s)
WARNING:timetable_generator_engine:  [relaxed pass] Cannot place Foundations of Computing: From Hardware Essentials to Web Design / CS4 even with relaxed cap
INFO:timetable_generator_engine:  [relaxed pass] Digital Electronics and Logic Design / CS1: placing 4 missing period(s)
WARNING:timetable_generator_engine:  [relaxed pass] Cannot place Digital Electronics and Logic Design / CS1 even with relaxed cap
INFO:timetable_generator_engine:  Attempt 68 (seed=823643) score: 87/100
INFO:timetable_generator_engine:Greedy attempt 69/80 …
WARNING:timetable_generator_engine:Cannot place theory period:
  Subject  : Foundations of Computing: From Hardware Essentials to Web Design
  Division : CS2
  Teacher  : Ms. Surya S. G.
  Required : 1 theory period(s)
  Conflicts:
    • division CS2 timetable completely full on: Mon, Tue, Wed, Thu, Fri
WARNING:timetable_generator_engine:Cannot place theory period:
  Subject  : Algorithmic Thinking with Python
  Division : CS1
  Teacher  : Dr. Deepa K.
  Required : 1 theory period(s)
  Conflicts:
    • division CS1 timetable completely full on: Mon, Tue, Wed, Thu, Fri
WARNING:timetable_generator_engine:Cannot place theory period:
  Subject  : Digital Electronics and Logic Design
  Division : CS2
  Teacher  : Ms. Smera Thomas
  Required : 1 theory period(s)
  Conflicts:
    • division CS2 timetable completely full on: Mon, Tue, Wed, Thu, Fri
WARNING:timetable_generator_engine:Cannot place theory period:
  Subject  : Engineering Graphics and Computer Aided Drawing.
  Division : CS1
  Teacher  : Ms. Jane Theresa
  Required : 1 theory period(s)
  Conflicts:
    • division CS1 timetable completely full on: Mon, Tue, Wed, Thu, Fri
WARNING:timetable_generator_engine:Cannot place theory period:
  Subject  : Algorithmic Thinking with Python
  Division : CS1
  Teacher  : Dr. Deepa K.
  Required : 1 theory period(s)
  Conflicts:
    • division CS1 timetable completely full on: Mon, Tue, Wed, Thu, Fri
WARNING:timetable_generator_engine:Cannot place theory period:
  Subject  : Digital Electronics and Logic Design
  Division : CS2
  Teacher  : Ms. Smera Thomas
  Required : 1 theory period(s)
  Conflicts:
    • division CS2 timetable completely full on: Mon, Tue, Wed, Thu, Fri
WARNING:timetable_generator_engine:Cannot place theory period:
  Subject  : Algorithmic Thinking with Python
  Division : CS1
  Teacher  : Dr. Deepa K.
  Required : 1 theory period(s)
  Conflicts:
    • division CS1 timetable completely full on: Mon, Tue, Wed, Thu, Fri
WARNING:timetable_generator_engine:Cannot place theory period:
  Subject  : Digital Electronics and Logic Design
  Division : CS2
  Teacher  : Ms. Smera Thomas
  Required : 1 theory period(s)
  Conflicts:
    • division CS2 timetable completely full on: Mon, Tue, Wed, Thu, Fri
WARNING:timetable_generator_engine:Cannot place theory period:
  Subject  : Engineering Graphics and Computer Aided Drawing.
  Division : CS4
  Teacher  : Dr. Geethu R.
  Required : 1 theory period(s)
  Conflicts:
    • division CS4 timetable completely full on: Mon, Tue, Wed, Thu, Fri
WARNING:timetable_generator_engine:Cannot place theory period:
  Subject  : Algorithmic Thinking with Python
  Division : CS1
  Teacher  : Dr. Deepa K.
  Required : 1 theory period(s)
  Conflicts:
    • division CS1 timetable completely full on: Mon, Tue, Wed, Thu, Fri
WARNING:timetable_generator_engine:Cannot place theory period:
  Subject  : Object Oriented Programming
  Division : CS3
  Teacher  : Ms. Anu S
  Required : 1 theory period(s)
  Conflicts:
    • division CS3 timetable completely full on: Mon, Tue, Wed, Thu, Fri
WARNING:timetable_generator_engine:Cannot place theory period:
  Subject  : Digital Electronics and Logic Design
  Division : CS2
  Teacher  : Ms. Smera Thomas
  Required : 1 theory period(s)
  Conflicts:
    • division CS2 timetable completely full on: Mon, Tue, Wed, Thu, Fri
WARNING:timetable_generator_engine:Cannot place theory period:
  Subject  : Programming in C
  Division : CS3
  Teacher  : Ms. Demy Devassy
  Required : 1 theory period(s)
  Conflicts:
    • division CS3 timetable completely full on: Mon, Tue, Wed, Thu, Fri
WARNING:timetable_generator_engine:Cannot place theory period:
  Subject  : Engineering Graphics and Computer Aided Drawing.
  Division : CS4
  Teacher  : Dr. Geethu R.
  Required : 1 theory period(s)
  Conflicts:
    • division CS4 timetable completely full on: Mon, Tue, Wed, Thu, Fri
WARNING:timetable_generator_engine:Cannot place theory period:
  Subject  : Programming in C
  Division : CS3
  Teacher  : Ms. Demy Devassy
  Required : 1 theory period(s)
  Conflicts:
    • division CS3 timetable completely full on: Mon, Tue, Wed, Thu, Fri
WARNING:timetable_generator_engine:Cannot place theory period:
  Subject  : Engineering Graphics and Computer Aided Drawing.
  Division : CS4
  Teacher  : Dr. Geethu R.
  Required : 1 theory period(s)
  Conflicts:
    • division CS4 timetable completely full on: Mon, Tue, Wed, Thu, Fri
WARNING:timetable_generator_engine:Cannot place theory period:
  Subject  : Programming in C
  Division : CS3
  Teacher  : Ms. Demy Devassy
  Required : 1 theory period(s)
  Conflicts:
    • division CS3 timetable completely full on: Mon, Tue, Wed, Thu, Fri
WARNING:timetable_generator_engine:Cannot place theory period:
  Subject  : Engineering Graphics and Computer Aided Drawing.
  Division : CS4
  Teacher  : Dr. Geethu R.
  Required : 1 theory period(s)
  Conflicts:
    • division CS4 timetable completely full on: Mon, Tue, Wed, Thu, Fri
WARNING:timetable_generator_engine:Cannot place theory period:
  Subject  : Programming in C
  Division : CS3
  Teacher  : Ms. Demy Devassy
  Required : 1 theory period(s)
  Conflicts:
    • division CS3 timetable completely full on: Mon, Tue, Wed, Thu, Fri
WARNING:timetable_generator_engine:Cannot place theory period:
  Subject  : Engineering Graphics and Computer Aided Drawing.
  Division : CS4
  Teacher  : Dr. Geethu R.
  Required : 1 theory period(s)
  Conflicts:
    • division CS4 timetable completely full on: Mon, Tue, Wed, Thu, Fri
INFO:timetable_generator_engine:  [relaxed pass] Engineering Graphics and Computer Aided Drawing. / CS1: placing 1 missing period(s)
WARNING:timetable_generator_engine:  [relaxed pass] Cannot place Engineering Graphics and Computer Aided Drawing. / CS1 even with relaxed cap
INFO:timetable_generator_engine:  [relaxed pass] Digital Electronics and Logic Design / CS2: placing 4 missing period(s)
WARNING:timetable_generator_engine:  [relaxed pass] Cannot place Digital Electronics and Logic Design / CS2 even with relaxed cap
INFO:timetable_generator_engine:  [relaxed pass] Foundations of Computing: From Hardware Essentials to Web Design / CS2: placing 1 missing period(s)
WARNING:timetable_generator_engine:  [relaxed pass] Cannot place Foundations of Computing: From Hardware Essentials to Web Design / CS2 even with relaxed cap
INFO:timetable_generator_engine:  [relaxed pass] Programming in C / CS3: placing 4 missing period(s)
WARNING:timetable_generator_engine:  [relaxed pass] Cannot place Programming in C / CS3 even with relaxed cap
INFO:timetable_generator_engine:  [relaxed pass] Algorithmic Thinking with Python / CS1: placing 4 missing period(s)
WARNING:timetable_generator_engine:  [relaxed pass] Cannot place Algorithmic Thinking with Python / CS1 even with relaxed cap
INFO:timetable_generator_engine:  [relaxed pass] Object Oriented Programming / CS3: placing 1 missing period(s)
WARNING:timetable_generator_engine:  [relaxed pass] Cannot place Object Oriented Programming / CS3 even with relaxed cap
INFO:timetable_generator_engine:  [relaxed pass] Engineering Graphics and Computer Aided Drawing. / CS4: placing 5 missing period(s)
WARNING:timetable_generator_engine:  [relaxed pass] Cannot place Engineering Graphics and Computer Aided Drawing. / CS4 even with relaxed cap
INFO:timetable_generator_engine:  Attempt 69 (seed=395153) score: 90/100
INFO:timetable_generator_engine:Greedy attempt 70/80 …
WARNING:timetable_generator_engine:Cannot place theory period:
  Subject  : Digital Electronics and Logic Design
  Division : CS3
  Teacher  : Dr. Noora V. T.
  Required : 1 theory period(s)
  Conflicts:
    • division CS3 timetable completely full on: Mon, Tue, Wed, Thu, Fri
WARNING:timetable_generator_engine:Cannot place theory period:
  Subject  : Algorithmic Thinking with Python
  Division : CS2
  Teacher  : Ms. Bini Omman
  Required : 1 theory period(s)
  Conflicts:
    • division CS2 timetable completely full on: Mon, Tue, Wed, Thu, Fri
WARNING:timetable_generator_engine:Cannot place theory period:
  Subject  : Programming in C
  Division : CS2
  Teacher  : Ms. Sruthy K. Joseph
  Required : 1 theory period(s)
  Conflicts:
    • division CS2 timetable completely full on: Mon, Tue, Wed, Thu, Fri
WARNING:timetable_generator_engine:Cannot place theory period:
  Subject  : Engineering Graphics and Computer Aided Drawing.
  Division : CS3
  Teacher  : Ms. Divya M. S.
  Required : 1 theory period(s)
  Conflicts:
    • division CS3 timetable completely full on: Mon, Tue, Wed, Thu, Fri
WARNING:timetable_generator_engine:Cannot place theory period:
  Subject  : Digital Electronics and Logic Design
  Division : CS3
  Teacher  : Dr. Noora V. T.
  Required : 1 theory period(s)
  Conflicts:
    • division CS3 timetable completely full on: Mon, Tue, Wed, Thu, Fri
WARNING:timetable_generator_engine:Cannot place theory period:
  Subject  : Algorithmic Thinking with Python
  Division : CS2
  Teacher  : Ms. Bini Omman
  Required : 1 theory period(s)
  Conflicts:
    • division CS2 timetable completely full on: Mon, Tue, Wed, Thu, Fri
WARNING:timetable_generator_engine:Cannot place theory period:
  Subject  : Digital Electronics and Logic Design
  Division : CS3
  Teacher  : Dr. Noora V. T.
  Required : 1 theory period(s)
  Conflicts:
    • division CS3 timetable completely full on: Mon, Tue, Wed, Thu, Fri
WARNING:timetable_generator_engine:Cannot place theory period:
  Subject  : Algorithmic Thinking with Python
  Division : CS2
  Teacher  : Ms. Bini Omman
  Required : 1 theory period(s)
  Conflicts:
    • division CS2 timetable completely full on: Mon, Tue, Wed, Thu, Fri
WARNING:timetable_generator_engine:Cannot place theory period:
  Subject  : Engineering Graphics and Computer Aided Drawing.
  Division : CS4
  Teacher  : Dr. Geethu R.
  Required : 1 theory period(s)
  Conflicts:
    • division CS4 timetable completely full on: Mon, Tue, Wed, Thu, Fri
WARNING:timetable_generator_engine:Cannot place theory period:
  Subject  : Object Oriented Programming
  Division : CS1
  Teacher  : Ms. Sanooja Beegam M. A.
  Required : 1 theory period(s)
  Conflicts:
    • division CS1 timetable completely full on: Mon, Tue, Wed, Thu, Fri
WARNING:timetable_generator_engine:Cannot place theory period:
  Subject  : Digital Electronics and Logic Design
  Division : CS3
  Teacher  : Dr. Noora V. T.
  Required : 1 theory period(s)
  Conflicts:
    • division CS3 timetable completely full on: Mon, Tue, Wed, Thu, Fri
WARNING:timetable_generator_engine:Cannot place theory period:
  Subject  : Algorithmic Thinking with Python
  Division : CS2
  Teacher  : Ms. Bini Omman
  Required : 1 theory period(s)
  Conflicts:
    • division CS2 timetable completely full on: Mon, Tue, Wed, Thu, Fri
WARNING:timetable_generator_engine:Cannot place theory period:
  Subject  : Programming in C
  Division : CS1
  Teacher  : Ms. Meera V. M.
  Required : 1 theory period(s)
  Conflicts:
    • division CS1 timetable completely full on: Mon, Tue, Wed, Thu, Fri
WARNING:timetable_generator_engine:Cannot place theory period:
  Subject  : Engineering Graphics and Computer Aided Drawing.
  Division : CS4
  Teacher  : Dr. Geethu R.
  Required : 1 theory period(s)
  Conflicts:
    • division CS4 timetable completely full on: Mon, Tue, Wed, Thu, Fri
WARNING:timetable_generator_engine:Cannot place theory period:
  Subject  : Programming in C
  Division : CS1
  Teacher  : Ms. Meera V. M.
  Required : 1 theory period(s)
  Conflicts:
    • division CS1 timetable completely full on: Mon, Tue, Wed, Thu, Fri
WARNING:timetable_generator_engine:Cannot place theory period:
  Subject  : Engineering Graphics and Computer Aided Drawing.
  Division : CS4
  Teacher  : Dr. Geethu R.
  Required : 1 theory period(s)
  Conflicts:
    • division CS4 timetable completely full on: Mon, Tue, Wed, Thu, Fri
WARNING:timetable_generator_engine:Cannot place theory period:
  Subject  : Programming in C
  Division : CS1
  Teacher  : Ms. Meera V. M.
  Required : 1 theory period(s)
  Conflicts:
    • division CS1 timetable completely full on: Mon, Tue, Wed, Thu, Fri
WARNING:timetable_generator_engine:Cannot place theory period:
  Subject  : Engineering Graphics and Computer Aided Drawing.
  Division : CS4
  Teacher  : Dr. Geethu R.
  Required : 1 theory period(s)
  Conflicts:
    • division CS4 timetable completely full on: Mon, Tue, Wed, Thu, Fri
WARNING:timetable_generator_engine:Cannot place theory period:
  Subject  : Programming in C
  Division : CS1
  Teacher  : Ms. Meera V. M.
  Required : 1 theory period(s)
  Conflicts:
    • division CS1 timetable completely full on: Mon, Tue, Wed, Thu, Fri
WARNING:timetable_generator_engine:Cannot place theory period:
  Subject  : Engineering Graphics and Computer Aided Drawing.
  Division : CS4
  Teacher  : Dr. Geethu R.
  Required : 1 theory period(s)
  Conflicts:
    • division CS4 timetable completely full on: Mon, Tue, Wed, Thu, Fri
INFO:timetable_generator_engine:  [relaxed pass] Programming in C / CS2: placing 1 missing period(s)
WARNING:timetable_generator_engine:  [relaxed pass] Cannot place Programming in C / CS2 even with relaxed cap
INFO:timetable_generator_engine:  [relaxed pass] Object Oriented Programming / CS1: placing 1 missing period(s)
WARNING:timetable_generator_engine:  [relaxed pass] Cannot place Object Oriented Programming / CS1 even with relaxed cap
INFO:timetable_generator_engine:  [relaxed pass] Engineering Graphics and Computer Aided Drawing. / CS3: placing 1 missing period(s)
WARNING:timetable_generator_engine:  [relaxed pass] Cannot place Engineering Graphics and Computer Aided Drawing. / CS3 even with relaxed cap
INFO:timetable_generator_engine:  [relaxed pass] Programming in C / CS1: placing 4 missing period(s)
WARNING:timetable_generator_engine:  [relaxed pass] Cannot place Programming in C / CS1 even with relaxed cap
INFO:timetable_generator_engine:  [relaxed pass] Engineering Graphics and Computer Aided Drawing. / CS4: placing 5 missing period(s)
WARNING:timetable_generator_engine:  [relaxed pass] Cannot place Engineering Graphics and Computer Aided Drawing. / CS4 even with relaxed cap
INFO:timetable_generator_engine:  [relaxed pass] Digital Electronics and Logic Design / CS3: placing 4 missing period(s)
WARNING:timetable_generator_engine:  [relaxed pass] Cannot place Digital Electronics and Logic Design / CS3 even with relaxed cap
INFO:timetable_generator_engine:  [relaxed pass] Algorithmic Thinking with Python / CS2: placing 4 missing period(s)
WARNING:timetable_generator_engine:  [relaxed pass] Cannot place Algorithmic Thinking with Python / CS2 even with relaxed cap
INFO:timetable_generator_engine:  Attempt 70 (seed=483124) score: 89/100
INFO:timetable_generator_engine:Greedy attempt 71/80 …
WARNING:timetable_generator_engine:Cannot place theory period:
  Subject  : Engineering Graphics and Computer Aided Drawing.
  Division : CS1
  Teacher  : Ms. Jane Theresa
  Required : 1 theory period(s)
  Conflicts:
    • division CS1 timetable completely full on: Mon, Tue, Wed, Thu, Fri
WARNING:timetable_generator_engine:Cannot place theory period:
  Subject  : Foundations of Computing: From Hardware Essentials to Web Design
  Division : CS1
  Teacher  : Dr. Manish T. I.
  Required : 1 theory period(s)
  Conflicts:
    • division CS1 timetable completely full on: Mon, Tue, Wed, Thu, Fri
WARNING:timetable_generator_engine:Cannot place theory period:
  Subject  : Foundations of Computing: From Hardware Essentials to Web Design
  Division : CS1
  Teacher  : Dr. Manish T. I.
  Required : 1 theory period(s)
  Conflicts:
    • division CS1 timetable completely full on: Mon, Tue, Wed, Thu, Fri
WARNING:timetable_generator_engine:Cannot place theory period:
  Subject  : Foundations of Computing: From Hardware Essentials to Web Design
  Division : CS1
  Teacher  : Dr. Manish T. I.
  Required : 1 theory period(s)
  Conflicts:
    • division CS1 timetable completely full on: Mon, Tue, Wed, Thu, Fri
WARNING:timetable_generator_engine:Cannot place theory period:
  Subject  : Foundations of Computing: From Hardware Essentials to Web Design
  Division : CS1
  Teacher  : Dr. Manish T. I.
  Required : 1 theory period(s)
  Conflicts:
    • division CS1 timetable completely full on: Mon, Tue, Wed, Thu, Fri
WARNING:timetable_generator_engine:Cannot place theory period:
  Subject  : Digital Electronics and Logic Design
  Division : CS3
  Teacher  : Dr. Noora V. T.
  Required : 1 theory period(s)
  Conflicts:
    • division CS3 timetable completely full on: Mon, Tue, Wed, Thu, Fri
WARNING:timetable_generator_engine:Cannot place theory period:
  Subject  : Algorithmic Thinking with Python
  Division : CS2
  Teacher  : Ms. Bini Omman
  Required : 1 theory period(s)
  Conflicts:
    • division CS2 timetable completely full on: Mon, Tue, Wed, Thu, Fri
WARNING:timetable_generator_engine:Cannot place theory period:
  Subject  : Engineering Graphics and Computer Aided Drawing.
  Division : CS3
  Teacher  : Ms. Divya M. S.
  Required : 1 theory period(s)
  Conflicts:
    • division CS3 timetable completely full on: Mon, Tue, Wed, Thu, Fri
WARNING:timetable_generator_engine:Cannot place theory period:
  Subject  : Programming in C
  Division : CS2
  Teacher  : Ms. Sruthy K. Joseph
  Required : 1 theory period(s)
  Conflicts:
    • division CS2 timetable completely full on: Mon, Tue, Wed, Thu, Fri
WARNING:timetable_generator_engine:Cannot place theory period:
  Subject  : Digital Electronics and Logic Design
  Division : CS3
  Teacher  : Dr. Noora V. T.
  Required : 1 theory period(s)
  Conflicts:
    • division CS3 timetable completely full on: Mon, Tue, Wed, Thu, Fri
WARNING:timetable_generator_engine:Cannot place theory period:
  Subject  : Algorithmic Thinking with Python
  Division : CS2
  Teacher  : Ms. Bini Omman
  Required : 1 theory period(s)
  Conflicts:
    • division CS2 timetable completely full on: Mon, Tue, Wed, Thu, Fri
WARNING:timetable_generator_engine:Cannot place theory period:
  Subject  : Digital Electronics and Logic Design
  Division : CS3
  Teacher  : Dr. Noora V. T.
  Required : 1 theory period(s)
  Conflicts:
    • division CS3 timetable completely full on: Mon, Tue, Wed, Thu, Fri
WARNING:timetable_generator_engine:Cannot place theory period:
  Subject  : Algorithmic Thinking with Python
  Division : CS2
  Teacher  : Ms. Bini Omman
  Required : 1 theory period(s)
  Conflicts:
    • division CS2 timetable completely full on: Mon, Tue, Wed, Thu, Fri
WARNING:timetable_generator_engine:Cannot place theory period:
  Subject  : Digital Electronics and Logic Design
  Division : CS3
  Teacher  : Dr. Noora V. T.
  Required : 1 theory period(s)
  Conflicts:
    • division CS3 timetable completely full on: Mon, Tue, Wed, Thu, Fri
WARNING:timetable_generator_engine:Cannot place theory period:
  Subject  : Algorithmic Thinking with Python
  Division : CS2
  Teacher  : Ms. Bini Omman
  Required : 1 theory period(s)
  Conflicts:
    • division CS2 timetable completely full on: Mon, Tue, Wed, Thu, Fri
WARNING:timetable_generator_engine:Cannot place theory period:
  Subject  : Programming in C
  Division : CS4
  Teacher  : Ms. Vyshna R. K.
  Required : 1 theory period(s)
  Conflicts:
    • division CS4 timetable completely full on: Mon, Tue, Wed, Thu, Fri
WARNING:timetable_generator_engine:Cannot place theory period:
  Subject  : Engineering Graphics and Computer Aided Drawing.
  Division : CS4
  Teacher  : Dr. Geethu R.
  Required : 1 theory period(s)
  Conflicts:
    • division CS4 timetable completely full on: Mon, Tue, Wed, Thu, Fri
WARNING:timetable_generator_engine:Cannot place theory period:
  Subject  : Programming in C
  Division : CS4
  Teacher  : Ms. Vyshna R. K.
  Required : 1 theory period(s)
  Conflicts:
    • division CS4 timetable completely full on: Mon, Tue, Wed, Thu, Fri
WARNING:timetable_generator_engine:Cannot place theory period:
  Subject  : Engineering Graphics and Computer Aided Drawing.
  Division : CS4
  Teacher  : Dr. Geethu R.
  Required : 1 theory period(s)
  Conflicts:
    • division CS4 timetable completely full on: Mon, Tue, Wed, Thu, Fri
WARNING:timetable_generator_engine:Cannot place theory period:
  Subject  : Programming in C
  Division : CS4
  Teacher  : Ms. Vyshna R. K.
  Required : 1 theory period(s)
  Conflicts:
    • division CS4 timetable completely full on: Mon, Tue, Wed, Thu, Fri
INFO:timetable_generator_engine:  [relaxed pass] Engineering Graphics and Computer Aided Drawing. / CS1: placing 1 missing period(s)
WARNING:timetable_generator_engine:  [relaxed pass] Cannot place Engineering Graphics and Computer Aided Drawing. / CS1 even with relaxed cap
INFO:timetable_generator_engine:  [relaxed pass] Programming in C / CS2: placing 1 missing period(s)
WARNING:timetable_generator_engine:  [relaxed pass] Cannot place Programming in C / CS2 even with relaxed cap
INFO:timetable_generator_engine:  [relaxed pass] Engineering Graphics and Computer Aided Drawing. / CS3: placing 1 missing period(s)
WARNING:timetable_generator_engine:  [relaxed pass] Cannot place Engineering Graphics and Computer Aided Drawing. / CS3 even with relaxed cap
INFO:timetable_generator_engine:  [relaxed pass] Digital Electronics and Logic Design / CS3: placing 4 missing period(s)
WARNING:timetable_generator_engine:  [relaxed pass] Cannot place Digital Electronics and Logic Design / CS3 even with relaxed cap
INFO:timetable_generator_engine:  [relaxed pass] Foundations of Computing: From Hardware Essentials to Web Design / CS1: placing 4 missing period(s)
WARNING:timetable_generator_engine:  [relaxed pass] Cannot place Foundations of Computing: From Hardware Essentials to Web Design / CS1 even with relaxed cap
INFO:timetable_generator_engine:  [relaxed pass] Programming in C / CS4: placing 3 missing period(s)
WARNING:timetable_generator_engine:  [relaxed pass] Cannot place Programming in C / CS4 even with relaxed cap
INFO:timetable_generator_engine:  [relaxed pass] Engineering Graphics and Computer Aided Drawing. / CS4: placing 2 missing period(s)
WARNING:timetable_generator_engine:  [relaxed pass] Cannot place Engineering Graphics and Computer Aided Drawing. / CS4 even with relaxed cap
INFO:timetable_generator_engine:  [relaxed pass] Algorithmic Thinking with Python / CS2: placing 4 missing period(s)
WARNING:timetable_generator_engine:  [relaxed pass] Cannot place Algorithmic Thinking with Python / CS2 even with relaxed cap
INFO:timetable_generator_engine:  Attempt 71 (seed=751876) score: 86/100
INFO:timetable_generator_engine:Greedy attempt 72/80 …
WARNING:timetable_generator_engine:Cannot place theory period:
  Subject  : Foundations of Computing: From Hardware Essentials to Web Design
  Division : CS2
  Teacher  : Ms. Surya S. G.
  Required : 1 theory period(s)
  Conflicts:
    • division CS2 timetable completely full on: Mon, Tue, Wed, Thu, Fri
WARNING:timetable_generator_engine:Cannot place theory period:
  Subject  : Programming in C
  Division : CS1
  Teacher  : Ms. Meera V. M.
  Required : 1 theory period(s)
  Conflicts:
    • division CS1 timetable completely full on: Mon, Tue, Wed, Thu, Fri
WARNING:timetable_generator_engine:Cannot place theory period:
  Subject  : Algorithmic Thinking with Python
  Division : CS2
  Teacher  : Ms. Bini Omman
  Required : 1 theory period(s)
  Conflicts:
    • division CS2 timetable completely full on: Mon, Tue, Wed, Thu, Fri
WARNING:timetable_generator_engine:Cannot place theory period:
  Subject  : Object Oriented Programming
  Division : CS2
  Teacher  : Ms. Julie Siby
  Required : 1 theory period(s)
  Conflicts:
    • division CS2 timetable completely full on: Mon, Tue, Wed, Thu, Fri
WARNING:timetable_generator_engine:Cannot place theory period:
  Subject  : Digital Electronics and Logic Design
  Division : CS1
  Teacher  : Mr. Anoop Jose
  Required : 1 theory period(s)
  Conflicts:
    • division CS1 timetable completely full on: Mon, Tue, Wed, Thu, Fri
WARNING:timetable_generator_engine:Cannot place theory period:
  Subject  : Foundations of Computing: From Hardware Essentials to Web Design
  Division : CS2
  Teacher  : Ms. Surya S. G.
  Required : 1 theory period(s)
  Conflicts:
    • division CS2 timetable completely full on: Mon, Tue, Wed, Thu, Fri
WARNING:timetable_generator_engine:Cannot place theory period:
  Subject  : Programming in C
  Division : CS1
  Teacher  : Ms. Meera V. M.
  Required : 1 theory period(s)
  Conflicts:
    • division CS1 timetable completely full on: Mon, Tue, Wed, Thu, Fri
WARNING:timetable_generator_engine:Cannot place theory period:
  Subject  : Foundations of Computing: From Hardware Essentials to Web Design
  Division : CS2
  Teacher  : Ms. Surya S. G.
  Required : 1 theory period(s)
  Conflicts:
    • division CS2 timetable completely full on: Mon, Tue, Wed, Thu, Fri
WARNING:timetable_generator_engine:Cannot place theory period:
  Subject  : Programming in C
  Division : CS1
  Teacher  : Ms. Meera V. M.
  Required : 1 theory period(s)
  Conflicts:
    • division CS1 timetable completely full on: Mon, Tue, Wed, Thu, Fri
WARNING:timetable_generator_engine:Cannot place theory period:
  Subject  : Object Oriented Programming
  Division : CS4
  Teacher  : Ms. Neethu Roy
  Required : 1 theory period(s)
  Conflicts:
    • division CS4 timetable completely full on: Mon, Tue, Wed, Thu, Fri
WARNING:timetable_generator_engine:Cannot place theory period:
  Subject  : Engineering Graphics and Computer Aided Drawing.
  Division : CS4
  Teacher  : Dr. Geethu R.
  Required : 1 theory period(s)
  Conflicts:
    • division CS4 timetable completely full on: Mon, Tue, Wed, Thu, Fri
WARNING:timetable_generator_engine:Cannot place theory period:
  Subject  : Programming in C
  Division : CS1
  Teacher  : Ms. Meera V. M.
  Required : 1 theory period(s)
  Conflicts:
    • division CS1 timetable completely full on: Mon, Tue, Wed, Thu, Fri
WARNING:timetable_generator_engine:Cannot place theory period:
  Subject  : Object Oriented Programming
  Division : CS4
  Teacher  : Ms. Neethu Roy
  Required : 1 theory period(s)
  Conflicts:
    • division CS4 timetable completely full on: Mon, Tue, Wed, Thu, Fri
WARNING:timetable_generator_engine:Cannot place theory period:
  Subject  : Object Oriented Programming
  Division : CS4
  Teacher  : Ms. Neethu Roy
  Required : 1 theory period(s)
  Conflicts:
    • division CS4 timetable completely full on: Mon, Tue, Wed, Thu, Fri
WARNING:timetable_generator_engine:Cannot place theory period:
  Subject  : Object Oriented Programming
  Division : CS4
  Teacher  : Ms. Neethu Roy
  Required : 1 theory period(s)
  Conflicts:
    • division CS4 timetable completely full on: Mon, Tue, Wed, Thu, Fri
WARNING:timetable_generator_engine:Cannot place theory period:
  Subject  : Programming in C
  Division : CS3
  Teacher  : Ms. Demy Devassy
  Required : 1 theory period(s)
  Conflicts:
    • division CS3 timetable completely full on: Mon, Tue, Wed, Thu, Fri
WARNING:timetable_generator_engine:Cannot place theory period:
  Subject  : Engineering Graphics and Computer Aided Drawing.
  Division : CS3
  Teacher  : Ms. Divya M. S.
  Required : 1 theory period(s)
  Conflicts:
    • division CS3 timetable completely full on: Mon, Tue, Wed, Thu, Fri
WARNING:timetable_generator_engine:Cannot place theory period:
  Subject  : Programming in C
  Division : CS3
  Teacher  : Ms. Demy Devassy
  Required : 1 theory period(s)
  Conflicts:
    • division CS3 timetable completely full on: Mon, Tue, Wed, Thu, Fri
WARNING:timetable_generator_engine:Cannot place theory period:
  Subject  : Engineering Graphics and Computer Aided Drawing.
  Division : CS3
  Teacher  : Ms. Divya M. S.
  Required : 1 theory period(s)
  Conflicts:
    • division CS3 timetable completely full on: Mon, Tue, Wed, Thu, Fri
WARNING:timetable_generator_engine:Cannot place theory period:
  Subject  : Programming in C
  Division : CS3
  Teacher  : Ms. Demy Devassy
  Required : 1 theory period(s)
  Conflicts:
    • division CS3 timetable completely full on: Mon, Tue, Wed, Thu, Fri
INFO:timetable_generator_engine:  [relaxed pass] Digital Electronics and Logic Design / CS1: placing 1 missing period(s)
WARNING:timetable_generator_engine:  [relaxed pass] Cannot place Digital Electronics and Logic Design / CS1 even with relaxed cap
INFO:timetable_generator_engine:  [relaxed pass] Programming in C / CS1: placing 4 missing period(s)
WARNING:timetable_generator_engine:  [relaxed pass] Cannot place Programming in C / CS1 even with relaxed cap
INFO:timetable_generator_engine:  [relaxed pass] Programming in C / CS3: placing 3 missing period(s)
WARNING:timetable_generator_engine:  [relaxed pass] Cannot place Programming in C / CS3 even with relaxed cap
INFO:timetable_generator_engine:  [relaxed pass] Foundations of Computing: From Hardware Essentials to Web Design / CS2: placing 3 missing period(s)
WARNING:timetable_generator_engine:  [relaxed pass] Cannot place Foundations of Computing: From Hardware Essentials to Web Design / CS2 even with relaxed cap
INFO:timetable_generator_engine:  [relaxed pass] Algorithmic Thinking with Python / CS2: placing 1 missing period(s)
WARNING:timetable_generator_engine:  [relaxed pass] Cannot place Algorithmic Thinking with Python / CS2 even with relaxed cap
INFO:timetable_generator_engine:  [relaxed pass] Engineering Graphics and Computer Aided Drawing. / CS4: placing 1 missing period(s)
WARNING:timetable_generator_engine:  [relaxed pass] Cannot place Engineering Graphics and Computer Aided Drawing. / CS4 even with relaxed cap
INFO:timetable_generator_engine:  [relaxed pass] Object Oriented Programming / CS2: placing 1 missing period(s)
WARNING:timetable_generator_engine:  [relaxed pass] Cannot place Object Oriented Programming / CS2 even with relaxed cap
INFO:timetable_generator_engine:  [relaxed pass] Engineering Graphics and Computer Aided Drawing. / CS3: placing 2 missing period(s)
WARNING:timetable_generator_engine:  [relaxed pass] Cannot place Engineering Graphics and Computer Aided Drawing. / CS3 even with relaxed cap
INFO:timetable_generator_engine:  [relaxed pass] Object Oriented Programming / CS4: placing 4 missing period(s)
WARNING:timetable_generator_engine:  [relaxed pass] Cannot place Object Oriented Programming / CS4 even with relaxed cap
INFO:timetable_generator_engine:  Attempt 72 (seed=293879) score: 84/100
INFO:timetable_generator_engine:Greedy attempt 73/80 …
WARNING:timetable_generator_engine:Cannot place theory period:
  Subject  : Programming in C
  Division : CS1
  Teacher  : Ms. Meera V. M.
  Required : 1 theory period(s)
  Conflicts:
    • division CS1 timetable completely full on: Mon, Tue, Wed, Thu, Fri
WARNING:timetable_generator_engine:Cannot place theory period:
  Subject  : Digital Electronics and Logic Design
  Division : CS1
  Teacher  : Mr. Anoop Jose
  Required : 1 theory period(s)
  Conflicts:
    • division CS1 timetable completely full on: Mon, Tue, Wed, Thu, Fri
WARNING:timetable_generator_engine:Cannot place theory period:
  Subject  : Digital Electronics and Logic Design
  Division : CS1
  Teacher  : Mr. Anoop Jose
  Required : 1 theory period(s)
  Conflicts:
    • division CS1 timetable completely full on: Mon, Tue, Wed, Thu, Fri
WARNING:timetable_generator_engine:Cannot place theory period:
  Subject  : Digital Electronics and Logic Design
  Division : CS1
  Teacher  : Mr. Anoop Jose
  Required : 1 theory period(s)
  Conflicts:
    • division CS1 timetable completely full on: Mon, Tue, Wed, Thu, Fri
WARNING:timetable_generator_engine:Cannot place theory period:
  Subject  : Digital Electronics and Logic Design
  Division : CS1
  Teacher  : Mr. Anoop Jose
  Required : 1 theory period(s)
  Conflicts:
    • division CS1 timetable completely full on: Mon, Tue, Wed, Thu, Fri
WARNING:timetable_generator_engine:Cannot place theory period:
  Subject  : Engineering Graphics and Computer Aided Drawing.
  Division : CS2
  Teacher  : Ms. Preema T. S.
  Required : 1 theory period(s)
  Conflicts:
    • division CS2 timetable completely full on: Mon, Tue, Wed, Thu, Fri
WARNING:timetable_generator_engine:Cannot place theory period:
  Subject  : Programming in C
  Division : CS2
  Teacher  : Ms. Sruthy K. Joseph
  Required : 1 theory period(s)
  Conflicts:
    • division CS2 timetable completely full on: Mon, Tue, Wed, Thu, Fri
WARNING:timetable_generator_engine:Cannot place theory period:
  Subject  : Engineering Graphics and Computer Aided Drawing.
  Division : CS2
  Teacher  : Ms. Preema T. S.
  Required : 1 theory period(s)
  Conflicts:
    • division CS2 timetable completely full on: Mon, Tue, Wed, Thu, Fri
WARNING:timetable_generator_engine:Cannot place theory period:
  Subject  : Programming in C
  Division : CS2
  Teacher  : Ms. Sruthy K. Joseph
  Required : 1 theory period(s)
  Conflicts:
    • division CS2 timetable completely full on: Mon, Tue, Wed, Thu, Fri
WARNING:timetable_generator_engine:Cannot place theory period:
  Subject  : Engineering Graphics and Computer Aided Drawing.
  Division : CS2
  Teacher  : Ms. Preema T. S.
  Required : 1 theory period(s)
  Conflicts:
    • division CS2 timetable completely full on: Mon, Tue, Wed, Thu, Fri
WARNING:timetable_generator_engine:Cannot place theory period:
  Subject  : Object Oriented Programming
  Division : CS3
  Teacher  : Ms. Anu S
  Required : 1 theory period(s)
  Conflicts:
    • division CS3 timetable completely full on: Mon, Tue, Wed, Thu, Fri
WARNING:timetable_generator_engine:Cannot place theory period:
  Subject  : Algorithmic Thinking with Python
  Division : CS4
  Teacher  : Ms. Neethu Krishna
  Required : 1 theory period(s)
  Conflicts:
    • division CS4 timetable completely full on: Mon, Tue, Wed, Thu, Fri
WARNING:timetable_generator_engine:Cannot place theory period:
  Subject  : Programming in C
  Division : CS3
  Teacher  : Ms. Demy Devassy
  Required : 1 theory period(s)
  Conflicts:
    • division CS3 timetable completely full on: Mon, Tue, Wed, Thu, Fri
WARNING:timetable_generator_engine:Cannot place theory period:
  Subject  : Engineering Graphics and Computer Aided Drawing.
  Division : CS4
  Teacher  : Dr. Geethu R.
  Required : 1 theory period(s)
  Conflicts:
    • division CS4 timetable completely full on: Mon, Tue, Wed, Thu, Fri
WARNING:timetable_generator_engine:Cannot place theory period:
  Subject  : Programming in C
  Division : CS3
  Teacher  : Ms. Demy Devassy
  Required : 1 theory period(s)
  Conflicts:
    • division CS3 timetable completely full on: Mon, Tue, Wed, Thu, Fri
WARNING:timetable_generator_engine:Cannot place theory period:
  Subject  : Engineering Graphics and Computer Aided Drawing.
  Division : CS4
  Teacher  : Dr. Geethu R.
  Required : 1 theory period(s)
  Conflicts:
    • division CS4 timetable completely full on: Mon, Tue, Wed, Thu, Fri
WARNING:timetable_generator_engine:Cannot place theory period:
  Subject  : Programming in C
  Division : CS3
  Teacher  : Ms. Demy Devassy
  Required : 1 theory period(s)
  Conflicts:
    • division CS3 timetable completely full on: Mon, Tue, Wed, Thu, Fri
WARNING:timetable_generator_engine:Cannot place theory period:
  Subject  : Engineering Graphics and Computer Aided Drawing.
  Division : CS4
  Teacher  : Dr. Geethu R.
  Required : 1 theory period(s)
  Conflicts:
    • division CS4 timetable completely full on: Mon, Tue, Wed, Thu, Fri
WARNING:timetable_generator_engine:Cannot place theory period:
  Subject  : Programming in C
  Division : CS3
  Teacher  : Ms. Demy Devassy
  Required : 1 theory period(s)
  Conflicts:
    • division CS3 timetable completely full on: Mon, Tue, Wed, Thu, Fri
WARNING:timetable_generator_engine:Cannot place theory period:
  Subject  : Engineering Graphics and Computer Aided Drawing.
  Division : CS4
  Teacher  : Dr. Geethu R.
  Required : 1 theory period(s)
  Conflicts:
    • division CS4 timetable completely full on: Mon, Tue, Wed, Thu, Fri
INFO:timetable_generator_engine:  [relaxed pass] Programming in C / CS1: placing 1 missing period(s)
WARNING:timetable_generator_engine:  [relaxed pass] Cannot place Programming in C / CS1 even with relaxed cap
INFO:timetable_generator_engine:  [relaxed pass] Programming in C / CS2: placing 2 missing period(s)
WARNING:timetable_generator_engine:  [relaxed pass] Cannot place Programming in C / CS2 even with relaxed cap
INFO:timetable_generator_engine:  [relaxed pass] Digital Electronics and Logic Design / CS1: placing 4 missing period(s)
WARNING:timetable_generator_engine:  [relaxed pass] Cannot place Digital Electronics and Logic Design / CS1 even with relaxed cap
INFO:timetable_generator_engine:  [relaxed pass] Programming in C / CS3: placing 4 missing period(s)
WARNING:timetable_generator_engine:  [relaxed pass] Cannot place Programming in C / CS3 even with relaxed cap
INFO:timetable_generator_engine:  [relaxed pass] Object Oriented Programming / CS3: placing 1 missing period(s)
WARNING:timetable_generator_engine:  [relaxed pass] Cannot place Object Oriented Programming / CS3 even with relaxed cap
INFO:timetable_generator_engine:  [relaxed pass] Algorithmic Thinking with Python / CS4: placing 1 missing period(s)
WARNING:timetable_generator_engine:  [relaxed pass] Cannot place Algorithmic Thinking with Python / CS4 even with relaxed cap
INFO:timetable_generator_engine:  [relaxed pass] Engineering Graphics and Computer Aided Drawing. / CS2: placing 3 missing period(s)
WARNING:timetable_generator_engine:  [relaxed pass] Cannot place Engineering Graphics and Computer Aided Drawing. / CS2 even with relaxed cap
INFO:timetable_generator_engine:  [relaxed pass] Engineering Graphics and Computer Aided Drawing. / CS4: placing 4 missing period(s)
WARNING:timetable_generator_engine:  [relaxed pass] Cannot place Engineering Graphics and Computer Aided Drawing. / CS4 even with relaxed cap
INFO:timetable_generator_engine:  Attempt 73 (seed=894130) score: 93/100
INFO:timetable_generator_engine:Greedy attempt 74/80 …
WARNING:timetable_generator_engine:Cannot place theory period:
  Subject  : Engineering Graphics and Computer Aided Drawing.
  Division : CS2
  Teacher  : Ms. Preema T. S.
  Required : 1 theory period(s)
  Conflicts:
    • division CS2 timetable completely full on: Mon, Tue, Wed, Thu, Fri
WARNING:timetable_generator_engine:Cannot place theory period:
  Subject  : Engineering Graphics and Computer Aided Drawing.
  Division : CS2
  Teacher  : Ms. Preema T. S.
  Required : 1 theory period(s)
  Conflicts:
    • division CS2 timetable completely full on: Mon, Tue, Wed, Thu, Fri
WARNING:timetable_generator_engine:Cannot place theory period:
  Subject  : Engineering Graphics and Computer Aided Drawing.
  Division : CS2
  Teacher  : Ms. Preema T. S.
  Required : 1 theory period(s)
  Conflicts:
    • division CS2 timetable completely full on: Mon, Tue, Wed, Thu, Fri
WARNING:timetable_generator_engine:Cannot place theory period:
  Subject  : Engineering Graphics and Computer Aided Drawing.
  Division : CS2
  Teacher  : Ms. Preema T. S.
  Required : 1 theory period(s)
  Conflicts:
    • division CS2 timetable completely full on: Mon, Tue, Wed, Thu, Fri
WARNING:timetable_generator_engine:Cannot place theory period:
  Subject  : Engineering Graphics and Computer Aided Drawing.
  Division : CS2
  Teacher  : Ms. Preema T. S.
  Required : 1 theory period(s)
  Conflicts:
    • division CS2 timetable completely full on: Mon, Tue, Wed, Thu, Fri
WARNING:timetable_generator_engine:Cannot place theory period:
  Subject  : Algorithmic Thinking with Python
  Division : CS3
  Teacher  : Dr. Varun G. Menon
  Required : 1 theory period(s)
  Conflicts:
    • division CS3 timetable completely full on: Mon, Tue, Wed, Thu, Fri
WARNING:timetable_generator_engine:Cannot place theory period:
  Subject  : Object Oriented Programming
  Division : CS3
  Teacher  : Ms. Anu S
  Required : 1 theory period(s)
  Conflicts:
    • division CS3 timetable completely full on: Mon, Tue, Wed, Thu, Fri
WARNING:timetable_generator_engine:Cannot place theory period:
  Subject  : Algorithmic Thinking with Python
  Division : CS3
  Teacher  : Dr. Varun G. Menon
  Required : 1 theory period(s)
  Conflicts:
    • division CS3 timetable completely full on: Mon, Tue, Wed, Thu, Fri
WARNING:timetable_generator_engine:Cannot place theory period:
  Subject  : Engineering Graphics and Computer Aided Drawing.
  Division : CS4
  Teacher  : Dr. Geethu R.
  Required : 1 theory period(s)
  Conflicts:
    • division CS4 timetable completely full on: Mon, Tue, Wed, Thu, Fri
WARNING:timetable_generator_engine:Cannot place theory period:
  Subject  : Object Oriented Programming
  Division : CS3
  Teacher  : Ms. Anu S
  Required : 1 theory period(s)
  Conflicts:
    • division CS3 timetable completely full on: Mon, Tue, Wed, Thu, Fri
WARNING:timetable_generator_engine:Cannot place theory period:
  Subject  : Algorithmic Thinking with Python
  Division : CS3
  Teacher  : Dr. Varun G. Menon
  Required : 1 theory period(s)
  Conflicts:
    • division CS3 timetable completely full on: Mon, Tue, Wed, Thu, Fri
WARNING:timetable_generator_engine:Cannot place theory period:
  Subject  : Digital Electronics and Logic Design
  Division : CS1
  Teacher  : Mr. Anoop Jose
  Required : 1 theory period(s)
  Conflicts:
    • division CS1 timetable completely full on: Mon, Tue, Wed, Thu, Fri
WARNING:timetable_generator_engine:Cannot place theory period:
  Subject  : Programming in C
  Division : CS1
  Teacher  : Ms. Meera V. M.
  Required : 1 theory period(s)
  Conflicts:
    • division CS1 timetable completely full on: Mon, Tue, Wed, Thu, Fri
WARNING:timetable_generator_engine:Cannot place theory period:
  Subject  : Engineering Graphics and Computer Aided Drawing.
  Division : CS4
  Teacher  : Dr. Geethu R.
  Required : 1 theory period(s)
  Conflicts:
    • division CS4 timetable completely full on: Mon, Tue, Wed, Thu, Fri
WARNING:timetable_generator_engine:Cannot place theory period:
  Subject  : Programming in C
  Division : CS1
  Teacher  : Ms. Meera V. M.
  Required : 1 theory period(s)
  Conflicts:
    • division CS1 timetable completely full on: Mon, Tue, Wed, Thu, Fri
WARNING:timetable_generator_engine:Cannot place theory period:
  Subject  : Engineering Graphics and Computer Aided Drawing.
  Division : CS4
  Teacher  : Dr. Geethu R.
  Required : 1 theory period(s)
  Conflicts:
    • division CS4 timetable completely full on: Mon, Tue, Wed, Thu, Fri
WARNING:timetable_generator_engine:Cannot place theory period:
  Subject  : Programming in C
  Division : CS1
  Teacher  : Ms. Meera V. M.
  Required : 1 theory period(s)
  Conflicts:
    • division CS1 timetable completely full on: Mon, Tue, Wed, Thu, Fri
WARNING:timetable_generator_engine:Cannot place theory period:
  Subject  : Engineering Graphics and Computer Aided Drawing.
  Division : CS4
  Teacher  : Dr. Geethu R.
  Required : 1 theory period(s)
  Conflicts:
    • division CS4 timetable completely full on: Mon, Tue, Wed, Thu, Fri
WARNING:timetable_generator_engine:Cannot place theory period:
  Subject  : Programming in C
  Division : CS1
  Teacher  : Ms. Meera V. M.
  Required : 1 theory period(s)
  Conflicts:
    • division CS1 timetable completely full on: Mon, Tue, Wed, Thu, Fri
WARNING:timetable_generator_engine:Cannot place theory period:
  Subject  : Engineering Graphics and Computer Aided Drawing.
  Division : CS4
  Teacher  : Dr. Geethu R.
  Required : 1 theory period(s)
  Conflicts:
    • division CS4 timetable completely full on: Mon, Tue, Wed, Thu, Fri
INFO:timetable_generator_engine:  [relaxed pass] Engineering Graphics and Computer Aided Drawing. / CS2: placing 5 missing period(s)
WARNING:timetable_generator_engine:  [relaxed pass] Cannot place Engineering Graphics and Computer Aided Drawing. / CS2 even with relaxed cap
INFO:timetable_generator_engine:  [relaxed pass] Digital Electronics and Logic Design / CS1: placing 1 missing period(s)
WARNING:timetable_generator_engine:  [relaxed pass] Cannot place Digital Electronics and Logic Design / CS1 even with relaxed cap
INFO:timetable_generator_engine:  [relaxed pass] Programming in C / CS1: placing 4 missing period(s)
WARNING:timetable_generator_engine:  [relaxed pass] Cannot place Programming in C / CS1 even with relaxed cap
INFO:timetable_generator_engine:  [relaxed pass] Engineering Graphics and Computer Aided Drawing. / CS4: placing 5 missing period(s)
WARNING:timetable_generator_engine:  [relaxed pass] Cannot place Engineering Graphics and Computer Aided Drawing. / CS4 even with relaxed cap
INFO:timetable_generator_engine:  [relaxed pass] Algorithmic Thinking with Python / CS3: placing 3 missing period(s)
WARNING:timetable_generator_engine:  [relaxed pass] Cannot place Algorithmic Thinking with Python / CS3 even with relaxed cap
INFO:timetable_generator_engine:  [relaxed pass] Object Oriented Programming / CS3: placing 2 missing period(s)
WARNING:timetable_generator_engine:  [relaxed pass] Cannot place Object Oriented Programming / CS3 even with relaxed cap
INFO:timetable_generator_engine:  Attempt 74 (seed=150818) score: 84/100
INFO:timetable_generator_engine:Greedy attempt 75/80 …
WARNING:timetable_generator_engine:Cannot place theory period:
  Subject  : Algorithmic Thinking with Python
  Division : CS2
  Teacher  : Ms. Bini Omman
  Required : 1 theory period(s)
  Conflicts:
    • division CS2 timetable completely full on: Mon, Tue, Wed, Thu, Fri
WARNING:timetable_generator_engine:Cannot place theory period:
  Subject  : Foundations of Computing: From Hardware Essentials to Web Design
  Division : CS2
  Teacher  : Ms. Surya S. G.
  Required : 1 theory period(s)
  Conflicts:
    • division CS2 timetable completely full on: Mon, Tue, Wed, Thu, Fri
WARNING:timetable_generator_engine:Cannot place theory period:
  Subject  : Algorithmic Thinking with Python
  Division : CS2
  Teacher  : Ms. Bini Omman
  Required : 1 theory period(s)
  Conflicts:
    • division CS2 timetable completely full on: Mon, Tue, Wed, Thu, Fri
WARNING:timetable_generator_engine:Cannot place theory period:
  Subject  : Foundations of Computing: From Hardware Essentials to Web Design
  Division : CS2
  Teacher  : Ms. Surya S. G.
  Required : 1 theory period(s)
  Conflicts:
    • division CS2 timetable completely full on: Mon, Tue, Wed, Thu, Fri
WARNING:timetable_generator_engine:Cannot place theory period:
  Subject  : Foundations of Computing: From Hardware Essentials to Web Design
  Division : CS2
  Teacher  : Ms. Surya S. G.
  Required : 1 theory period(s)
  Conflicts:
    • division CS2 timetable completely full on: Mon, Tue, Wed, Thu, Fri
WARNING:timetable_generator_engine:Cannot place theory period:
  Subject  : Engineering Graphics and Computer Aided Drawing.
  Division : CS4
  Teacher  : Dr. Geethu R.
  Required : 1 theory period(s)
  Conflicts:
    • division CS4 timetable completely full on: Mon, Tue, Wed, Thu, Fri
WARNING:timetable_generator_engine:Cannot place theory period:
  Subject  : Programming in C
  Division : CS4
  Teacher  : Ms. Vyshna R. K.
  Required : 1 theory period(s)
  Conflicts:
    • division CS4 timetable completely full on: Mon, Tue, Wed, Thu, Fri
WARNING:timetable_generator_engine:Cannot place theory period:
  Subject  : Digital Electronics and Logic Design
  Division : CS4
  Teacher  : Ms. Sareena K. K.
  Required : 1 theory period(s)
  Conflicts:
    • division CS4 timetable completely full on: Mon, Tue, Wed, Thu, Fri
WARNING:timetable_generator_engine:Cannot place theory period:
  Subject  : Digital Electronics and Logic Design
  Division : CS4
  Teacher  : Ms. Sareena K. K.
  Required : 1 theory period(s)
  Conflicts:
    • division CS4 timetable completely full on: Mon, Tue, Wed, Thu, Fri
WARNING:timetable_generator_engine:Cannot place theory period:
  Subject  : Object Oriented Programming
  Division : CS3
  Teacher  : Ms. Anu S
  Required : 1 theory period(s)
  Conflicts:
    • division CS3 timetable completely full on: Mon, Tue, Wed, Thu, Fri
WARNING:timetable_generator_engine:Cannot place theory period:
  Subject  : Digital Electronics and Logic Design
  Division : CS4
  Teacher  : Ms. Sareena K. K.
  Required : 1 theory period(s)
  Conflicts:
    • division CS4 timetable completely full on: Mon, Tue, Wed, Thu, Fri
WARNING:timetable_generator_engine:Cannot place theory period:
  Subject  : Algorithmic Thinking with Python
  Division : CS1
  Teacher  : Dr. Deepa K.
  Required : 1 theory period(s)
  Conflicts:
    • division CS1 timetable completely full on: Mon, Tue, Wed, Thu, Fri
WARNING:timetable_generator_engine:Cannot place theory period:
  Subject  : Engineering Graphics and Computer Aided Drawing.
  Division : CS3
  Teacher  : Ms. Divya M. S.
  Required : 1 theory period(s)
  Conflicts:
    • division CS3 timetable completely full on: Mon, Tue, Wed, Thu, Fri
WARNING:timetable_generator_engine:Cannot place theory period:
  Subject  : Programming in C
  Division : CS1
  Teacher  : Ms. Meera V. M.
  Required : 1 theory period(s)
  Conflicts:
    • division CS1 timetable completely full on: Mon, Tue, Wed, Thu, Fri
WARNING:timetable_generator_engine:Cannot place theory period:
  Subject  : Engineering Graphics and Computer Aided Drawing.
  Division : CS3
  Teacher  : Ms. Divya M. S.
  Required : 1 theory period(s)
  Conflicts:
    • division CS3 timetable completely full on: Mon, Tue, Wed, Thu, Fri
WARNING:timetable_generator_engine:Cannot place theory period:
  Subject  : Programming in C
  Division : CS1
  Teacher  : Ms. Meera V. M.
  Required : 1 theory period(s)
  Conflicts:
    • division CS1 timetable completely full on: Mon, Tue, Wed, Thu, Fri
WARNING:timetable_generator_engine:Cannot place theory period:
  Subject  : Engineering Graphics and Computer Aided Drawing.
  Division : CS3
  Teacher  : Ms. Divya M. S.
  Required : 1 theory period(s)
  Conflicts:
    • division CS3 timetable completely full on: Mon, Tue, Wed, Thu, Fri
WARNING:timetable_generator_engine:Cannot place theory period:
  Subject  : Programming in C
  Division : CS1
  Teacher  : Ms. Meera V. M.
  Required : 1 theory period(s)
  Conflicts:
    • division CS1 timetable completely full on: Mon, Tue, Wed, Thu, Fri
WARNING:timetable_generator_engine:Cannot place theory period:
  Subject  : Engineering Graphics and Computer Aided Drawing.
  Division : CS3
  Teacher  : Ms. Divya M. S.
  Required : 1 theory period(s)
  Conflicts:
    • division CS3 timetable completely full on: Mon, Tue, Wed, Thu, Fri
WARNING:timetable_generator_engine:Cannot place theory period:
  Subject  : Programming in C
  Division : CS1
  Teacher  : Ms. Meera V. M.
  Required : 1 theory period(s)
  Conflicts:
    • division CS1 timetable completely full on: Mon, Tue, Wed, Thu, Fri
INFO:timetable_generator_engine:  [relaxed pass] Foundations of Computing: From Hardware Essentials to Web Design / CS2: placing 3 missing period(s)
WARNING:timetable_generator_engine:  [relaxed pass] Cannot place Foundations of Computing: From Hardware Essentials to Web Design / CS2 even with relaxed cap
INFO:timetable_generator_engine:  [relaxed pass] Algorithmic Thinking with Python / CS2: placing 2 missing period(s)
WARNING:timetable_generator_engine:  [relaxed pass] Cannot place Algorithmic Thinking with Python / CS2 even with relaxed cap
INFO:timetable_generator_engine:  [relaxed pass] Digital Electronics and Logic Design / CS4: placing 3 missing period(s)
WARNING:timetable_generator_engine:  [relaxed pass] Cannot place Digital Electronics and Logic Design / CS4 even with relaxed cap
INFO:timetable_generator_engine:  [relaxed pass] Engineering Graphics and Computer Aided Drawing. / CS4: placing 1 missing period(s)
WARNING:timetable_generator_engine:  [relaxed pass] Cannot place Engineering Graphics and Computer Aided Drawing. / CS4 even with relaxed cap
INFO:timetable_generator_engine:  [relaxed pass] Programming in C / CS4: placing 1 missing period(s)
WARNING:timetable_generator_engine:  [relaxed pass] Cannot place Programming in C / CS4 even with relaxed cap
INFO:timetable_generator_engine:  [relaxed pass] Algorithmic Thinking with Python / CS1: placing 1 missing period(s)
WARNING:timetable_generator_engine:  [relaxed pass] Cannot place Algorithmic Thinking with Python / CS1 even with relaxed cap
INFO:timetable_generator_engine:  [relaxed pass] Engineering Graphics and Computer Aided Drawing. / CS3: placing 4 missing period(s)
WARNING:timetable_generator_engine:  [relaxed pass] Cannot place Engineering Graphics and Computer Aided Drawing. / CS3 even with relaxed cap
INFO:timetable_generator_engine:  [relaxed pass] Programming in C / CS1: placing 4 missing period(s)
WARNING:timetable_generator_engine:  [relaxed pass] Cannot place Programming in C / CS1 even with relaxed cap
INFO:timetable_generator_engine:  [relaxed pass] Object Oriented Programming / CS3: placing 1 missing period(s)
WARNING:timetable_generator_engine:  [relaxed pass] Cannot place Object Oriented Programming / CS3 even with relaxed cap
INFO:timetable_generator_engine:  Attempt 75 (seed=158566) score: 84/100
INFO:timetable_generator_engine:Greedy attempt 76/80 …
WARNING:timetable_generator_engine:Cannot place theory period:
  Subject  : Object Oriented Programming
  Division : CS4
  Teacher  : Ms. Neethu Roy
  Required : 1 theory period(s)
  Conflicts:
    • division CS4 timetable completely full on: Mon, Tue, Wed, Fri
WARNING:timetable_generator_engine:Cannot place theory period:
  Subject  : Foundations of Computing: From Hardware Essentials to Web Design
  Division : CS2
  Teacher  : Ms. Surya S. G.
  Required : 1 theory period(s)
  Conflicts:
    • division CS2 timetable completely full on: Mon, Tue, Wed, Thu, Fri
WARNING:timetable_generator_engine:Cannot place theory period:
  Subject  : Programming in C
  Division : CS2
  Teacher  : Ms. Sruthy K. Joseph
  Required : 1 theory period(s)
  Conflicts:
    • division CS2 timetable completely full on: Mon, Tue, Wed, Thu, Fri
WARNING:timetable_generator_engine:Cannot place theory period:
  Subject  : Foundations of Computing: From Hardware Essentials to Web Design
  Division : CS2
  Teacher  : Ms. Surya S. G.
  Required : 1 theory period(s)
  Conflicts:
    • division CS2 timetable completely full on: Mon, Tue, Wed, Thu, Fri
WARNING:timetable_generator_engine:Cannot place theory period:
  Subject  : Programming in C
  Division : CS2
  Teacher  : Ms. Sruthy K. Joseph
  Required : 1 theory period(s)
  Conflicts:
    • division CS2 timetable completely full on: Mon, Tue, Wed, Thu, Fri
WARNING:timetable_generator_engine:Cannot place theory period:
  Subject  : Digital Electronics and Logic Design
  Division : CS4
  Teacher  : Ms. Sareena K. K.
  Required : 1 theory period(s)
  Conflicts:
    • division CS4 timetable completely full on: Mon, Tue, Wed, Thu, Fri
WARNING:timetable_generator_engine:Cannot place theory period:
  Subject  : Algorithmic Thinking with Python
  Division : CS3
  Teacher  : Dr. Varun G. Menon
  Required : 1 theory period(s)
  Conflicts:
    • division CS3 timetable completely full on: Mon, Tue, Wed, Thu, Fri
WARNING:timetable_generator_engine:Cannot place theory period:
  Subject  : Engineering Graphics and Computer Aided Drawing.
  Division : CS3
  Teacher  : Ms. Divya M. S.
  Required : 1 theory period(s)
  Conflicts:
    • division CS3 timetable completely full on: Mon, Tue, Wed, Thu, Fri
WARNING:timetable_generator_engine:Cannot place theory period:
  Subject  : Programming in C
  Division : CS2
  Teacher  : Ms. Sruthy K. Joseph
  Required : 1 theory period(s)
  Conflicts:
    • division CS2 timetable completely full on: Mon, Tue, Wed, Thu, Fri
WARNING:timetable_generator_engine:Cannot place theory period:
  Subject  : Digital Electronics and Logic Design
  Division : CS4
  Teacher  : Ms. Sareena K. K.
  Required : 1 theory period(s)
  Conflicts:
    • division CS4 timetable completely full on: Mon, Tue, Wed, Thu, Fri
WARNING:timetable_generator_engine:Cannot place theory period:
  Subject  : Algorithmic Thinking with Python
  Division : CS3
  Teacher  : Dr. Varun G. Menon
  Required : 1 theory period(s)
  Conflicts:
    • division CS3 timetable completely full on: Mon, Tue, Wed, Thu, Fri
WARNING:timetable_generator_engine:Cannot place theory period:
  Subject  : Digital Electronics and Logic Design
  Division : CS4
  Teacher  : Ms. Sareena K. K.
  Required : 1 theory period(s)
  Conflicts:
    • division CS4 timetable completely full on: Mon, Tue, Wed, Thu, Fri
WARNING:timetable_generator_engine:Cannot place theory period:
  Subject  : Algorithmic Thinking with Python
  Division : CS3
  Teacher  : Dr. Varun G. Menon
  Required : 1 theory period(s)
  Conflicts:
    • division CS3 timetable completely full on: Mon, Tue, Wed, Thu, Fri
WARNING:timetable_generator_engine:Cannot place theory period:
  Subject  : Digital Electronics and Logic Design
  Division : CS4
  Teacher  : Ms. Sareena K. K.
  Required : 1 theory period(s)
  Conflicts:
    • division CS4 timetable completely full on: Mon, Tue, Wed, Thu, Fri
WARNING:timetable_generator_engine:Cannot place theory period:
  Subject  : Algorithmic Thinking with Python
  Division : CS3
  Teacher  : Dr. Varun G. Menon
  Required : 1 theory period(s)
  Conflicts:
    • division CS3 timetable completely full on: Mon, Tue, Wed, Thu, Fri
WARNING:timetable_generator_engine:Cannot place theory period:
  Subject  : Programming in C
  Division : CS1
  Teacher  : Ms. Meera V. M.
  Required : 1 theory period(s)
  Conflicts:
    • division CS1 timetable completely full on: Mon, Tue, Wed, Thu, Fri
WARNING:timetable_generator_engine:Cannot place theory period:
  Subject  : Engineering Graphics and Computer Aided Drawing.
  Division : CS1
  Teacher  : Ms. Jane Theresa
  Required : 1 theory period(s)
  Conflicts:
    • division CS1 timetable completely full on: Mon, Tue, Wed, Thu, Fri
WARNING:timetable_generator_engine:Cannot place theory period:
  Subject  : Programming in C
  Division : CS1
  Teacher  : Ms. Meera V. M.
  Required : 1 theory period(s)
  Conflicts:
    • division CS1 timetable completely full on: Mon, Tue, Wed, Thu, Fri
WARNING:timetable_generator_engine:Cannot place theory period:
  Subject  : Engineering Graphics and Computer Aided Drawing.
  Division : CS1
  Teacher  : Ms. Jane Theresa
  Required : 1 theory period(s)
  Conflicts:
    • division CS1 timetable completely full on: Mon, Tue, Wed, Thu, Fri
WARNING:timetable_generator_engine:Cannot place theory period:
  Subject  : Programming in C
  Division : CS1
  Teacher  : Ms. Meera V. M.
  Required : 1 theory period(s)
  Conflicts:
    • division CS1 timetable completely full on: Mon, Tue, Wed, Thu, Fri
INFO:timetable_generator_engine:  [relaxed pass] Foundations of Computing: From Hardware Essentials to Web Design / CS2: placing 2 missing period(s)
WARNING:timetable_generator_engine:  [relaxed pass] Cannot place Foundations of Computing: From Hardware Essentials to Web Design / CS2 even with relaxed cap
INFO:timetable_generator_engine:  [relaxed pass] Engineering Graphics and Computer Aided Drawing. / CS3: placing 1 missing period(s)
WARNING:timetable_generator_engine:  [relaxed pass] Cannot place Engineering Graphics and Computer Aided Drawing. / CS3 even with relaxed cap
INFO:timetable_generator_engine:  [relaxed pass] Programming in C / CS2: placing 3 missing period(s)
WARNING:timetable_generator_engine:  [relaxed pass] Cannot place Programming in C / CS2 even with relaxed cap
INFO:timetable_generator_engine:  [relaxed pass] Programming in C / CS1: placing 3 missing period(s)
WARNING:timetable_generator_engine:  [relaxed pass] Cannot place Programming in C / CS1 even with relaxed cap
INFO:timetable_generator_engine:  [relaxed pass] Object Oriented Programming / CS4: placing 1 missing period(s)
WARNING:timetable_generator_engine:  [relaxed pass] Cannot place Object Oriented Programming / CS4 even with relaxed cap
INFO:timetable_generator_engine:  [relaxed pass] Algorithmic Thinking with Python / CS3: placing 4 missing period(s)
WARNING:timetable_generator_engine:  [relaxed pass] Cannot place Algorithmic Thinking with Python / CS3 even with relaxed cap
INFO:timetable_generator_engine:  [relaxed pass] Digital Electronics and Logic Design / CS4: placing 4 missing period(s)
WARNING:timetable_generator_engine:  [relaxed pass] Cannot place Digital Electronics and Logic Design / CS4 even with relaxed cap
INFO:timetable_generator_engine:  [relaxed pass] Engineering Graphics and Computer Aided Drawing. / CS1: placing 2 missing period(s)
WARNING:timetable_generator_engine:  [relaxed pass] Cannot place Engineering Graphics and Computer Aided Drawing. / CS1 even with relaxed cap
INFO:timetable_generator_engine:  Attempt 76 (seed=81326) score: 81/100
INFO:timetable_generator_engine:Greedy attempt 77/80 …
WARNING:timetable_generator_engine:Cannot place theory period:
  Subject  : Engineering Graphics and Computer Aided Drawing.
  Division : CS1
  Teacher  : Ms. Jane Theresa
  Required : 1 theory period(s)
  Conflicts:
    • division CS1 timetable completely full on: Mon, Tue, Wed, Thu, Fri
WARNING:timetable_generator_engine:Cannot place theory period:
  Subject  : Digital Electronics and Logic Design
  Division : CS1
  Teacher  : Mr. Anoop Jose
  Required : 1 theory period(s)
  Conflicts:
    • division CS1 timetable completely full on: Mon, Tue, Wed, Thu, Fri
WARNING:timetable_generator_engine:Cannot place theory period:
  Subject  : Digital Electronics and Logic Design
  Division : CS1
  Teacher  : Mr. Anoop Jose
  Required : 1 theory period(s)
  Conflicts:
    • division CS1 timetable completely full on: Mon, Tue, Wed, Thu, Fri
WARNING:timetable_generator_engine:Cannot place theory period:
  Subject  : Digital Electronics and Logic Design
  Division : CS1
  Teacher  : Mr. Anoop Jose
  Required : 1 theory period(s)
  Conflicts:
    • division CS1 timetable completely full on: Mon, Tue, Wed, Thu, Fri
WARNING:timetable_generator_engine:Cannot place theory period:
  Subject  : Digital Electronics and Logic Design
  Division : CS1
  Teacher  : Mr. Anoop Jose
  Required : 1 theory period(s)
  Conflicts:
    • division CS1 timetable completely full on: Mon, Tue, Wed, Thu, Fri
WARNING:timetable_generator_engine:Cannot place theory period:
  Subject  : Object Oriented Programming
  Division : CS3
  Teacher  : Ms. Anu S
  Required : 1 theory period(s)
  Conflicts:
    • division CS3 timetable completely full on: Mon, Tue, Wed, Thu, Fri
WARNING:timetable_generator_engine:Cannot place theory period:
  Subject  : Programming in C
  Division : CS3
  Teacher  : Ms. Demy Devassy
  Required : 1 theory period(s)
  Conflicts:
    • division CS3 timetable completely full on: Mon, Tue, Wed, Thu, Fri
WARNING:timetable_generator_engine:Cannot place theory period:
  Subject  : Object Oriented Programming
  Division : CS3
  Teacher  : Ms. Anu S
  Required : 1 theory period(s)
  Conflicts:
    • division CS3 timetable completely full on: Mon, Tue, Wed, Thu, Fri
WARNING:timetable_generator_engine:Cannot place theory period:
  Subject  : Object Oriented Programming
  Division : CS3
  Teacher  : Ms. Anu S
  Required : 1 theory period(s)
  Conflicts:
    • division CS3 timetable completely full on: Mon, Tue, Wed, Thu, Fri
WARNING:timetable_generator_engine:Cannot place theory period:
  Subject  : Digital Electronics and Logic Design
  Division : CS4
  Teacher  : Ms. Sareena K. K.
  Required : 1 theory period(s)
  Conflicts:
    • division CS4 timetable completely full on: Mon, Tue, Wed, Thu, Fri
WARNING:timetable_generator_engine:Cannot place theory period:
  Subject  : Algorithmic Thinking with Python
  Division : CS2
  Teacher  : Ms. Bini Omman
  Required : 1 theory period(s)
  Conflicts:
    • division CS2 timetable completely full on: Mon, Tue, Wed, Thu, Fri
WARNING:timetable_generator_engine:Cannot place theory period:
  Subject  : Object Oriented Programming
  Division : CS3
  Teacher  : Ms. Anu S
  Required : 1 theory period(s)
  Conflicts:
    • division CS3 timetable completely full on: Mon, Tue, Wed, Thu, Fri
WARNING:timetable_generator_engine:Cannot place theory period:
  Subject  : Engineering Graphics and Computer Aided Drawing.
  Division : CS4
  Teacher  : Dr. Geethu R.
  Required : 1 theory period(s)
  Conflicts:
    • division CS4 timetable completely full on: Mon, Tue, Wed, Thu, Fri
WARNING:timetable_generator_engine:Cannot place theory period:
  Subject  : Programming in C
  Division : CS2
  Teacher  : Ms. Sruthy K. Joseph
  Required : 1 theory period(s)
  Conflicts:
    • division CS2 timetable completely full on: Mon, Tue, Wed, Thu, Fri
WARNING:timetable_generator_engine:Cannot place theory period:
  Subject  : Engineering Graphics and Computer Aided Drawing.
  Division : CS4
  Teacher  : Dr. Geethu R.
  Required : 1 theory period(s)
  Conflicts:
    • division CS4 timetable completely full on: Mon, Tue, Wed, Thu, Fri
WARNING:timetable_generator_engine:Cannot place theory period:
  Subject  : Programming in C
  Division : CS2
  Teacher  : Ms. Sruthy K. Joseph
  Required : 1 theory period(s)
  Conflicts:
    • division CS2 timetable completely full on: Mon, Tue, Wed, Thu, Fri
WARNING:timetable_generator_engine:Cannot place theory period:
  Subject  : Engineering Graphics and Computer Aided Drawing.
  Division : CS4
  Teacher  : Dr. Geethu R.
  Required : 1 theory period(s)
  Conflicts:
    • division CS4 timetable completely full on: Mon, Tue, Wed, Thu, Fri
WARNING:timetable_generator_engine:Cannot place theory period:
  Subject  : Programming in C
  Division : CS2
  Teacher  : Ms. Sruthy K. Joseph
  Required : 1 theory period(s)
  Conflicts:
    • division CS2 timetable completely full on: Mon, Tue, Wed, Thu, Fri
WARNING:timetable_generator_engine:Cannot place theory period:
  Subject  : Engineering Graphics and Computer Aided Drawing.
  Division : CS4
  Teacher  : Dr. Geethu R.
  Required : 1 theory period(s)
  Conflicts:
    • division CS4 timetable completely full on: Mon, Tue, Wed, Thu, Fri
WARNING:timetable_generator_engine:Cannot place theory period:
  Subject  : Programming in C
  Division : CS2
  Teacher  : Ms. Sruthy K. Joseph
  Required : 1 theory period(s)
  Conflicts:
    • division CS2 timetable completely full on: Mon, Tue, Wed, Thu, Fri
INFO:timetable_generator_engine:  [relaxed pass] Engineering Graphics and Computer Aided Drawing. / CS1: placing 1 missing period(s)
WARNING:timetable_generator_engine:  [relaxed pass] Cannot place Engineering Graphics and Computer Aided Drawing. / CS1 even with relaxed cap
INFO:timetable_generator_engine:  [relaxed pass] Digital Electronics and Logic Design / CS1: placing 4 missing period(s)
WARNING:timetable_generator_engine:  [relaxed pass] Cannot place Digital Electronics and Logic Design / CS1 even with relaxed cap
INFO:timetable_generator_engine:  [relaxed pass] Digital Electronics and Logic Design / CS4: placing 1 missing period(s)
WARNING:timetable_generator_engine:  [relaxed pass] Cannot place Digital Electronics and Logic Design / CS4 even with relaxed cap
INFO:timetable_generator_engine:  [relaxed pass] Programming in C / CS3: placing 1 missing period(s)
WARNING:timetable_generator_engine:  [relaxed pass] Cannot place Programming in C / CS3 even with relaxed cap
INFO:timetable_generator_engine:  [relaxed pass] Algorithmic Thinking with Python / CS2: placing 1 missing period(s)
WARNING:timetable_generator_engine:  [relaxed pass] Cannot place Algorithmic Thinking with Python / CS2 even with relaxed cap
INFO:timetable_generator_engine:  [relaxed pass] Programming in C / CS2: placing 4 missing period(s)
WARNING:timetable_generator_engine:  [relaxed pass] Cannot place Programming in C / CS2 even with relaxed cap
INFO:timetable_generator_engine:  [relaxed pass] Engineering Graphics and Computer Aided Drawing. / CS4: placing 4 missing period(s)
WARNING:timetable_generator_engine:  [relaxed pass] Cannot place Engineering Graphics and Computer Aided Drawing. / CS4 even with relaxed cap
INFO:timetable_generator_engine:  [relaxed pass] Object Oriented Programming / CS3: placing 4 missing period(s)
WARNING:timetable_generator_engine:  [relaxed pass] Cannot place Object Oriented Programming / CS3 even with relaxed cap
INFO:timetable_generator_engine:  Attempt 77 (seed=170976) score: 91/100
INFO:timetable_generator_engine:Greedy attempt 78/80 …
WARNING:timetable_generator_engine:Cannot place theory period:
  Subject  : Digital Electronics and Logic Design
  Division : CS2
  Teacher  : Ms. Smera Thomas
  Required : 1 theory period(s)
  Conflicts:
    • division CS2 timetable completely full on: Mon, Tue, Wed, Thu, Fri
WARNING:timetable_generator_engine:Cannot place theory period:
  Subject  : Digital Electronics and Logic Design
  Division : CS2
  Teacher  : Ms. Smera Thomas
  Required : 1 theory period(s)
  Conflicts:
    • division CS2 timetable completely full on: Mon, Tue, Wed, Thu, Fri
WARNING:timetable_generator_engine:Cannot place theory period:
  Subject  : Object Oriented Programming
  Division : CS3
  Teacher  : Ms. Anu S
  Required : 1 theory period(s)
  Conflicts:
    • division CS3 timetable completely full on: Mon, Tue, Wed, Thu, Fri
WARNING:timetable_generator_engine:Cannot place theory period:
  Subject  : Programming in C
  Division : CS3
  Teacher  : Ms. Demy Devassy
  Required : 1 theory period(s)
  Conflicts:
    • division CS3 timetable completely full on: Mon, Tue, Wed, Thu, Fri
WARNING:timetable_generator_engine:Cannot place theory period:
  Subject  : Digital Electronics and Logic Design
  Division : CS2
  Teacher  : Ms. Smera Thomas
  Required : 1 theory period(s)
  Conflicts:
    • division CS2 timetable completely full on: Mon, Tue, Wed, Thu, Fri
WARNING:timetable_generator_engine:Cannot place theory period:
  Subject  : Object Oriented Programming
  Division : CS3
  Teacher  : Ms. Anu S
  Required : 1 theory period(s)
  Conflicts:
    • division CS3 timetable completely full on: Mon, Tue, Wed, Thu, Fri
WARNING:timetable_generator_engine:Cannot place theory period:
  Subject  : Digital Electronics and Logic Design
  Division : CS2
  Teacher  : Ms. Smera Thomas
  Required : 1 theory period(s)
  Conflicts:
    • division CS2 timetable completely full on: Mon, Tue, Wed, Thu, Fri
WARNING:timetable_generator_engine:Cannot place theory period:
  Subject  : Object Oriented Programming
  Division : CS3
  Teacher  : Ms. Anu S
  Required : 1 theory period(s)
  Conflicts:
    • division CS3 timetable completely full on: Mon, Tue, Wed, Thu, Fri
WARNING:timetable_generator_engine:Cannot place theory period:
  Subject  : Programming in C
  Division : CS4
  Teacher  : Ms. Vyshna R. K.
  Required : 1 theory period(s)
  Conflicts:
    • division CS4 timetable completely full on: Mon, Tue, Wed, Thu, Fri
WARNING:timetable_generator_engine:Cannot place theory period:
  Subject  : Digital Electronics and Logic Design
  Division : CS2
  Teacher  : Ms. Smera Thomas
  Required : 1 theory period(s)
  Conflicts:
    • division CS2 timetable completely full on: Mon, Tue, Wed, Thu, Fri
WARNING:timetable_generator_engine:Cannot place theory period:
  Subject  : Object Oriented Programming
  Division : CS3
  Teacher  : Ms. Anu S
  Required : 1 theory period(s)
  Conflicts:
    • division CS3 timetable completely full on: Mon, Tue, Wed, Thu, Fri
WARNING:timetable_generator_engine:Cannot place theory period:
  Subject  : Algorithmic Thinking with Python
  Division : CS1
  Teacher  : Dr. Deepa K.
  Required : 1 theory period(s)
  Conflicts:
    • division CS1 timetable completely full on: Mon, Tue, Wed, Thu, Fri
WARNING:timetable_generator_engine:Cannot place theory period:
  Subject  : Engineering Graphics and Computer Aided Drawing.
  Division : CS1
  Teacher  : Ms. Jane Theresa
  Required : 1 theory period(s)
  Conflicts:
    • division CS1 timetable completely full on: Mon, Tue, Wed, Thu, Fri
WARNING:timetable_generator_engine:Cannot place theory period:
  Subject  : Programming in C
  Division : CS4
  Teacher  : Ms. Vyshna R. K.
  Required : 1 theory period(s)
  Conflicts:
    • division CS4 timetable completely full on: Mon, Tue, Wed, Thu, Fri
WARNING:timetable_generator_engine:Cannot place theory period:
  Subject  : Engineering Graphics and Computer Aided Drawing.
  Division : CS1
  Teacher  : Ms. Jane Theresa
  Required : 1 theory period(s)
  Conflicts:
    • division CS1 timetable completely full on: Mon, Tue, Wed, Thu, Fri
WARNING:timetable_generator_engine:Cannot place theory period:
  Subject  : Programming in C
  Division : CS4
  Teacher  : Ms. Vyshna R. K.
  Required : 1 theory period(s)
  Conflicts:
    • division CS4 timetable completely full on: Mon, Tue, Wed, Thu, Fri
WARNING:timetable_generator_engine:Cannot place theory period:
  Subject  : Engineering Graphics and Computer Aided Drawing.
  Division : CS1
  Teacher  : Ms. Jane Theresa
  Required : 1 theory period(s)
  Conflicts:
    • division CS1 timetable completely full on: Mon, Tue, Wed, Thu, Fri
WARNING:timetable_generator_engine:Cannot place theory period:
  Subject  : Programming in C
  Division : CS4
  Teacher  : Ms. Vyshna R. K.
  Required : 1 theory period(s)
  Conflicts:
    • division CS4 timetable completely full on: Mon, Tue, Wed, Thu, Fri
WARNING:timetable_generator_engine:Cannot place theory period:
  Subject  : Engineering Graphics and Computer Aided Drawing.
  Division : CS1
  Teacher  : Ms. Jane Theresa
  Required : 1 theory period(s)
  Conflicts:
    • division CS1 timetable completely full on: Mon, Tue, Wed, Thu, Fri
WARNING:timetable_generator_engine:Cannot place theory period:
  Subject  : Programming in C
  Division : CS4
  Teacher  : Ms. Vyshna R. K.
  Required : 1 theory period(s)
  Conflicts:
    • division CS4 timetable completely full on: Mon, Tue, Wed, Thu, Fri
INFO:timetable_generator_engine:  [relaxed pass] Programming in C / CS3: placing 1 missing period(s)
WARNING:timetable_generator_engine:  [relaxed pass] Cannot place Programming in C / CS3 even with relaxed cap
INFO:timetable_generator_engine:  [relaxed pass] Engineering Graphics and Computer Aided Drawing. / CS1: placing 4 missing period(s)
WARNING:timetable_generator_engine:  [relaxed pass] Cannot place Engineering Graphics and Computer Aided Drawing. / CS1 even with relaxed cap
INFO:timetable_generator_engine:  [relaxed pass] Digital Electronics and Logic Design / CS2: placing 5 missing period(s)
WARNING:timetable_generator_engine:  [relaxed pass] Cannot place Digital Electronics and Logic Design / CS2 even with relaxed cap
INFO:timetable_generator_engine:  [relaxed pass] Programming in C / CS4: placing 5 missing period(s)
WARNING:timetable_generator_engine:  [relaxed pass] Cannot place Programming in C / CS4 even with relaxed cap
INFO:timetable_generator_engine:  [relaxed pass] Object Oriented Programming / CS3: placing 4 missing period(s)
WARNING:timetable_generator_engine:  [relaxed pass] Cannot place Object Oriented Programming / CS3 even with relaxed cap
INFO:timetable_generator_engine:  [relaxed pass] Algorithmic Thinking with Python / CS1: placing 1 missing period(s)
WARNING:timetable_generator_engine:  [relaxed pass] Cannot place Algorithmic Thinking with Python / CS1 even with relaxed cap
INFO:timetable_generator_engine:  Attempt 78 (seed=360501) score: 86/100
INFO:timetable_generator_engine:Greedy attempt 79/80 …
WARNING:timetable_generator_engine:Cannot place theory period:
  Subject  : Engineering Graphics and Computer Aided Drawing.
  Division : CS2
  Teacher  : Ms. Preema T. S.
  Required : 1 theory period(s)
  Conflicts:
    • division CS2 timetable completely full on: Mon, Tue, Wed, Thu, Fri
WARNING:timetable_generator_engine:Cannot place theory period:
  Subject  : Object Oriented Programming
  Division : CS2
  Teacher  : Ms. Julie Siby
  Required : 1 theory period(s)
  Conflicts:
    • division CS2 timetable completely full on: Mon, Tue, Wed, Thu, Fri
WARNING:timetable_generator_engine:Cannot place theory period:
  Subject  : Engineering Graphics and Computer Aided Drawing.
  Division : CS2
  Teacher  : Ms. Preema T. S.
  Required : 1 theory period(s)
  Conflicts:
    • division CS2 timetable completely full on: Mon, Tue, Wed, Thu, Fri
WARNING:timetable_generator_engine:Cannot place theory period:
  Subject  : Object Oriented Programming
  Division : CS1
  Teacher  : Ms. Sanooja Beegam M. A.
  Required : 1 theory period(s)
  Conflicts:
    • division CS1 timetable completely full on: Mon, Tue, Wed, Thu, Fri
WARNING:timetable_generator_engine:Cannot place theory period:
  Subject  : Engineering Graphics and Computer Aided Drawing.
  Division : CS2
  Teacher  : Ms. Preema T. S.
  Required : 1 theory period(s)
  Conflicts:
    • division CS2 timetable completely full on: Mon, Tue, Wed, Thu, Fri
WARNING:timetable_generator_engine:Cannot place theory period:
  Subject  : Object Oriented Programming
  Division : CS1
  Teacher  : Ms. Sanooja Beegam M. A.
  Required : 1 theory period(s)
  Conflicts:
    • division CS1 timetable completely full on: Mon, Tue, Wed, Thu, Fri
WARNING:timetable_generator_engine:Cannot place theory period:
  Subject  : Engineering Graphics and Computer Aided Drawing.
  Division : CS2
  Teacher  : Ms. Preema T. S.
  Required : 1 theory period(s)
  Conflicts:
    • division CS2 timetable completely full on: Mon, Tue, Wed, Thu, Fri
WARNING:timetable_generator_engine:Cannot place theory period:
  Subject  : Object Oriented Programming
  Division : CS1
  Teacher  : Ms. Sanooja Beegam M. A.
  Required : 1 theory period(s)
  Conflicts:
    • division CS1 timetable completely full on: Mon, Tue, Wed, Thu, Fri
WARNING:timetable_generator_engine:Cannot place theory period:
  Subject  : Object Oriented Programming
  Division : CS1
  Teacher  : Ms. Sanooja Beegam M. A.
  Required : 1 theory period(s)
  Conflicts:
    • division CS1 timetable completely full on: Mon, Tue, Wed, Thu, Fri
WARNING:timetable_generator_engine:Cannot place theory period:
  Subject  : Object Oriented Programming
  Division : CS1
  Teacher  : Ms. Sanooja Beegam M. A.
  Required : 1 theory period(s)
  Conflicts:
    • division CS1 timetable completely full on: Mon, Tue, Wed, Thu, Fri
WARNING:timetable_generator_engine:Cannot place theory period:
  Subject  : Algorithmic Thinking with Python
  Division : CS4
  Teacher  : Ms. Neethu Krishna
  Required : 1 theory period(s)
  Conflicts:
    • division CS4 timetable completely full on: Mon, Tue, Wed, Thu, Fri
WARNING:timetable_generator_engine:Cannot place theory period:
  Subject  : Digital Electronics and Logic Design
  Division : CS3
  Teacher  : Dr. Noora V. T.
  Required : 1 theory period(s)
  Conflicts:
    • division CS3 timetable completely full on: Mon, Tue, Wed, Thu, Fri
WARNING:timetable_generator_engine:Cannot place theory period:
  Subject  : Programming in C
  Division : CS3
  Teacher  : Ms. Demy Devassy
  Required : 1 theory period(s)
  Conflicts:
    • division CS3 timetable completely full on: Mon, Tue, Wed, Thu, Fri
WARNING:timetable_generator_engine:Cannot place theory period:
  Subject  : Engineering Graphics and Computer Aided Drawing.
  Division : CS4
  Teacher  : Dr. Geethu R.
  Required : 1 theory period(s)
  Conflicts:
    • division CS4 timetable completely full on: Mon, Tue, Wed, Thu, Fri
WARNING:timetable_generator_engine:Cannot place theory period:
  Subject  : Programming in C
  Division : CS3
  Teacher  : Ms. Demy Devassy
  Required : 1 theory period(s)
  Conflicts:
    • division CS3 timetable completely full on: Mon, Tue, Wed, Thu, Fri
WARNING:timetable_generator_engine:Cannot place theory period:
  Subject  : Engineering Graphics and Computer Aided Drawing.
  Division : CS4
  Teacher  : Dr. Geethu R.
  Required : 1 theory period(s)
  Conflicts:
    • division CS4 timetable completely full on: Mon, Tue, Wed, Thu, Fri
WARNING:timetable_generator_engine:Cannot place theory period:
  Subject  : Programming in C
  Division : CS3
  Teacher  : Ms. Demy Devassy
  Required : 1 theory period(s)
  Conflicts:
    • division CS3 timetable completely full on: Mon, Tue, Wed, Thu, Fri
WARNING:timetable_generator_engine:Cannot place theory period:
  Subject  : Engineering Graphics and Computer Aided Drawing.
  Division : CS4
  Teacher  : Dr. Geethu R.
  Required : 1 theory period(s)
  Conflicts:
    • division CS4 timetable completely full on: Mon, Tue, Wed, Thu, Fri
WARNING:timetable_generator_engine:Cannot place theory period:
  Subject  : Programming in C
  Division : CS3
  Teacher  : Ms. Demy Devassy
  Required : 1 theory period(s)
  Conflicts:
    • division CS3 timetable completely full on: Mon, Tue, Wed, Thu, Fri
WARNING:timetable_generator_engine:Cannot place theory period:
  Subject  : Engineering Graphics and Computer Aided Drawing.
  Division : CS4
  Teacher  : Dr. Geethu R.
  Required : 1 theory period(s)
  Conflicts:
    • division CS4 timetable completely full on: Mon, Tue, Wed, Thu, Fri
INFO:timetable_generator_engine:  [relaxed pass] Object Oriented Programming / CS2: placing 1 missing period(s)
WARNING:timetable_generator_engine:  [relaxed pass] Cannot place Object Oriented Programming / CS2 even with relaxed cap
INFO:timetable_generator_engine:  [relaxed pass] Algorithmic Thinking with Python / CS4: placing 1 missing period(s)
WARNING:timetable_generator_engine:  [relaxed pass] Cannot place Algorithmic Thinking with Python / CS4 even with relaxed cap
INFO:timetable_generator_engine:  [relaxed pass] Digital Electronics and Logic Design / CS3: placing 1 missing period(s)
WARNING:timetable_generator_engine:  [relaxed pass] Cannot place Digital Electronics and Logic Design / CS3 even with relaxed cap
INFO:timetable_generator_engine:  [relaxed pass] Engineering Graphics and Computer Aided Drawing. / CS2: placing 4 missing period(s)
WARNING:timetable_generator_engine:  [relaxed pass] Cannot place Engineering Graphics and Computer Aided Drawing. / CS2 even with relaxed cap
INFO:timetable_generator_engine:  [relaxed pass] Engineering Graphics and Computer Aided Drawing. / CS4: placing 4 missing period(s)
WARNING:timetable_generator_engine:  [relaxed pass] Cannot place Engineering Graphics and Computer Aided Drawing. / CS4 even with relaxed cap
INFO:timetable_generator_engine:  [relaxed pass] Programming in C / CS3: placing 4 missing period(s)
WARNING:timetable_generator_engine:  [relaxed pass] Cannot place Programming in C / CS3 even with relaxed cap
INFO:timetable_generator_engine:  [relaxed pass] Object Oriented Programming / CS1: placing 5 missing period(s)
WARNING:timetable_generator_engine:  [relaxed pass] Cannot place Object Oriented Programming / CS1 even with relaxed cap
INFO:timetable_generator_engine:  Attempt 79 (seed=221338) score: 92/100
INFO:timetable_generator_engine:Greedy attempt 80/80 …
WARNING:timetable_generator_engine:Cannot place theory period:
  Subject  : Algorithmic Thinking with Python
  Division : CS3
  Teacher  : Dr. Varun G. Menon
  Required : 1 theory period(s)
  Conflicts:
    • division CS3 timetable completely full on: Mon, Tue, Thu, Fri
WARNING:timetable_generator_engine:Cannot place theory period:
  Subject  : Foundations of Computing: From Hardware Essentials to Web Design
  Division : CS2
  Teacher  : Ms. Surya S. G.
  Required : 1 theory period(s)
  Conflicts:
    • division CS2 timetable completely full on: Mon, Tue, Wed, Thu, Fri
WARNING:timetable_generator_engine:Cannot place theory period:
  Subject  : Programming in C
  Division : CS2
  Teacher  : Ms. Sruthy K. Joseph
  Required : 1 theory period(s)
  Conflicts:
    • division CS2 timetable completely full on: Mon, Tue, Wed, Thu, Fri
WARNING:timetable_generator_engine:Cannot place theory period:
  Subject  : Engineering Graphics and Computer Aided Drawing.
  Division : CS2
  Teacher  : Ms. Preema T. S.
  Required : 1 theory period(s)
  Conflicts:
    • division CS2 timetable completely full on: Mon, Tue, Wed, Thu, Fri
WARNING:timetable_generator_engine:Cannot place theory period:
  Subject  : Digital Electronics and Logic Design
  Division : CS3
  Teacher  : Dr. Noora V. T.
  Required : 1 theory period(s)
  Conflicts:
    • division CS3 timetable completely full on: Mon, Tue, Wed, Thu, Fri
WARNING:timetable_generator_engine:Cannot place theory period:
  Subject  : Programming in C
  Division : CS2
  Teacher  : Ms. Sruthy K. Joseph
  Required : 1 theory period(s)
  Conflicts:
    • division CS2 timetable completely full on: Mon, Tue, Wed, Thu, Fri
WARNING:timetable_generator_engine:Cannot place theory period:
  Subject  : Engineering Graphics and Computer Aided Drawing.
  Division : CS2
  Teacher  : Ms. Preema T. S.
  Required : 1 theory period(s)
  Conflicts:
    • division CS2 timetable completely full on: Mon, Tue, Wed, Thu, Fri
WARNING:timetable_generator_engine:Cannot place theory period:
  Subject  : Digital Electronics and Logic Design
  Division : CS3
  Teacher  : Dr. Noora V. T.
  Required : 1 theory period(s)
  Conflicts:
    • division CS3 timetable completely full on: Mon, Tue, Wed, Thu, Fri
WARNING:timetable_generator_engine:Cannot place theory period:
  Subject  : Digital Electronics and Logic Design
  Division : CS3
  Teacher  : Dr. Noora V. T.
  Required : 1 theory period(s)
  Conflicts:
    • division CS3 timetable completely full on: Mon, Tue, Wed, Thu, Fri
WARNING:timetable_generator_engine:Cannot place theory period:
  Subject  : Programming in C
  Division : CS4
  Teacher  : Ms. Vyshna R. K.
  Required : 1 theory period(s)
  Conflicts:
    • division CS4 timetable completely full on: Mon, Tue, Wed, Thu, Fri
WARNING:timetable_generator_engine:Cannot place theory period:
  Subject  : Digital Electronics and Logic Design
  Division : CS3
  Teacher  : Dr. Noora V. T.
  Required : 1 theory period(s)
  Conflicts:
    • division CS3 timetable completely full on: Mon, Tue, Wed, Thu, Fri
WARNING:timetable_generator_engine:Cannot place theory period:
  Subject  : Algorithmic Thinking with Python
  Division : CS1
  Teacher  : Dr. Deepa K.
  Required : 1 theory period(s)
  Conflicts:
    • division CS1 timetable completely full on: Mon, Tue, Wed, Thu, Fri
WARNING:timetable_generator_engine:Cannot place theory period:
  Subject  : Programming in C
  Division : CS4
  Teacher  : Ms. Vyshna R. K.
  Required : 1 theory period(s)
  Conflicts:
    • division CS4 timetable completely full on: Mon, Tue, Wed, Thu, Fri
WARNING:timetable_generator_engine:Cannot place theory period:
  Subject  : Engineering Graphics and Computer Aided Drawing.
  Division : CS1
  Teacher  : Ms. Jane Theresa
  Required : 1 theory period(s)
  Conflicts:
    • division CS1 timetable completely full on: Mon, Tue, Wed, Thu, Fri
WARNING:timetable_generator_engine:Cannot place theory period:
  Subject  : Programming in C
  Division : CS4
  Teacher  : Ms. Vyshna R. K.
  Required : 1 theory period(s)
  Conflicts:
    • division CS4 timetable completely full on: Mon, Tue, Wed, Thu, Fri
WARNING:timetable_generator_engine:Cannot place theory period:
  Subject  : Engineering Graphics and Computer Aided Drawing.
  Division : CS1
  Teacher  : Ms. Jane Theresa
  Required : 1 theory period(s)
  Conflicts:
    • division CS1 timetable completely full on: Mon, Tue, Wed, Thu, Fri
WARNING:timetable_generator_engine:Cannot place theory period:
  Subject  : Programming in C
  Division : CS4
  Teacher  : Ms. Vyshna R. K.
  Required : 1 theory period(s)
  Conflicts:
    • division CS4 timetable completely full on: Mon, Tue, Wed, Thu, Fri
WARNING:timetable_generator_engine:Cannot place theory period:
  Subject  : Engineering Graphics and Computer Aided Drawing.
  Division : CS1
  Teacher  : Ms. Jane Theresa
  Required : 1 theory period(s)
  Conflicts:
    • division CS1 timetable completely full on: Mon, Tue, Wed, Thu, Fri
WARNING:timetable_generator_engine:Cannot place theory period:
  Subject  : Programming in C
  Division : CS4
  Teacher  : Ms. Vyshna R. K.
  Required : 1 theory period(s)
  Conflicts:
    • division CS4 timetable completely full on: Mon, Tue, Wed, Thu, Fri
WARNING:timetable_generator_engine:Cannot place theory period:
  Subject  : Engineering Graphics and Computer Aided Drawing.
  Division : CS1
  Teacher  : Ms. Jane Theresa
  Required : 1 theory period(s)
  Conflicts:
    • division CS1 timetable completely full on: Mon, Tue, Wed, Thu, Fri
INFO:timetable_generator_engine:  [relaxed pass] Programming in C / CS2: placing 2 missing period(s)
WARNING:timetable_generator_engine:  [relaxed pass] Cannot place Programming in C / CS2 even with relaxed cap
INFO:timetable_generator_engine:  [relaxed pass] Programming in C / CS4: placing 5 missing period(s)
WARNING:timetable_generator_engine:  [relaxed pass] Cannot place Programming in C / CS4 even with relaxed cap
INFO:timetable_generator_engine:  [relaxed pass] Engineering Graphics and Computer Aided Drawing. / CS2: placing 2 missing period(s)
WARNING:timetable_generator_engine:  [relaxed pass] Cannot place Engineering Graphics and Computer Aided Drawing. / CS2 even with relaxed cap
INFO:timetable_generator_engine:  [relaxed pass] Algorithmic Thinking with Python / CS3: placing 1 missing period(s)
WARNING:timetable_generator_engine:  [relaxed pass] Cannot place Algorithmic Thinking with Python / CS3 even with relaxed cap
INFO:timetable_generator_engine:  [relaxed pass] Algorithmic Thinking with Python / CS1: placing 1 missing period(s)
WARNING:timetable_generator_engine:  [relaxed pass] Cannot place Algorithmic Thinking with Python / CS1 even with relaxed cap
INFO:timetable_generator_engine:  [relaxed pass] Digital Electronics and Logic Design / CS3: placing 4 missing period(s)
WARNING:timetable_generator_engine:  [relaxed pass] Cannot place Digital Electronics and Logic Design / CS3 even with relaxed cap
INFO:timetable_generator_engine:  [relaxed pass] Foundations of Computing: From Hardware Essentials to Web Design / CS2: placing 1 missing period(s)
WARNING:timetable_generator_engine:  [relaxed pass] Cannot place Foundations of Computing: From Hardware Essentials to Web Design / CS2 even with relaxed cap
INFO:timetable_generator_engine:  [relaxed pass] Engineering Graphics and Computer Aided Drawing. / CS1: placing 4 missing period(s)
WARNING:timetable_generator_engine:  [relaxed pass] Cannot place Engineering Graphics and Computer Aided Drawing. / CS1 even with relaxed cap
INFO:timetable_generator_engine:  Attempt 80 (seed=867935) score: 84/100
INFO:timetable_generator_engine:Greedy base schedule score: 93
INFO:timetable_generator_engine:✔ Timetable finalised.  Score: 93/100.
INFO:subject_assignment_engine:Semester 5 load: 34 periods — OK
INFO:timetable_generator_engine:Loaded 48 assignments (32 main) across 4 divisions, semester 5.
INFO:timetable_generator_engine:Greedy attempt 1/80 …
WARNING:timetable_generator_engine:Cannot place theory period:
  Subject  : Computer Networks
  Division : CS1
  Teacher  : Ms. Annamol Eldho
  Required : 1 theory period(s)
  Conflicts:
    • division CS1 timetable completely full on: Mon, Tue, Wed, Fri
WARNING:timetable_generator_engine:Cannot place theory period:
  Subject  : Computer Networks
  Division : CS3
  Teacher  : Ms.Rini Joy
  Required : 1 theory period(s)
  Conflicts:
    • division CS3 timetable completely full on: Tue, Thu, Fri
WARNING:timetable_generator_engine:Cannot place theory period:
  Subject  : Microprocessors and Microcontrollers
  Division : CS2
  Teacher  : Ms. Doney Daniel
  Required : 1 theory period(s)
  Conflicts:
    • division CS2 timetable completely full on: Mon, Tue, Wed, Fri
WARNING:timetable_generator_engine:Cannot place theory period:
  Subject  : Computer Networks
  Division : CS4
  Teacher  : Dr. Gokul G .N
  Required : 1 theory period(s)
  Conflicts:
    • division CS4 timetable completely full on: Mon, Wed, Thu, Fri
INFO:timetable_generator_engine:  [relaxed pass] Computer Networks / CS1: placing 1 missing period(s)
WARNING:timetable_generator_engine:  [relaxed pass sub2] Computer Networks / CS1 placed on Thursday P7 (theory-cap relaxed as last resort — check teacher load balance)
INFO:timetable_generator_engine:  [relaxed pass] Computer Networks / CS3: placing 1 missing period(s)
WARNING:timetable_generator_engine:  [relaxed pass sub2] Computer Networks / CS3 placed on Monday P7 (theory-cap relaxed as last resort — check teacher load balance)
INFO:timetable_generator_engine:  [relaxed pass] Microprocessors and Microcontrollers / CS2: placing 1 missing period(s)
WARNING:timetable_generator_engine:  [relaxed pass sub2] Microprocessors and Microcontrollers / CS2 placed on Thursday P6 (theory-cap relaxed as last resort — check teacher load balance)
INFO:timetable_generator_engine:  [relaxed pass] Computer Networks / CS4: placing 1 missing period(s)
WARNING:timetable_generator_engine:  [relaxed pass sub2] Computer Networks / CS4 placed on Tuesday P7 (theory-cap relaxed as last resort — check teacher load balance)
INFO:timetable_generator_engine:  Attempt 1 (seed=817353) score: 79/100
INFO:timetable_generator_engine:Greedy attempt 2/80 …
WARNING:timetable_generator_engine:Cannot place theory period:
  Subject  : Microprocessors and Microcontrollers
  Division : CS2
  Teacher  : Ms. Doney Daniel
  Required : 1 theory period(s)
  Conflicts:
    • division CS2 timetable completely full on: Mon, Tue, Thu, Fri
INFO:timetable_generator_engine:  [relaxed pass] Microprocessors and Microcontrollers / CS2: placing 1 missing period(s)
WARNING:timetable_generator_engine:  [relaxed pass sub2] Microprocessors and Microcontrollers / CS2 placed on Wednesday P6 (theory-cap relaxed as last resort — check teacher load balance)
INFO:timetable_generator_engine:  Attempt 2 (seed=126804) score: 81/100
INFO:timetable_generator_engine:Greedy attempt 3/80 …
WARNING:timetable_generator_engine:Cannot place theory period:
  Subject  : Computer Networks
  Division : CS4
  Teacher  : Dr. Gokul G .N
  Required : 1 theory period(s)
  Conflicts:
    • division CS4 timetable completely full on: Mon, Tue, Wed, Fri
INFO:timetable_generator_engine:  [relaxed pass] Computer Networks / CS4: placing 1 missing period(s)
WARNING:timetable_generator_engine:  [relaxed pass sub2] Computer Networks / CS4 placed on Thursday P7 (theory-cap relaxed as last resort — check teacher load balance)
INFO:timetable_generator_engine:  Attempt 3 (seed=158665) score: 81/100
INFO:timetable_generator_engine:Greedy attempt 4/80 …
WARNING:timetable_generator_engine:Cannot place theory period:
  Subject  : Computer Networks
  Division : CS1
  Teacher  : Ms. Annamol Eldho
  Required : 1 theory period(s)
  Conflicts:
    • division CS1 timetable completely full on: Mon, Tue, Thu, Fri
WARNING:timetable_generator_engine:Cannot place theory period:
  Subject  : Formal Languages and Automata Theory
  Division : CS3
  Teacher  : Dr. Noora V. T.
  Required : 1 theory period(s)
  Conflicts:
    • division CS3 timetable completely full on: Tue, Wed, Thu, Fri
WARNING:timetable_generator_engine:Cannot place theory period:
  Subject  : Computer Networks
  Division : CS4
  Teacher  : Dr. Gokul G .N
  Required : 1 theory period(s)
  Conflicts:
    • division CS4 timetable completely full on: Mon, Wed, Thu, Fri
WARNING:timetable_generator_engine:Cannot place theory period:
  Subject  : Computer Networks
  Division : CS4
  Teacher  : Dr. Gokul G .N
  Required : 1 theory period(s)
  Conflicts:
    • division CS4 timetable completely full on: Mon, Wed, Thu, Fri
INFO:timetable_generator_engine:  [relaxed pass] Computer Networks / CS1: placing 1 missing period(s)
WARNING:timetable_generator_engine:  [relaxed pass sub2] Computer Networks / CS1 placed on Wednesday P2 (theory-cap relaxed as last resort — check teacher load balance)
INFO:timetable_generator_engine:  [relaxed pass] Formal Languages and Automata Theory / CS3: placing 1 missing period(s)
WARNING:timetable_generator_engine:  [relaxed pass sub2] Formal Languages and Automata Theory / CS3 placed on Monday P6 (theory-cap relaxed as last resort — check teacher load balance)
INFO:timetable_generator_engine:  [relaxed pass] Computer Networks / CS4: placing 2 missing period(s)
WARNING:timetable_generator_engine:  [relaxed pass] Cannot place Computer Networks / CS4 even with relaxed cap
INFO:timetable_generator_engine:  Attempt 4 (seed=60994) score: 77/100
INFO:timetable_generator_engine:Greedy attempt 5/80 …
WARNING:timetable_generator_engine:Cannot place theory period:
  Subject  : Formal Languages and Automata Theory
  Division : CS3
  Teacher  : Dr. Noora V. T.
  Required : 1 theory period(s)
  Conflicts:
    • division CS3 timetable completely full on: Mon, Tue, Thu, Fri
WARNING:timetable_generator_engine:Cannot place theory period:
  Subject  : Computer Networks
  Division : CS4
  Teacher  : Dr. Gokul G .N
  Required : 1 theory period(s)
  Conflicts:
    • division CS4 timetable completely full on: Mon, Tue, Wed, Fri
INFO:timetable_generator_engine:  [relaxed pass] Formal Languages and Automata Theory / CS3: placing 1 missing period(s)
WARNING:timetable_generator_engine:  [relaxed pass sub2] Formal Languages and Automata Theory / CS3 placed on Wednesday P7 (theory-cap relaxed as last resort — check teacher load balance)
INFO:timetable_generator_engine:  [relaxed pass] Computer Networks / CS4: placing 1 missing period(s)
WARNING:timetable_generator_engine:  [relaxed pass] Cannot place Computer Networks / CS4 even with relaxed cap
INFO:timetable_generator_engine:  Attempt 5 (seed=87561) score: 81/100
INFO:timetable_generator_engine:Greedy attempt 6/80 …
WARNING:timetable_generator_engine:Cannot place theory period:
  Subject  : Microprocessors and Microcontrollers
  Division : CS1
  Teacher  : Ms.Anugraha Raj
  Required : 1 theory period(s)
  Conflicts:
    • division CS1 timetable completely full on: Mon, Tue, Wed, Fri
INFO:timetable_generator_engine:  [relaxed pass] Microprocessors and Microcontrollers / CS1: placing 1 missing period(s)
WARNING:timetable_generator_engine:  [relaxed pass sub2] Microprocessors and Microcontrollers / CS1 placed on Thursday P7 (theory-cap relaxed as last resort — check teacher load balance)
INFO:timetable_generator_engine:  Attempt 6 (seed=232490) score: 81/100
INFO:timetable_generator_engine:Greedy attempt 7/80 …
WARNING:timetable_generator_engine:Cannot place theory period:
  Subject  : Computer Networks
  Division : CS4
  Teacher  : Dr. Gokul G .N
  Required : 1 theory period(s)
  Conflicts:
    • division CS4 timetable completely full on: Mon, Tue, Wed, Fri
WARNING:timetable_generator_engine:Cannot place theory period:
  Subject  : Computer Networks
  Division : CS1
  Teacher  : Ms. Annamol Eldho
  Required : 1 theory period(s)
  Conflicts:
    • division CS1 timetable completely full on: Mon, Tue, Thu, Fri
WARNING:timetable_generator_engine:Cannot place theory period:
  Subject  : Computer Networks
  Division : CS1
  Teacher  : Ms. Annamol Eldho
  Required : 1 theory period(s)
  Conflicts:
    • division CS1 timetable completely full on: Mon, Tue, Thu, Fri
INFO:timetable_generator_engine:  [relaxed pass] Computer Networks / CS4: placing 1 missing period(s)
WARNING:timetable_generator_engine:  [relaxed pass] Cannot place Computer Networks / CS4 even with relaxed cap
INFO:timetable_generator_engine:  [relaxed pass] Computer Networks / CS1: placing 2 missing period(s)
WARNING:timetable_generator_engine:  [relaxed pass sub2] Computer Networks / CS1 placed on Wednesday P6 (theory-cap relaxed as last resort — check teacher load balance)
WARNING:timetable_generator_engine:  [relaxed pass sub2] Computer Networks / CS1 placed on Wednesday P7 (theory-cap relaxed as last resort — check teacher load balance)
INFO:timetable_generator_engine:  Attempt 7 (seed=94803) score: 79/100
INFO:timetable_generator_engine:Greedy attempt 8/80 …
WARNING:timetable_generator_engine:Cannot place theory period:
  Subject  : Computer Networks
  Division : CS1
  Teacher  : Ms. Annamol Eldho
  Required : 1 theory period(s)
  Conflicts:
    • division CS1 timetable completely full on: Tue, Wed, Thu, Fri
WARNING:timetable_generator_engine:Cannot place theory period:
  Subject  : Formal Languages and Automata Theory
  Division : CS3
  Teacher  : Dr. Noora V. T.
  Required : 1 theory period(s)
  Conflicts:
    • division CS3 timetable completely full on: Mon, Tue, Wed, Fri
WARNING:timetable_generator_engine:Cannot place theory period:
  Subject  : Computer Networks
  Division : CS4
  Teacher  : Dr. Gokul G .N
  Required : 1 theory period(s)
  Conflicts:
    • division CS4 timetable completely full on: Mon, Tue, Thu, Fri
INFO:timetable_generator_engine:  [relaxed pass] Formal Languages and Automata Theory / CS3: placing 1 missing period(s)
WARNING:timetable_generator_engine:  [relaxed pass sub2] Formal Languages and Automata Theory / CS3 placed on Thursday P6 (theory-cap relaxed as last resort — check teacher load balance)
INFO:timetable_generator_engine:  [relaxed pass] Computer Networks / CS1: placing 1 missing period(s)
WARNING:timetable_generator_engine:  [relaxed pass sub2] Computer Networks / CS1 placed on Monday P7 (theory-cap relaxed as last resort — check teacher load balance)
INFO:timetable_generator_engine:  [relaxed pass] Computer Networks / CS4: placing 1 missing period(s)
WARNING:timetable_generator_engine:  [relaxed pass] Cannot place Computer Networks / CS4 even with relaxed cap
INFO:timetable_generator_engine:  Attempt 8 (seed=892795) score: 79/100
INFO:timetable_generator_engine:Greedy attempt 9/80 …
WARNING:timetable_generator_engine:Cannot place theory period:
  Subject  : Computer Networks
  Division : CS3
  Teacher  : Ms.Rini Joy
  Required : 1 theory period(s)
  Conflicts:
    • division CS3 timetable completely full on: Mon, Tue, Wed, Fri
WARNING:timetable_generator_engine:Cannot place theory period:
  Subject  : Formal Languages and Automata Theory
  Division : CS2
  Teacher  : Dr. Deepa K.
  Required : 1 theory period(s)
  Conflicts:
    • division CS2 timetable completely full on: Tue, Wed, Thu, Fri
WARNING:timetable_generator_engine:Cannot place theory period:
  Subject  : Computer Networks
  Division : CS4
  Teacher  : Dr. Gokul G .N
  Required : 1 theory period(s)
  Conflicts:
    • division CS4 timetable completely full on: Mon, Tue, Wed, Fri
INFO:timetable_generator_engine:  [relaxed pass] Computer Networks / CS3: placing 1 missing period(s)
WARNING:timetable_generator_engine:  [relaxed pass sub2] Computer Networks / CS3 placed on Thursday P7 (theory-cap relaxed as last resort — check teacher load balance)
INFO:timetable_generator_engine:  [relaxed pass] Computer Networks / CS4: placing 1 missing period(s)
WARNING:timetable_generator_engine:  [relaxed pass] Cannot place Computer Networks / CS4 even with relaxed cap
INFO:timetable_generator_engine:  [relaxed pass] Formal Languages and Automata Theory / CS2: placing 1 missing period(s)
WARNING:timetable_generator_engine:  [relaxed pass sub2] Formal Languages and Automata Theory / CS2 placed on Monday P7 (theory-cap relaxed as last resort — check teacher load balance)
INFO:timetable_generator_engine:  Attempt 9 (seed=539521) score: 79/100
INFO:timetable_generator_engine:Greedy attempt 10/80 …
WARNING:timetable_generator_engine:Cannot place theory period:
  Subject  : Computer Networks
  Division : CS1
  Teacher  : Ms. Annamol Eldho
  Required : 1 theory period(s)
  Conflicts:
    • division CS1 timetable completely full on: Mon, Tue, Wed, Fri
INFO:timetable_generator_engine:  [relaxed pass] Computer Networks / CS1: placing 1 missing period(s)
WARNING:timetable_generator_engine:  [relaxed pass sub2] Computer Networks / CS1 placed on Thursday P7 (theory-cap relaxed as last resort — check teacher load balance)
INFO:timetable_generator_engine:  Attempt 10 (seed=726801) score: 81/100
INFO:timetable_generator_engine:Greedy attempt 11/80 …
WARNING:timetable_generator_engine:Cannot place theory period:
  Subject  : Computer Networks
  Division : CS4
  Teacher  : Dr. Gokul G .N
  Required : 1 theory period(s)
  Conflicts:
    • division CS4 timetable completely full on: Tue, Wed, Thu, Fri
WARNING:timetable_generator_engine:Cannot place theory period:
  Subject  : Formal Languages and Automata Theory
  Division : CS2
  Teacher  : Dr. Deepa K.
  Required : 1 theory period(s)
  Conflicts:
    • division CS2 timetable completely full on: Mon, Tue, Thu, Fri
WARNING:timetable_generator_engine:Cannot place theory period:
  Subject  : Computer Networks
  Division : CS1
  Teacher  : Ms. Annamol Eldho
  Required : 1 theory period(s)
  Conflicts:
    • division CS1 timetable completely full on: Mon, Wed, Thu, Fri
INFO:timetable_generator_engine:  [relaxed pass] Formal Languages and Automata Theory / CS2: placing 1 missing period(s)
WARNING:timetable_generator_engine:  [relaxed pass sub2] Formal Languages and Automata Theory / CS2 placed on Wednesday P7 (theory-cap relaxed as last resort — check teacher load balance)
INFO:timetable_generator_engine:  [relaxed pass] Computer Networks / CS4: placing 1 missing period(s)
WARNING:timetable_generator_engine:  [relaxed pass sub2] Computer Networks / CS4 placed on Monday P7 (theory-cap relaxed as last resort — check teacher load balance)
INFO:timetable_generator_engine:  [relaxed pass] Computer Networks / CS1: placing 1 missing period(s)
WARNING:timetable_generator_engine:  [relaxed pass sub2] Computer Networks / CS1 placed on Tuesday P7 (theory-cap relaxed as last resort — check teacher load balance)
INFO:timetable_generator_engine:  Attempt 11 (seed=958903) score: 79/100
INFO:timetable_generator_engine:Greedy attempt 12/80 …
WARNING:timetable_generator_engine:Cannot place theory period:
  Subject  : Computer Networks
  Division : CS1
  Teacher  : Ms. Annamol Eldho
  Required : 1 theory period(s)
  Conflicts:
    • division CS1 timetable completely full on: Mon, Tue, Wed, Thu
WARNING:timetable_generator_engine:Cannot place theory period:
  Subject  : Computer Networks
  Division : CS4
  Teacher  : Dr. Gokul G .N
  Required : 1 theory period(s)
  Conflicts:
    • division CS4 timetable completely full on: Mon, Wed, Thu, Fri
WARNING:timetable_generator_engine:Cannot place theory period:
  Subject  : Formal Languages and Automata Theory
  Division : CS3
  Teacher  : Dr. Noora V. T.
  Required : 1 theory period(s)
  Conflicts:
    • division CS3 timetable completely full on: Mon, Tue, Wed, Fri
WARNING:timetable_generator_engine:Cannot place theory period:
  Subject  : Computer Networks
  Division : CS2
  Teacher  : Ms. Anisha V. Lal
  Required : 1 theory period(s)
  Conflicts:
    • division CS2 timetable completely full on: Mon, Tue, Thu, Fri
INFO:timetable_generator_engine:  [relaxed pass] Computer Networks / CS1: placing 1 missing period(s)
WARNING:timetable_generator_engine:  [relaxed pass sub2] Computer Networks / CS1 placed on Friday P6 (theory-cap relaxed as last resort — check teacher load balance)
INFO:timetable_generator_engine:  [relaxed pass] Formal Languages and Automata Theory / CS3: placing 1 missing period(s)
WARNING:timetable_generator_engine:  [relaxed pass sub2] Formal Languages and Automata Theory / CS3 placed on Thursday P6 (theory-cap relaxed as last resort — check teacher load balance)
INFO:timetable_generator_engine:  [relaxed pass] Computer Networks / CS4: placing 1 missing period(s)
WARNING:timetable_generator_engine:  [relaxed pass sub2] Computer Networks / CS4 placed on Tuesday P7 (theory-cap relaxed as last resort — check teacher load balance)
INFO:timetable_generator_engine:  [relaxed pass] Computer Networks / CS2: placing 1 missing period(s)
WARNING:timetable_generator_engine:  [relaxed pass sub2] Computer Networks / CS2 placed on Wednesday P6 (theory-cap relaxed as last resort — check teacher load balance)
INFO:timetable_generator_engine:  Attempt 12 (seed=320319) score: 79/100
INFO:timetable_generator_engine:Greedy attempt 13/80 …
WARNING:timetable_generator_engine:Cannot place theory period:
  Subject  : Computer Networks
  Division : CS1
  Teacher  : Ms. Annamol Eldho
  Required : 1 theory period(s)
  Conflicts:
    • division CS1 timetable completely full on: Mon, Tue, Wed, Fri
WARNING:timetable_generator_engine:Cannot place theory period:
  Subject  : Computer Networks
  Division : CS4
  Teacher  : Dr. Gokul G .N
  Required : 1 theory period(s)
  Conflicts:
    • division CS4 timetable completely full on: Mon, Tue, Wed, Fri
INFO:timetable_generator_engine:  [relaxed pass] Computer Networks / CS1: placing 1 missing period(s)
WARNING:timetable_generator_engine:  [relaxed pass sub2] Computer Networks / CS1 placed on Thursday P7 (theory-cap relaxed as last resort — check teacher load balance)
INFO:timetable_generator_engine:  [relaxed pass] Computer Networks / CS4: placing 1 missing period(s)
WARNING:timetable_generator_engine:  [relaxed pass sub2] Computer Networks / CS4 placed on Thursday P6 (theory-cap relaxed as last resort — check teacher load balance)
INFO:timetable_generator_engine:  Attempt 13 (seed=36919) score: 79/100
INFO:timetable_generator_engine:Greedy attempt 14/80 …
WARNING:timetable_generator_engine:Cannot place lab block:
  Subject  : Miniproject
  Division : CS3
  Teacher  : Dr. Dhanya K. A.
  Required : 3 lab block(s)
  Conflicts:
    • no continuous 3-period block available — per day: Mon(daily cap), Tue(daily cap), Wed(daily cap), Thu(lab already scheduled), Fri(lab already scheduled)
WARNING:timetable_generator_engine:Cannot place theory period:
  Subject  : Microprocessors and Microcontrollers
  Division : CS4
  Teacher  : Ms. Neethu Roy
  Required : 1 theory period(s)
  Conflicts:
    • division CS4 timetable completely full on: Mon, Tue, Wed, Fri
WARNING:timetable_generator_engine:Cannot place theory period:
  Subject  : Microprocessors and Microcontrollers
  Division : CS2
  Teacher  : Ms. Doney Daniel
  Required : 1 theory period(s)
  Conflicts:
    • division CS2 timetable completely full on: Mon, Tue, Wed, Fri
INFO:timetable_generator_engine:  [relaxed pass] Microprocessors and Microcontrollers / CS4: placing 1 missing period(s)
WARNING:timetable_generator_engine:  [relaxed pass sub2] Microprocessors and Microcontrollers / CS4 placed on Thursday P6 (theory-cap relaxed as last resort — check teacher load balance)
INFO:timetable_generator_engine:  [relaxed pass] Microprocessors and Microcontrollers / CS2: placing 1 missing period(s)
WARNING:timetable_generator_engine:  [relaxed pass sub2] Microprocessors and Microcontrollers / CS2 placed on Thursday P6 (theory-cap relaxed as last resort — check teacher load balance)
INFO:timetable_generator_engine:  Attempt 14 (seed=332519) score: 79/100
INFO:timetable_generator_engine:Greedy attempt 15/80 …
WARNING:timetable_generator_engine:Cannot place theory period:
  Subject  : Computer Networks
  Division : CS2
  Teacher  : Ms. Anisha V. Lal
  Required : 1 theory period(s)
  Conflicts:
    • division CS2 timetable completely full on: Tue, Wed, Thu, Fri
WARNING:timetable_generator_engine:Cannot place theory period:
  Subject  : Formal Languages and Automata Theory
  Division : CS3
  Teacher  : Dr. Noora V. T.
  Required : 1 theory period(s)
  Conflicts:
    • division CS3 timetable completely full on: Mon, Wed, Thu, Fri
WARNING:timetable_generator_engine:Cannot place theory period:
  Subject  : Computer Networks
  Division : CS1
  Teacher  : Ms. Annamol Eldho
  Required : 1 theory period(s)
  Conflicts:
    • division CS1 timetable completely full on: Mon, Tue, Wed, Fri
WARNING:timetable_generator_engine:Cannot place theory period:
  Subject  : Computer Networks
  Division : CS1
  Teacher  : Ms. Annamol Eldho
  Required : 1 theory period(s)
  Conflicts:
    • division CS1 timetable completely full on: Mon, Tue, Wed, Fri
INFO:timetable_generator_engine:  [relaxed pass] Formal Languages and Automata Theory / CS3: placing 1 missing period(s)
WARNING:timetable_generator_engine:  [relaxed pass sub2] Formal Languages and Automata Theory / CS3 placed on Tuesday P6 (theory-cap relaxed as last resort — check teacher load balance)
INFO:timetable_generator_engine:  [relaxed pass] Computer Networks / CS2: placing 1 missing period(s)
WARNING:timetable_generator_engine:  [relaxed pass sub2] Computer Networks / CS2 placed on Monday P6 (theory-cap relaxed as last resort — check teacher load balance)
INFO:timetable_generator_engine:  [relaxed pass] Computer Networks / CS1: placing 2 missing period(s)
WARNING:timetable_generator_engine:  [relaxed pass sub2] Computer Networks / CS1 placed on Thursday P6 (theory-cap relaxed as last resort — check teacher load balance)
WARNING:timetable_generator_engine:  [relaxed pass sub2] Computer Networks / CS1 placed on Thursday P7 (theory-cap relaxed as last resort — check teacher load balance)
INFO:timetable_generator_engine:  Attempt 15 (seed=682339) score: 79/100
INFO:timetable_generator_engine:Greedy attempt 16/80 …
WARNING:timetable_generator_engine:Cannot place theory period:
  Subject  : Computer Networks
  Division : CS4
  Teacher  : Dr. Gokul G .N
  Required : 1 theory period(s)
  Conflicts:
    • division CS4 timetable completely full on: Tue, Wed, Thu, Fri
INFO:timetable_generator_engine:  [relaxed pass] Computer Networks / CS4: placing 1 missing period(s)
WARNING:timetable_generator_engine:  [relaxed pass sub2] Computer Networks / CS4 placed on Monday P7 (theory-cap relaxed as last resort — check teacher load balance)
INFO:timetable_generator_engine:  Attempt 16 (seed=518861) score: 84/100
INFO:timetable_generator_engine:Greedy attempt 17/80 …
WARNING:timetable_generator_engine:Cannot place theory period:
  Subject  : Formal Languages and Automata Theory
  Division : CS3
  Teacher  : Dr. Noora V. T.
  Required : 1 theory period(s)
  Conflicts:
    • division CS3 timetable completely full on: Mon, Wed, Thu, Fri
WARNING:timetable_generator_engine:Cannot place theory period:
  Subject  : Microprocessors and Microcontrollers
  Division : CS4
  Teacher  : Ms. Neethu Roy
  Required : 1 theory period(s)
  Conflicts:
    • division CS4 timetable completely full on: Mon, Tue, Thu, Fri
WARNING:timetable_generator_engine:Cannot place theory period:
  Subject  : Computer Networks
  Division : CS2
  Teacher  : Ms. Anisha V. Lal
  Required : 1 theory period(s)
  Conflicts:
    • division CS2 timetable completely full on: Mon, Tue, Wed, Fri
INFO:timetable_generator_engine:  [relaxed pass] Formal Languages and Automata Theory / CS3: placing 1 missing period(s)
WARNING:timetable_generator_engine:  [relaxed pass sub2] Formal Languages and Automata Theory / CS3 placed on Tuesday P6 (theory-cap relaxed as last resort — check teacher load balance)
INFO:timetable_generator_engine:  [relaxed pass] Computer Networks / CS2: placing 1 missing period(s)
WARNING:timetable_generator_engine:  [relaxed pass sub2] Computer Networks / CS2 placed on Thursday P6 (theory-cap relaxed as last resort — check teacher load balance)
INFO:timetable_generator_engine:  [relaxed pass] Microprocessors and Microcontrollers / CS4: placing 1 missing period(s)
WARNING:timetable_generator_engine:  [relaxed pass sub2] Microprocessors and Microcontrollers / CS4 placed on Wednesday P7 (theory-cap relaxed as last resort — check teacher load balance)
INFO:timetable_generator_engine:  Attempt 17 (seed=377764) score: 79/100
INFO:timetable_generator_engine:Greedy attempt 18/80 …
WARNING:timetable_generator_engine:Cannot place theory period:
  Subject  : Computer Networks
  Division : CS1
  Teacher  : Ms. Annamol Eldho
  Required : 1 theory period(s)
  Conflicts:
    • division CS1 timetable completely full on: Mon, Tue, Thu, Fri
WARNING:timetable_generator_engine:Cannot place theory period:
  Subject  : Computer Networks
  Division : CS1
  Teacher  : Ms. Annamol Eldho
  Required : 1 theory period(s)
  Conflicts:
    • division CS1 timetable completely full on: Mon, Tue, Thu, Fri
INFO:timetable_generator_engine:  [relaxed pass] Computer Networks / CS1: placing 2 missing period(s)
WARNING:timetable_generator_engine:  [relaxed pass sub2] Computer Networks / CS1 placed on Wednesday P6 (theory-cap relaxed as last resort — check teacher load balance)
WARNING:timetable_generator_engine:  [relaxed pass sub2] Computer Networks / CS1 placed on Wednesday P7 (theory-cap relaxed as last resort — check teacher load balance)
INFO:timetable_generator_engine:  Attempt 18 (seed=658865) score: 79/100
INFO:timetable_generator_engine:Greedy attempt 19/80 …
WARNING:timetable_generator_engine:Cannot place theory period:
  Subject  : Computer Networks
  Division : CS4
  Teacher  : Dr. Gokul G .N
  Required : 1 theory period(s)
  Conflicts:
    • division CS4 timetable completely full on: Mon, Tue, Thu, Fri
INFO:timetable_generator_engine:  [relaxed pass] Computer Networks / CS4: placing 1 missing period(s)
WARNING:timetable_generator_engine:  [relaxed pass] Cannot place Computer Networks / CS4 even with relaxed cap
INFO:timetable_generator_engine:  Attempt 19 (seed=863630) score: 81/100
INFO:timetable_generator_engine:Greedy attempt 20/80 …
WARNING:timetable_generator_engine:Cannot place theory period:
  Subject  : Computer Networks
  Division : CS4
  Teacher  : Dr. Gokul G .N
  Required : 1 theory period(s)
  Conflicts:
    • division CS4 timetable completely full on: Mon, Wed, Thu, Fri
WARNING:timetable_generator_engine:Cannot place theory period:
  Subject  : Computer Networks
  Division : CS4
  Teacher  : Dr. Gokul G .N
  Required : 1 theory period(s)
  Conflicts:
    • division CS4 timetable completely full on: Mon, Wed, Thu, Fri
INFO:timetable_generator_engine:  [relaxed pass] Computer Networks / CS4: placing 2 missing period(s)
WARNING:timetable_generator_engine:  [relaxed pass] Cannot place Computer Networks / CS4 even with relaxed cap
INFO:timetable_generator_engine:  Attempt 20 (seed=813249) score: 83/100
INFO:timetable_generator_engine:Greedy attempt 21/80 …
WARNING:timetable_generator_engine:Cannot place theory period:
  Subject  : Computer Networks
  Division : CS1
  Teacher  : Ms. Annamol Eldho
  Required : 1 theory period(s)
  Conflicts:
    • division CS1 timetable completely full on: Mon, Tue, Thu, Fri
WARNING:timetable_generator_engine:Cannot place theory period:
  Subject  : Formal Languages and Automata Theory
  Division : CS3
  Teacher  : Dr. Noora V. T.
  Required : 1 theory period(s)
  Conflicts:
    • division CS3 timetable completely full on: Mon, Tue, Wed, Fri
WARNING:timetable_generator_engine:Cannot place theory period:
  Subject  : Computer Networks
  Division : CS2
  Teacher  : Ms. Anisha V. Lal
  Required : 1 theory period(s)
  Conflicts:
    • division CS2 timetable completely full on: Mon, Wed, Thu, Fri
INFO:timetable_generator_engine:  [relaxed pass] Computer Networks / CS1: placing 1 missing period(s)
WARNING:timetable_generator_engine:  [relaxed pass sub2] Computer Networks / CS1 placed on Wednesday P7 (theory-cap relaxed as last resort — check teacher load balance)
INFO:timetable_generator_engine:  [relaxed pass] Formal Languages and Automata Theory / CS3: placing 1 missing period(s)
WARNING:timetable_generator_engine:  [relaxed pass sub2] Formal Languages and Automata Theory / CS3 placed on Thursday P6 (theory-cap relaxed as last resort — check teacher load balance)
INFO:timetable_generator_engine:  [relaxed pass] Computer Networks / CS2: placing 1 missing period(s)
WARNING:timetable_generator_engine:  [relaxed pass sub2] Computer Networks / CS2 placed on Tuesday P6 (theory-cap relaxed as last resort — check teacher load balance)
INFO:timetable_generator_engine:  Attempt 21 (seed=346694) score: 79/100
INFO:timetable_generator_engine:Greedy attempt 22/80 …
WARNING:timetable_generator_engine:Cannot place theory period:
  Subject  : Microprocessors and Microcontrollers
  Division : CS4
  Teacher  : Ms. Neethu Roy
  Required : 1 theory period(s)
  Conflicts:
    • division CS4 timetable completely full on: Tue, Wed, Thu, Fri
WARNING:timetable_generator_engine:Cannot place theory period:
  Subject  : Computer Networks
  Division : CS1
  Teacher  : Ms. Annamol Eldho
  Required : 1 theory period(s)
  Conflicts:
    • division CS1 timetable completely full on: Mon, Tue, Thu, Fri
WARNING:timetable_generator_engine:Cannot place theory period:
  Subject  : Microprocessors and Microcontrollers
  Division : CS3
  Teacher  : Ms. Smera Thomas
  Required : 1 theory period(s)
  Conflicts:
    • division CS3 timetable completely full on: Mon, Wed, Thu, Fri
WARNING:timetable_generator_engine:Cannot place theory period:
  Subject  : Computer Networks
  Division : CS2
  Teacher  : Ms. Anisha V. Lal
  Required : 1 theory period(s)
  Conflicts:
    • division CS2 timetable completely full on: Mon, Tue, Wed, Fri
INFO:timetable_generator_engine:  [relaxed pass] Microprocessors and Microcontrollers / CS4: placing 1 missing period(s)
WARNING:timetable_generator_engine:  [relaxed pass sub2] Microprocessors and Microcontrollers / CS4 placed on Monday P7 (theory-cap relaxed as last resort — check teacher load balance)
INFO:timetable_generator_engine:  [relaxed pass] Computer Networks / CS1: placing 1 missing period(s)
WARNING:timetable_generator_engine:  [relaxed pass sub2] Computer Networks / CS1 placed on Wednesday P6 (theory-cap relaxed as last resort — check teacher load balance)
INFO:timetable_generator_engine:  [relaxed pass] Microprocessors and Microcontrollers / CS3: placing 1 missing period(s)
WARNING:timetable_generator_engine:  [relaxed pass sub2] Microprocessors and Microcontrollers / CS3 placed on Tuesday P6 (theory-cap relaxed as last resort — check teacher load balance)
INFO:timetable_generator_engine:  [relaxed pass] Computer Networks / CS2: placing 1 missing period(s)
WARNING:timetable_generator_engine:  [relaxed pass sub2] Computer Networks / CS2 placed on Thursday P6 (theory-cap relaxed as last resort — check teacher load balance)
INFO:timetable_generator_engine:  Attempt 22 (seed=193028) score: 79/100
INFO:timetable_generator_engine:Greedy attempt 23/80 …
WARNING:timetable_generator_engine:Cannot place theory period:
  Subject  : Microprocessors and Microcontrollers
  Division : CS1
  Teacher  : Ms.Anugraha Raj
  Required : 1 theory period(s)
  Conflicts:
    • division CS1 timetable completely full on: Mon, Wed, Thu, Fri
INFO:timetable_generator_engine:  [relaxed pass] Microprocessors and Microcontrollers / CS1: placing 1 missing period(s)
WARNING:timetable_generator_engine:  [relaxed pass sub2] Microprocessors and Microcontrollers / CS1 placed on Tuesday P6 (theory-cap relaxed as last resort — check teacher load balance)
INFO:timetable_generator_engine:  Attempt 23 (seed=749507) score: 84/100
INFO:timetable_generator_engine:Greedy attempt 24/80 …
WARNING:timetable_generator_engine:Cannot place theory period:
  Subject  : System Software
  Division : CS2
  Teacher  : Ms. Neethu Krishna
  Required : 1 theory period(s)
  Conflicts:
    • division CS2 timetable completely full on: Mon, Tue, Thu, Fri
WARNING:timetable_generator_engine:Cannot place theory period:
  Subject  : Microprocessors and Microcontrollers
  Division : CS1
  Teacher  : Ms.Anugraha Raj
  Required : 1 theory period(s)
  Conflicts:
    • division CS1 timetable completely full on: Mon, Tue, Wed, Fri
WARNING:timetable_generator_engine:Cannot place theory period:
  Subject  : Computer Networks
  Division : CS4
  Teacher  : Dr. Gokul G .N
  Required : 1 theory period(s)
  Conflicts:
    • division CS4 timetable completely full on: Mon, Wed, Thu, Fri
INFO:timetable_generator_engine:  [relaxed pass] System Software / CS2: placing 1 missing period(s)
WARNING:timetable_generator_engine:  [relaxed pass sub2] System Software / CS2 placed on Wednesday P7 (theory-cap relaxed as last resort — check teacher load balance)
INFO:timetable_generator_engine:  [relaxed pass] Computer Networks / CS4: placing 1 missing period(s)
WARNING:timetable_generator_engine:  [relaxed pass sub2] Computer Networks / CS4 placed on Tuesday P7 (theory-cap relaxed as last resort — check teacher load balance)
INFO:timetable_generator_engine:  [relaxed pass] Microprocessors and Microcontrollers / CS1: placing 1 missing period(s)
WARNING:timetable_generator_engine:  [relaxed pass sub2] Microprocessors and Microcontrollers / CS1 placed on Thursday P7 (theory-cap relaxed as last resort — check teacher load balance)
INFO:timetable_generator_engine:  Attempt 24 (seed=386290) score: 79/100
INFO:timetable_generator_engine:Greedy attempt 25/80 …
WARNING:timetable_generator_engine:Cannot place theory period:
  Subject  : Microprocessors and Microcontrollers
  Division : CS4
  Teacher  : Ms. Neethu Roy
  Required : 1 theory period(s)
  Conflicts:
    • division CS4 timetable completely full on: Mon, Wed, Thu, Fri
WARNING:timetable_generator_engine:Cannot place theory period:
  Subject  : Computer Networks
  Division : CS3
  Teacher  : Ms.Rini Joy
  Required : 1 theory period(s)
  Conflicts:
    • division CS3 timetable completely full on: Tue, Wed, Thu, Fri
WARNING:timetable_generator_engine:Cannot place theory period:
  Subject  : Computer Networks
  Division : CS2
  Teacher  : Ms. Anisha V. Lal
  Required : 1 theory period(s)
  Conflicts:
    • division CS2 timetable completely full on: Mon, Tue, Wed, Fri
INFO:timetable_generator_engine:  [relaxed pass] Computer Networks / CS3: placing 1 missing period(s)
WARNING:timetable_generator_engine:  [relaxed pass sub2] Computer Networks / CS3 placed on Monday P6 (theory-cap relaxed as last resort — check teacher load balance)
INFO:timetable_generator_engine:  [relaxed pass] Microprocessors and Microcontrollers / CS4: placing 1 missing period(s)
WARNING:timetable_generator_engine:  [relaxed pass sub2] Microprocessors and Microcontrollers / CS4 placed on Tuesday P7 (theory-cap relaxed as last resort — check teacher load balance)
INFO:timetable_generator_engine:  [relaxed pass] Computer Networks / CS2: placing 1 missing period(s)
WARNING:timetable_generator_engine:  [relaxed pass sub2] Computer Networks / CS2 placed on Thursday P6 (theory-cap relaxed as last resort — check teacher load balance)
INFO:timetable_generator_engine:  Attempt 25 (seed=342334) score: 79/100
INFO:timetable_generator_engine:Greedy attempt 26/80 …
WARNING:timetable_generator_engine:Cannot place theory period:
  Subject  : Computer Networks
  Division : CS4
  Teacher  : Dr. Gokul G .N
  Required : 1 theory period(s)
  Conflicts:
    • division CS4 timetable completely full on: Mon, Tue, Wed, Fri
WARNING:timetable_generator_engine:Cannot place theory period:
  Subject  : Computer Networks
  Division : CS1
  Teacher  : Ms. Annamol Eldho
  Required : 1 theory period(s)
  Conflicts:
    • division CS1 timetable completely full on: Mon, Wed, Thu, Fri
WARNING:timetable_generator_engine:Cannot place theory period:
  Subject  : Computer Networks
  Division : CS1
  Teacher  : Ms. Annamol Eldho
  Required : 1 theory period(s)
  Conflicts:
    • division CS1 timetable completely full on: Mon, Wed, Thu, Fri
INFO:timetable_generator_engine:  [relaxed pass] Computer Networks / CS4: placing 1 missing period(s)
WARNING:timetable_generator_engine:  [relaxed pass sub2] Computer Networks / CS4 placed on Thursday P7 (theory-cap relaxed as last resort — check teacher load balance)
INFO:timetable_generator_engine:  [relaxed pass] Computer Networks / CS1: placing 2 missing period(s)
WARNING:timetable_generator_engine:  [relaxed pass sub2] Computer Networks / CS1 placed on Tuesday P2 (theory-cap relaxed as last resort — check teacher load balance)
WARNING:timetable_generator_engine:  [relaxed pass sub2] Computer Networks / CS1 placed on Tuesday P7 (theory-cap relaxed as last resort — check teacher load balance)
INFO:timetable_generator_engine:  Attempt 26 (seed=54091) score: 79/100
INFO:timetable_generator_engine:Greedy attempt 27/80 …
WARNING:timetable_generator_engine:Cannot place theory period:
  Subject  : Computer Networks
  Division : CS1
  Teacher  : Ms. Annamol Eldho
  Required : 1 theory period(s)
  Conflicts:
    • division CS1 timetable completely full on: Mon, Tue, Thu, Fri
WARNING:timetable_generator_engine:Cannot place theory period:
  Subject  : Formal Languages and Automata Theory
  Division : CS2
  Teacher  : Dr. Deepa K.
  Required : 1 theory period(s)
  Conflicts:
    • division CS2 timetable completely full on: Mon, Tue, Wed, Fri
WARNING:timetable_generator_engine:Cannot place theory period:
  Subject  : Computer Networks
  Division : CS4
  Teacher  : Dr. Gokul G .N
  Required : 1 theory period(s)
  Conflicts:
    • division CS4 timetable completely full on: Mon, Wed, Thu, Fri
INFO:timetable_generator_engine:  [relaxed pass] Formal Languages and Automata Theory / CS2: placing 1 missing period(s)
WARNING:timetable_generator_engine:  [relaxed pass sub2] Formal Languages and Automata Theory / CS2 placed on Thursday P6 (theory-cap relaxed as last resort — check teacher load balance)
INFO:timetable_generator_engine:  [relaxed pass] Computer Networks / CS1: placing 1 missing period(s)
WARNING:timetable_generator_engine:  [relaxed pass sub2] Computer Networks / CS1 placed on Wednesday P7 (theory-cap relaxed as last resort — check teacher load balance)
INFO:timetable_generator_engine:  [relaxed pass] Computer Networks / CS4: placing 1 missing period(s)
WARNING:timetable_generator_engine:  [relaxed pass sub2] Computer Networks / CS4 placed on Tuesday P7 (theory-cap relaxed as last resort — check teacher load balance)
INFO:timetable_generator_engine:  Attempt 27 (seed=254524) score: 77/100
INFO:timetable_generator_engine:Greedy attempt 28/80 …
WARNING:timetable_generator_engine:Cannot place theory period:
  Subject  : Microprocessors and Microcontrollers
  Division : CS1
  Teacher  : Ms.Anugraha Raj
  Required : 1 theory period(s)
  Conflicts:
    • division CS1 timetable completely full on: Tue, Wed, Thu, Fri
WARNING:timetable_generator_engine:Cannot place theory period:
  Subject  : Computer Networks
  Division : CS2
  Teacher  : Ms. Anisha V. Lal
  Required : 1 theory period(s)
  Conflicts:
    • division CS2 timetable completely full on: Mon, Tue, Wed, Fri
INFO:timetable_generator_engine:  [relaxed pass] Microprocessors and Microcontrollers / CS1: placing 1 missing period(s)
WARNING:timetable_generator_engine:  [relaxed pass sub2] Microprocessors and Microcontrollers / CS1 placed on Monday P7 (theory-cap relaxed as last resort — check teacher load balance)
INFO:timetable_generator_engine:  [relaxed pass] Computer Networks / CS2: placing 1 missing period(s)
WARNING:timetable_generator_engine:  [relaxed pass sub2] Computer Networks / CS2 placed on Thursday P6 (theory-cap relaxed as last resort — check teacher load balance)
INFO:timetable_generator_engine:  Attempt 28 (seed=808697) score: 79/100
INFO:timetable_generator_engine:Greedy attempt 29/80 …
WARNING:timetable_generator_engine:Cannot place theory period:
  Subject  : System Software
  Division : CS3
  Teacher  : Ms. Vyshna R. K.
  Required : 1 theory period(s)
  Conflicts:
    • division CS3 timetable completely full on: Mon, Wed, Thu, Fri
WARNING:timetable_generator_engine:Cannot place theory period:
  Subject  : Computer Networks
  Division : CS4
  Teacher  : Dr. Gokul G .N
  Required : 1 theory period(s)
  Conflicts:
    • division CS4 timetable completely full on: Mon, Tue, Wed, Thu
WARNING:timetable_generator_engine:Cannot place theory period:
  Subject  : Computer Networks
  Division : CS1
  Teacher  : Ms. Annamol Eldho
  Required : 1 theory period(s)
  Conflicts:
    • division CS1 timetable completely full on: Mon, Tue, Thu, Fri
INFO:timetable_generator_engine:  [relaxed pass] Computer Networks / CS4: placing 1 missing period(s)
WARNING:timetable_generator_engine:  [relaxed pass] Cannot place Computer Networks / CS4 even with relaxed cap
INFO:timetable_generator_engine:  [relaxed pass] Computer Networks / CS1: placing 1 missing period(s)
WARNING:timetable_generator_engine:  [relaxed pass sub2] Computer Networks / CS1 placed on Wednesday P7 (theory-cap relaxed as last resort — check teacher load balance)
INFO:timetable_generator_engine:  [relaxed pass] System Software / CS3: placing 1 missing period(s)
WARNING:timetable_generator_engine:  [relaxed pass sub2] System Software / CS3 placed on Tuesday P7 (theory-cap relaxed as last resort — check teacher load balance)
INFO:timetable_generator_engine:  Attempt 29 (seed=518171) score: 79/100
INFO:timetable_generator_engine:Greedy attempt 30/80 …
WARNING:timetable_generator_engine:Cannot place theory period:
  Subject  : Computer Networks
  Division : CS1
  Teacher  : Ms. Annamol Eldho
  Required : 1 theory period(s)
  Conflicts:
    • division CS1 timetable completely full on: Mon, Tue, Thu, Fri
INFO:timetable_generator_engine:  [relaxed pass] Computer Networks / CS1: placing 1 missing period(s)
WARNING:timetable_generator_engine:  [relaxed pass sub2] Computer Networks / CS1 placed on Wednesday P7 (theory-cap relaxed as last resort — check teacher load balance)
INFO:timetable_generator_engine:  Attempt 30 (seed=815382) score: 81/100
INFO:timetable_generator_engine:Greedy attempt 31/80 …
WARNING:timetable_generator_engine:Cannot place theory period:
  Subject  : Computer Networks
  Division : CS1
  Teacher  : Ms. Annamol Eldho
  Required : 1 theory period(s)
  Conflicts:
    • division CS1 timetable completely full on: Tue, Wed, Thu, Fri
INFO:timetable_generator_engine:  [relaxed pass] Computer Networks / CS1: placing 1 missing period(s)
WARNING:timetable_generator_engine:  [relaxed pass sub2] Computer Networks / CS1 placed on Monday P7 (theory-cap relaxed as last resort — check teacher load balance)
INFO:timetable_generator_engine:  Attempt 31 (seed=602047) score: 81/100
INFO:timetable_generator_engine:Greedy attempt 32/80 …
WARNING:timetable_generator_engine:Cannot place theory period:
  Subject  : Computer Networks
  Division : CS3
  Teacher  : Ms.Rini Joy
  Required : 1 theory period(s)
  Conflicts:
    • division CS3 timetable completely full on: Mon, Tue, Thu, Fri
WARNING:timetable_generator_engine:Cannot place theory period:
  Subject  : Formal Languages and Automata Theory
  Division : CS2
  Teacher  : Dr. Deepa K.
  Required : 1 theory period(s)
  Conflicts:
    • division CS2 timetable completely full on: Tue, Wed, Thu, Fri
INFO:timetable_generator_engine:  [relaxed pass] Computer Networks / CS3: placing 1 missing period(s)
WARNING:timetable_generator_engine:  [relaxed pass sub2] Computer Networks / CS3 placed on Wednesday P6 (theory-cap relaxed as last resort — check teacher load balance)
INFO:timetable_generator_engine:  [relaxed pass] Formal Languages and Automata Theory / CS2: placing 1 missing period(s)
WARNING:timetable_generator_engine:  [relaxed pass sub2] Formal Languages and Automata Theory / CS2 placed on Monday P6 (theory-cap relaxed as last resort — check teacher load balance)
INFO:timetable_generator_engine:  Attempt 32 (seed=504522) score: 79/100
INFO:timetable_generator_engine:Greedy attempt 33/80 …
WARNING:timetable_generator_engine:Cannot place theory period:
  Subject  : Microprocessors and Microcontrollers
  Division : CS4
  Teacher  : Ms. Neethu Roy
  Required : 1 theory period(s)
  Conflicts:
    • division CS4 timetable completely full on: Mon, Tue, Thu, Fri
INFO:timetable_generator_engine:  [relaxed pass] Microprocessors and Microcontrollers / CS4: placing 1 missing period(s)
WARNING:timetable_generator_engine:  [relaxed pass sub2] Microprocessors and Microcontrollers / CS4 placed on Wednesday P7 (theory-cap relaxed as last resort — check teacher load balance)
INFO:timetable_generator_engine:  Attempt 33 (seed=256374) score: 79/100
INFO:timetable_generator_engine:Greedy attempt 34/80 …
WARNING:timetable_generator_engine:Cannot place theory period:
  Subject  : Computer Networks
  Division : CS1
  Teacher  : Ms. Annamol Eldho
  Required : 1 theory period(s)
  Conflicts:
    • division CS1 timetable completely full on: Mon, Tue, Thu, Fri
WARNING:timetable_generator_engine:Cannot place theory period:
  Subject  : Computer Networks
  Division : CS1
  Teacher  : Ms. Annamol Eldho
  Required : 1 theory period(s)
  Conflicts:
    • division CS1 timetable completely full on: Mon, Tue, Thu, Fri
INFO:timetable_generator_engine:  [relaxed pass] Computer Networks / CS1: placing 2 missing period(s)
WARNING:timetable_generator_engine:  [relaxed pass sub2] Computer Networks / CS1 placed on Wednesday P6 (theory-cap relaxed as last resort — check teacher load balance)
WARNING:timetable_generator_engine:  [relaxed pass sub2] Computer Networks / CS1 placed on Wednesday P7 (theory-cap relaxed as last resort — check teacher load balance)
INFO:timetable_generator_engine:  Attempt 34 (seed=453196) score: 79/100
INFO:timetable_generator_engine:Greedy attempt 35/80 …
WARNING:timetable_generator_engine:Cannot place theory period:
  Subject  : Formal Languages and Automata Theory
  Division : CS4
  Teacher  : Ms. Hafeesa M.Habeeb
  Required : 1 theory period(s)
  Conflicts:
    • division CS4 timetable completely full on: Mon, Tue, Wed, Thu
INFO:timetable_generator_engine:  [relaxed pass] Formal Languages and Automata Theory / CS4: placing 1 missing period(s)
WARNING:timetable_generator_engine:  [relaxed pass sub2] Formal Languages and Automata Theory / CS4 placed on Friday P6 (theory-cap relaxed as last resort — check teacher load balance)
INFO:timetable_generator_engine:  Attempt 35 (seed=941440) score: 84/100
INFO:timetable_generator_engine:Greedy attempt 36/80 …
WARNING:timetable_generator_engine:Cannot place theory period:
  Subject  : Computer Networks
  Division : CS4
  Teacher  : Dr. Gokul G .N
  Required : 1 theory period(s)
  Conflicts:
    • division CS4 timetable completely full on: Mon, Tue, Wed, Fri
WARNING:timetable_generator_engine:Cannot place theory period:
  Subject  : Computer Networks
  Division : CS1
  Teacher  : Ms. Annamol Eldho
  Required : 1 theory period(s)
  Conflicts:
    • division CS1 timetable completely full on: Mon, Tue, Thu, Fri
INFO:timetable_generator_engine:  [relaxed pass] Computer Networks / CS4: placing 1 missing period(s)
WARNING:timetable_generator_engine:  [relaxed pass sub2] Computer Networks / CS4 placed on Thursday P7 (theory-cap relaxed as last resort — check teacher load balance)
INFO:timetable_generator_engine:  [relaxed pass] Computer Networks / CS1: placing 1 missing period(s)
WARNING:timetable_generator_engine:  [relaxed pass sub2] Computer Networks / CS1 placed on Wednesday P7 (theory-cap relaxed as last resort — check teacher load balance)
INFO:timetable_generator_engine:  Attempt 36 (seed=36655) score: 79/100
INFO:timetable_generator_engine:Greedy attempt 37/80 …
WARNING:timetable_generator_engine:Cannot place theory period:
  Subject  : Formal Languages and Automata Theory
  Division : CS2
  Teacher  : Dr. Deepa K.
  Required : 1 theory period(s)
  Conflicts:
    • division CS2 timetable completely full on: Mon, Tue, Wed, Fri
WARNING:timetable_generator_engine:Cannot place theory period:
  Subject  : Computer Networks
  Division : CS4
  Teacher  : Dr. Gokul G .N
  Required : 1 theory period(s)
  Conflicts:
    • division CS4 timetable completely full on: Tue, Wed, Thu, Fri
WARNING:timetable_generator_engine:Cannot place theory period:
  Subject  : Computer Networks
  Division : CS4
  Teacher  : Dr. Gokul G .N
  Required : 1 theory period(s)
  Conflicts:
    • division CS4 timetable completely full on: Tue, Wed, Thu, Fri
INFO:timetable_generator_engine:  [relaxed pass] Formal Languages and Automata Theory / CS2: placing 1 missing period(s)
WARNING:timetable_generator_engine:  [relaxed pass sub2] Formal Languages and Automata Theory / CS2 placed on Thursday P7 (theory-cap relaxed as last resort — check teacher load balance)
INFO:timetable_generator_engine:  [relaxed pass] Computer Networks / CS4: placing 2 missing period(s)
WARNING:timetable_generator_engine:  [relaxed pass sub2] Computer Networks / CS4 placed on Monday P6 (theory-cap relaxed as last resort — check teacher load balance)
WARNING:timetable_generator_engine:  [relaxed pass sub2] Computer Networks / CS4 placed on Monday P7 (theory-cap relaxed as last resort — check teacher load balance)
INFO:timetable_generator_engine:  Attempt 37 (seed=885341) score: 79/100
INFO:timetable_generator_engine:Greedy attempt 38/80 …
WARNING:timetable_generator_engine:Cannot place theory period:
  Subject  : Microprocessors and Microcontrollers
  Division : CS4
  Teacher  : Ms. Neethu Roy
  Required : 1 theory period(s)
  Conflicts:
    • division CS4 timetable completely full on: Mon, Tue, Wed, Fri
WARNING:timetable_generator_engine:Cannot place theory period:
  Subject  : Computer Networks
  Division : CS1
  Teacher  : Ms. Annamol Eldho
  Required : 1 theory period(s)
  Conflicts:
    • division CS1 timetable completely full on: Tue, Wed, Thu, Fri
WARNING:timetable_generator_engine:Cannot place theory period:
  Subject  : Computer Networks
  Division : CS3
  Teacher  : Ms.Rini Joy
  Required : 1 theory period(s)
  Conflicts:
    • division CS3 timetable completely full on: Mon, Tue, Thu, Fri
INFO:timetable_generator_engine:  [relaxed pass] Microprocessors and Microcontrollers / CS4: placing 1 missing period(s)
WARNING:timetable_generator_engine:  [relaxed pass sub2] Microprocessors and Microcontrollers / CS4 placed on Thursday P7 (theory-cap relaxed as last resort — check teacher load balance)
INFO:timetable_generator_engine:  [relaxed pass] Computer Networks / CS1: placing 1 missing period(s)
WARNING:timetable_generator_engine:  [relaxed pass sub2] Computer Networks / CS1 placed on Monday P2 (theory-cap relaxed as last resort — check teacher load balance)
INFO:timetable_generator_engine:  [relaxed pass] Computer Networks / CS3: placing 1 missing period(s)
WARNING:timetable_generator_engine:  [relaxed pass sub2] Computer Networks / CS3 placed on Wednesday P6 (theory-cap relaxed as last resort — check teacher load balance)
INFO:timetable_generator_engine:  Attempt 38 (seed=665156) score: 79/100
INFO:timetable_generator_engine:Greedy attempt 39/80 …
WARNING:timetable_generator_engine:Cannot place theory period:
  Subject  : Computer Networks
  Division : CS4
  Teacher  : Dr. Gokul G .N
  Required : 1 theory period(s)
  Conflicts:
    • division CS4 timetable completely full on: Mon, Tue, Wed, Fri
INFO:timetable_generator_engine:  [relaxed pass] Computer Networks / CS4: placing 1 missing period(s)
WARNING:timetable_generator_engine:  [relaxed pass sub2] Computer Networks / CS4 placed on Thursday P6 (theory-cap relaxed as last resort — check teacher load balance)
INFO:timetable_generator_engine:  Attempt 39 (seed=333086) score: 81/100
INFO:timetable_generator_engine:Greedy attempt 40/80 …
WARNING:timetable_generator_engine:Cannot place theory period:
  Subject  : Computer Networks
  Division : CS1
  Teacher  : Ms. Annamol Eldho
  Required : 1 theory period(s)
  Conflicts:
    • division CS1 timetable completely full on: Mon, Wed, Thu, Fri
WARNING:timetable_generator_engine:Cannot place theory period:
  Subject  : Computer Networks
  Division : CS3
  Teacher  : Ms.Rini Joy
  Required : 1 theory period(s)
  Conflicts:
    • division CS3 timetable completely full on: Tue, Wed, Thu, Fri
INFO:timetable_generator_engine:  [relaxed pass] Computer Networks / CS1: placing 1 missing period(s)
WARNING:timetable_generator_engine:  [relaxed pass sub2] Computer Networks / CS1 placed on Tuesday P7 (theory-cap relaxed as last resort — check teacher load balance)
INFO:timetable_generator_engine:  [relaxed pass] Computer Networks / CS3: placing 1 missing period(s)
WARNING:timetable_generator_engine:  [relaxed pass sub2] Computer Networks / CS3 placed on Monday P6 (theory-cap relaxed as last resort — check teacher load balance)
INFO:timetable_generator_engine:  Attempt 40 (seed=216245) score: 79/100
INFO:timetable_generator_engine:Greedy attempt 41/80 …
WARNING:timetable_generator_engine:Cannot place theory period:
  Subject  : Computer Networks
  Division : CS2
  Teacher  : Ms. Anisha V. Lal
  Required : 1 theory period(s)
  Conflicts:
    • division CS2 timetable completely full on: Mon, Wed, Thu, Fri
WARNING:timetable_generator_engine:Cannot place theory period:
  Subject  : Microprocessors and Microcontrollers
  Division : CS3
  Teacher  : Ms. Smera Thomas
  Required : 1 theory period(s)
  Conflicts:
    • division CS3 timetable completely full on: Mon, Tue, Wed, Fri
WARNING:timetable_generator_engine:Cannot place theory period:
  Subject  : Computer Networks
  Division : CS4
  Teacher  : Dr. Gokul G .N
  Required : 1 theory period(s)
  Conflicts:
    • division CS4 timetable completely full on: Mon, Tue, Thu, Fri
INFO:timetable_generator_engine:  [relaxed pass] Microprocessors and Microcontrollers / CS3: placing 1 missing period(s)
WARNING:timetable_generator_engine:  [relaxed pass sub2] Microprocessors and Microcontrollers / CS3 placed on Thursday P6 (theory-cap relaxed as last resort — check teacher load balance)
INFO:timetable_generator_engine:  [relaxed pass] Computer Networks / CS2: placing 1 missing period(s)
WARNING:timetable_generator_engine:  [relaxed pass sub2] Computer Networks / CS2 placed on Tuesday P6 (theory-cap relaxed as last resort — check teacher load balance)
INFO:timetable_generator_engine:  [relaxed pass] Computer Networks / CS4: placing 1 missing period(s)
WARNING:timetable_generator_engine:  [relaxed pass sub2] Computer Networks / CS4 placed on Wednesday P7 (theory-cap relaxed as last resort — check teacher load balance)
INFO:timetable_generator_engine:  Attempt 41 (seed=72004) score: 79/100
INFO:timetable_generator_engine:Greedy attempt 42/80 …
WARNING:timetable_generator_engine:Cannot place theory period:
  Subject  : Microprocessors and Microcontrollers
  Division : CS1
  Teacher  : Ms.Anugraha Raj
  Required : 1 theory period(s)
  Conflicts:
    • division CS1 timetable completely full on: Mon, Tue, Thu, Fri
WARNING:timetable_generator_engine:Cannot place theory period:
  Subject  : System Software
  Division : CS3
  Teacher  : Ms. Vyshna R. K.
  Required : 1 theory period(s)
  Conflicts:
    • division CS3 timetable completely full on: Tue, Wed, Thu, Fri
WARNING:timetable_generator_engine:Cannot place theory period:
  Subject  : Computer Networks
  Division : CS4
  Teacher  : Dr. Gokul G .N
  Required : 1 theory period(s)
  Conflicts:
    • division CS4 timetable completely full on: Mon, Wed, Thu, Fri
INFO:timetable_generator_engine:  [relaxed pass] Microprocessors and Microcontrollers / CS1: placing 1 missing period(s)
WARNING:timetable_generator_engine:  [relaxed pass sub2] Microprocessors and Microcontrollers / CS1 placed on Wednesday P7 (theory-cap relaxed as last resort — check teacher load balance)
INFO:timetable_generator_engine:  [relaxed pass] Computer Networks / CS4: placing 1 missing period(s)
WARNING:timetable_generator_engine:  [relaxed pass] Cannot place Computer Networks / CS4 even with relaxed cap
INFO:timetable_generator_engine:  [relaxed pass] System Software / CS3: placing 1 missing period(s)
WARNING:timetable_generator_engine:  [relaxed pass sub2] System Software / CS3 placed on Monday P6 (theory-cap relaxed as last resort — check teacher load balance)
INFO:timetable_generator_engine:  Attempt 42 (seed=501873) score: 79/100
INFO:timetable_generator_engine:Greedy attempt 43/80 …
WARNING:timetable_generator_engine:Cannot place theory period:
  Subject  : Computer Networks
  Division : CS2
  Teacher  : Ms. Anisha V. Lal
  Required : 1 theory period(s)
  Conflicts:
    • division CS2 timetable completely full on: Tue, Wed, Thu, Fri
WARNING:timetable_generator_engine:Cannot place theory period:
  Subject  : Microprocessors and Microcontrollers
  Division : CS1
  Teacher  : Ms.Anugraha Raj
  Required : 1 theory period(s)
  Conflicts:
    • division CS1 timetable completely full on: Mon, Tue, Wed, Fri
WARNING:timetable_generator_engine:Cannot place theory period:
  Subject  : Computer Networks
  Division : CS4
  Teacher  : Dr. Gokul G .N
  Required : 1 theory period(s)
  Conflicts:
    • division CS4 timetable completely full on: Mon, Tue, Thu, Fri
INFO:timetable_generator_engine:  [relaxed pass] Computer Networks / CS2: placing 1 missing period(s)
WARNING:timetable_generator_engine:  [relaxed pass sub2] Computer Networks / CS2 placed on Monday P6 (theory-cap relaxed as last resort — check teacher load balance)
INFO:timetable_generator_engine:  [relaxed pass] Computer Networks / CS4: placing 1 missing period(s)
WARNING:timetable_generator_engine:  [relaxed pass sub2] Computer Networks / CS4 placed on Wednesday P7 (theory-cap relaxed as last resort — check teacher load balance)
INFO:timetable_generator_engine:  [relaxed pass] Microprocessors and Microcontrollers / CS1: placing 1 missing period(s)
WARNING:timetable_generator_engine:  [relaxed pass sub2] Microprocessors and Microcontrollers / CS1 placed on Thursday P7 (theory-cap relaxed as last resort — check teacher load balance)
INFO:timetable_generator_engine:  Attempt 43 (seed=378109) score: 79/100
INFO:timetable_generator_engine:Greedy attempt 44/80 …
WARNING:timetable_generator_engine:Cannot place lab block:
  Subject  : System Software and Microprocessors Lab
  Division : CS3
  Teacher  : Ms. Shruthi S
  Required : 3 lab block(s)
  Conflicts:
    • no continuous 3-period block available — per day: Mon(daily cap), Tue(daily cap), Wed(daily cap), Thu(lab already scheduled), Fri(lab already scheduled)
WARNING:timetable_generator_engine:Cannot place theory period:
  Subject  : Computer Networks
  Division : CS2
  Teacher  : Ms. Anisha V. Lal
  Required : 1 theory period(s)
  Conflicts:
    • division CS2 timetable completely full on: Mon, Tue, Wed, Fri
INFO:timetable_generator_engine:  [relaxed pass] Computer Networks / CS2: placing 1 missing period(s)
WARNING:timetable_generator_engine:  [relaxed pass sub2] Computer Networks / CS2 placed on Thursday P6 (theory-cap relaxed as last resort — check teacher load balance)
INFO:timetable_generator_engine:  Attempt 44 (seed=925347) score: 81/100
INFO:timetable_generator_engine:Greedy attempt 45/80 …
WARNING:timetable_generator_engine:Cannot place theory period:
  Subject  : Microprocessors and Microcontrollers
  Division : CS4
  Teacher  : Ms. Neethu Roy
  Required : 1 theory period(s)
  Conflicts:
    • division CS4 timetable completely full on: Mon, Tue, Thu, Fri
INFO:timetable_generator_engine:  [relaxed pass] Microprocessors and Microcontrollers / CS4: placing 1 missing period(s)
WARNING:timetable_generator_engine:  [relaxed pass sub2] Microprocessors and Microcontrollers / CS4 placed on Wednesday P7 (theory-cap relaxed as last resort — check teacher load balance)
INFO:timetable_generator_engine:  Attempt 45 (seed=640664) score: 81/100
INFO:timetable_generator_engine:Greedy attempt 46/80 …
WARNING:timetable_generator_engine:Cannot place theory period:
  Subject  : Computer Networks
  Division : CS1
  Teacher  : Ms. Annamol Eldho
  Required : 1 theory period(s)
  Conflicts:
    • division CS1 timetable completely full on: Mon, Tue, Thu, Fri
WARNING:timetable_generator_engine:Cannot place theory period:
  Subject  : Microprocessors and Microcontrollers
  Division : CS2
  Teacher  : Ms. Doney Daniel
  Required : 1 theory period(s)
  Conflicts:
    • division CS2 timetable completely full on: Mon, Tue, Wed, Fri
WARNING:timetable_generator_engine:Cannot place theory period:
  Subject  : Computer Networks
  Division : CS4
  Teacher  : Dr. Gokul G .N
  Required : 1 theory period(s)
  Conflicts:
    • division CS4 timetable completely full on: Mon, Tue, Wed, Thu
INFO:timetable_generator_engine:  [relaxed pass] Computer Networks / CS1: placing 1 missing period(s)
WARNING:timetable_generator_engine:  [relaxed pass sub2] Computer Networks / CS1 placed on Wednesday P7 (theory-cap relaxed as last resort — check teacher load balance)
INFO:timetable_generator_engine:  [relaxed pass] Computer Networks / CS4: placing 1 missing period(s)
WARNING:timetable_generator_engine:  [relaxed pass] Cannot place Computer Networks / CS4 even with relaxed cap
INFO:timetable_generator_engine:  [relaxed pass] Microprocessors and Microcontrollers / CS2: placing 1 missing period(s)
WARNING:timetable_generator_engine:  [relaxed pass sub2] Microprocessors and Microcontrollers / CS2 placed on Thursday P6 (theory-cap relaxed as last resort — check teacher load balance)
INFO:timetable_generator_engine:  Attempt 46 (seed=896358) score: 79/100
INFO:timetable_generator_engine:Greedy attempt 47/80 …
WARNING:timetable_generator_engine:Cannot place theory period:
  Subject  : Computer Networks
  Division : CS4
  Teacher  : Dr. Gokul G .N
  Required : 1 theory period(s)
  Conflicts:
    • division CS4 timetable completely full on: Mon, Tue, Wed, Fri
WARNING:timetable_generator_engine:Cannot place theory period:
  Subject  : Microprocessors and Microcontrollers
  Division : CS2
  Teacher  : Ms. Doney Daniel
  Required : 1 theory period(s)
  Conflicts:
    • division CS2 timetable completely full on: Mon, Wed, Thu, Fri
WARNING:timetable_generator_engine:Cannot place theory period:
  Subject  : Computer Networks
  Division : CS1
  Teacher  : Ms. Annamol Eldho
  Required : 1 theory period(s)
  Conflicts:
    • division CS1 timetable completely full on: Mon, Tue, Thu, Fri
INFO:timetable_generator_engine:  [relaxed pass] Computer Networks / CS4: placing 1 missing period(s)
WARNING:timetable_generator_engine:  [relaxed pass] Cannot place Computer Networks / CS4 even with relaxed cap
INFO:timetable_generator_engine:  [relaxed pass] Computer Networks / CS1: placing 1 missing period(s)
WARNING:timetable_generator_engine:  [relaxed pass sub2] Computer Networks / CS1 placed on Wednesday P7 (theory-cap relaxed as last resort — check teacher load balance)
INFO:timetable_generator_engine:  [relaxed pass] Microprocessors and Microcontrollers / CS2: placing 1 missing period(s)
WARNING:timetable_generator_engine:  [relaxed pass sub2] Microprocessors and Microcontrollers / CS2 placed on Tuesday P6 (theory-cap relaxed as last resort — check teacher load balance)
INFO:timetable_generator_engine:  Attempt 47 (seed=201169) score: 77/100
INFO:timetable_generator_engine:Greedy attempt 48/80 …
WARNING:timetable_generator_engine:Cannot place theory period:
  Subject  : Microprocessors and Microcontrollers
  Division : CS4
  Teacher  : Ms. Neethu Roy
  Required : 1 theory period(s)
  Conflicts:
    • division CS4 timetable completely full on: Mon, Wed, Thu, Fri
WARNING:timetable_generator_engine:Cannot place theory period:
  Subject  : Microprocessors and Microcontrollers
  Division : CS2
  Teacher  : Ms. Doney Daniel
  Required : 1 theory period(s)
  Conflicts:
    • division CS2 timetable completely full on: Mon, Tue, Wed, Fri
WARNING:timetable_generator_engine:Cannot place theory period:
  Subject  : Computer Networks
  Division : CS1
  Teacher  : Ms. Annamol Eldho
  Required : 1 theory period(s)
  Conflicts:
    • division CS1 timetable completely full on: Mon, Tue, Thu, Fri
INFO:timetable_generator_engine:  [relaxed pass] Computer Networks / CS1: placing 1 missing period(s)
WARNING:timetable_generator_engine:  [relaxed pass sub2] Computer Networks / CS1 placed on Wednesday P7 (theory-cap relaxed as last resort — check teacher load balance)
INFO:timetable_generator_engine:  [relaxed pass] Microprocessors and Microcontrollers / CS4: placing 1 missing period(s)
WARNING:timetable_generator_engine:  [relaxed pass sub2] Microprocessors and Microcontrollers / CS4 placed on Tuesday P7 (theory-cap relaxed as last resort — check teacher load balance)
INFO:timetable_generator_engine:  [relaxed pass] Microprocessors and Microcontrollers / CS2: placing 1 missing period(s)
WARNING:timetable_generator_engine:  [relaxed pass sub2] Microprocessors and Microcontrollers / CS2 placed on Thursday P6 (theory-cap relaxed as last resort — check teacher load balance)
INFO:timetable_generator_engine:  Attempt 48 (seed=218347) score: 79/100
INFO:timetable_generator_engine:Greedy attempt 49/80 …
WARNING:timetable_generator_engine:Cannot place theory period:
  Subject  : Computer Networks
  Division : CS2
  Teacher  : Ms. Anisha V. Lal
  Required : 1 theory period(s)
  Conflicts:
    • division CS2 timetable completely full on: Tue, Wed, Thu, Fri
WARNING:timetable_generator_engine:Cannot place theory period:
  Subject  : Formal Languages and Automata Theory
  Division : CS3
  Teacher  : Dr. Noora V. T.
  Required : 1 theory period(s)
  Conflicts:
    • division CS3 timetable completely full on: Mon, Tue, Wed, Fri
WARNING:timetable_generator_engine:Cannot place theory period:
  Subject  : Computer Networks
  Division : CS4
  Teacher  : Dr. Gokul G .N
  Required : 1 theory period(s)
  Conflicts:
    • division CS4 timetable completely full on: Mon, Tue, Thu, Fri
INFO:timetable_generator_engine:  [relaxed pass] Computer Networks / CS2: placing 1 missing period(s)
WARNING:timetable_generator_engine:  [relaxed pass sub2] Computer Networks / CS2 placed on Monday P6 (theory-cap relaxed as last resort — check teacher load balance)
INFO:timetable_generator_engine:  [relaxed pass] Computer Networks / CS4: placing 1 missing period(s)
WARNING:timetable_generator_engine:  [relaxed pass sub2] Computer Networks / CS4 placed on Wednesday P7 (theory-cap relaxed as last resort — check teacher load balance)
INFO:timetable_generator_engine:  [relaxed pass] Formal Languages and Automata Theory / CS3: placing 1 missing period(s)
WARNING:timetable_generator_engine:  [relaxed pass sub2] Formal Languages and Automata Theory / CS3 placed on Thursday P6 (theory-cap relaxed as last resort — check teacher load balance)
INFO:timetable_generator_engine:  Attempt 49 (seed=64727) score: 77/100
INFO:timetable_generator_engine:Greedy attempt 50/80 …
WARNING:timetable_generator_engine:Cannot place theory period:
  Subject  : Computer Networks
  Division : CS2
  Teacher  : Ms. Anisha V. Lal
  Required : 1 theory period(s)
  Conflicts:
    • division CS2 timetable completely full on: Mon, Tue, Thu, Fri
INFO:timetable_generator_engine:  [relaxed pass] Computer Networks / CS2: placing 1 missing period(s)
WARNING:timetable_generator_engine:  [relaxed pass sub2] Computer Networks / CS2 placed on Wednesday P6 (theory-cap relaxed as last resort — check teacher load balance)
INFO:timetable_generator_engine:  Attempt 50 (seed=328369) score: 81/100
INFO:timetable_generator_engine:Greedy attempt 51/80 …
WARNING:timetable_generator_engine:Cannot place theory period:
  Subject  : Computer Networks
  Division : CS3
  Teacher  : Ms.Rini Joy
  Required : 1 theory period(s)
  Conflicts:
    • division CS3 timetable completely full on: Mon, Tue, Fri
WARNING:timetable_generator_engine:Cannot place theory period:
  Subject  : Computer Networks
  Division : CS3
  Teacher  : Ms.Rini Joy
  Required : 1 theory period(s)
  Conflicts:
    • division CS3 timetable completely full on: Mon, Tue, Fri
INFO:timetable_generator_engine:  [relaxed pass] Computer Networks / CS3: placing 2 missing period(s)
WARNING:timetable_generator_engine:  [relaxed pass sub2] Computer Networks / CS3 placed on Wednesday P6 (theory-cap relaxed as last resort — check teacher load balance)
WARNING:timetable_generator_engine:  [relaxed pass sub2] Computer Networks / CS3 placed on Thursday P6 (theory-cap relaxed as last resort — check teacher load balance)
INFO:timetable_generator_engine:  Attempt 51 (seed=835658) score: 79/100
INFO:timetable_generator_engine:Greedy attempt 52/80 …
WARNING:timetable_generator_engine:Cannot place theory period:
  Subject  : Computer Networks
  Division : CS1
  Teacher  : Ms. Annamol Eldho
  Required : 1 theory period(s)
  Conflicts:
    • division CS1 timetable completely full on: Mon, Tue, Wed, Fri
INFO:timetable_generator_engine:  [relaxed pass] Computer Networks / CS1: placing 1 missing period(s)
WARNING:timetable_generator_engine:  [relaxed pass sub2] Computer Networks / CS1 placed on Thursday P7 (theory-cap relaxed as last resort — check teacher load balance)
INFO:timetable_generator_engine:  Attempt 52 (seed=325883) score: 79/100
INFO:timetable_generator_engine:Greedy attempt 53/80 …
INFO:timetable_generator_engine:  Attempt 53 (seed=768373) score: 83/100
INFO:timetable_generator_engine:Greedy attempt 54/80 …
WARNING:timetable_generator_engine:Cannot place theory period:
  Subject  : Computer Networks
  Division : CS1
  Teacher  : Ms. Annamol Eldho
  Required : 1 theory period(s)
  Conflicts:
    • division CS1 timetable completely full on: Mon, Tue, Thu, Fri
WARNING:timetable_generator_engine:Cannot place theory period:
  Subject  : Computer Networks
  Division : CS1
  Teacher  : Ms. Annamol Eldho
  Required : 1 theory period(s)
  Conflicts:
    • division CS1 timetable completely full on: Mon, Tue, Thu, Fri
WARNING:timetable_generator_engine:Cannot place theory period:
  Subject  : Formal Languages and Automata Theory
  Division : CS2
  Teacher  : Dr. Deepa K.
  Required : 1 theory period(s)
  Conflicts:
    • division CS2 timetable completely full on: Mon, Tue, Wed, Fri
WARNING:timetable_generator_engine:Cannot place theory period:
  Subject  : Computer Networks
  Division : CS4
  Teacher  : Dr. Gokul G .N
  Required : 1 theory period(s)
  Conflicts:
    • division CS4 timetable completely full on: Mon, Wed, Thu, Fri
INFO:timetable_generator_engine:  [relaxed pass] Computer Networks / CS1: placing 2 missing period(s)
WARNING:timetable_generator_engine:  [relaxed pass sub2] Computer Networks / CS1 placed on Wednesday P2 (theory-cap relaxed as last resort — check teacher load balance)
WARNING:timetable_generator_engine:  [relaxed pass sub2] Computer Networks / CS1 placed on Wednesday P7 (theory-cap relaxed as last resort — check teacher load balance)
INFO:timetable_generator_engine:  [relaxed pass] Formal Languages and Automata Theory / CS2: placing 1 missing period(s)
WARNING:timetable_generator_engine:  [relaxed pass sub2] Formal Languages and Automata Theory / CS2 placed on Thursday P6 (theory-cap relaxed as last resort — check teacher load balance)
INFO:timetable_generator_engine:  [relaxed pass] Computer Networks / CS4: placing 1 missing period(s)
WARNING:timetable_generator_engine:  [relaxed pass sub2] Computer Networks / CS4 placed on Tuesday P7 (theory-cap relaxed as last resort — check teacher load balance)
INFO:timetable_generator_engine:  Attempt 54 (seed=455330) score: 77/100
INFO:timetable_generator_engine:Greedy attempt 55/80 …
WARNING:timetable_generator_engine:Cannot place theory period:
  Subject  : Microprocessors and Microcontrollers
  Division : CS4
  Teacher  : Ms. Neethu Roy
  Required : 1 theory period(s)
  Conflicts:
    • division CS4 timetable completely full on: Mon, Tue, Wed, Fri
INFO:timetable_generator_engine:  [relaxed pass] Microprocessors and Microcontrollers / CS4: placing 1 missing period(s)
WARNING:timetable_generator_engine:  [relaxed pass sub2] Microprocessors and Microcontrollers / CS4 placed on Thursday P7 (theory-cap relaxed as last resort — check teacher load balance)
INFO:timetable_generator_engine:  Attempt 55 (seed=482010) score: 79/100
INFO:timetable_generator_engine:Greedy attempt 56/80 …
WARNING:timetable_generator_engine:Cannot place theory period:
  Subject  : Formal Languages and Automata Theory
  Division : CS2
  Teacher  : Dr. Deepa K.
  Required : 1 theory period(s)
  Conflicts:
    • division CS2 timetable completely full on: Mon, Wed, Thu, Fri
WARNING:timetable_generator_engine:Cannot place theory period:
  Subject  : Computer Networks
  Division : CS3
  Teacher  : Ms.Rini Joy
  Required : 1 theory period(s)
  Conflicts:
    • division CS3 timetable completely full on: Tue, Wed, Thu, Fri
INFO:timetable_generator_engine:  [relaxed pass] Computer Networks / CS3: placing 1 missing period(s)
WARNING:timetable_generator_engine:  [relaxed pass sub2] Computer Networks / CS3 placed on Monday P6 (theory-cap relaxed as last resort — check teacher load balance)
INFO:timetable_generator_engine:  [relaxed pass] Formal Languages and Automata Theory / CS2: placing 1 missing period(s)
WARNING:timetable_generator_engine:  [relaxed pass sub2] Formal Languages and Automata Theory / CS2 placed on Tuesday P6 (theory-cap relaxed as last resort — check teacher load balance)
INFO:timetable_generator_engine:  Attempt 56 (seed=105404) score: 79/100
INFO:timetable_generator_engine:Greedy attempt 57/80 …
INFO:timetable_generator_engine:  Attempt 57 (seed=296031) score: 83/100
INFO:timetable_generator_engine:Greedy attempt 58/80 …
WARNING:timetable_generator_engine:Cannot place theory period:
  Subject  : Computer Networks
  Division : CS4
  Teacher  : Dr. Gokul G .N
  Required : 1 theory period(s)
  Conflicts:
    • division CS4 timetable completely full on: Tue, Wed, Fri
WARNING:timetable_generator_engine:Cannot place theory period:
  Subject  : Computer Networks
  Division : CS4
  Teacher  : Dr. Gokul G .N
  Required : 1 theory period(s)
  Conflicts:
    • division CS4 timetable completely full on: Tue, Wed, Fri
WARNING:timetable_generator_engine:Cannot place theory period:
  Subject  : Computer Networks
  Division : CS1
  Teacher  : Ms. Annamol Eldho
  Required : 1 theory period(s)
  Conflicts:
    • division CS1 timetable completely full on: Mon, Wed, Thu
WARNING:timetable_generator_engine:Cannot place theory period:
  Subject  : Computer Networks
  Division : CS1
  Teacher  : Ms. Annamol Eldho
  Required : 1 theory period(s)
  Conflicts:
    • division CS1 timetable completely full on: Mon, Wed, Thu
INFO:timetable_generator_engine:  [relaxed pass] Computer Networks / CS4: placing 2 missing period(s)
WARNING:timetable_generator_engine:  [relaxed pass sub2] Computer Networks / CS4 placed on Monday P7 (theory-cap relaxed as last resort — check teacher load balance)
WARNING:timetable_generator_engine:  [relaxed pass sub2] Computer Networks / CS4 placed on Thursday P7 (theory-cap relaxed as last resort — check teacher load balance)
INFO:timetable_generator_engine:  [relaxed pass] Computer Networks / CS1: placing 2 missing period(s)
WARNING:timetable_generator_engine:  [relaxed pass sub2] Computer Networks / CS1 placed on Tuesday P7 (theory-cap relaxed as last resort — check teacher load balance)
WARNING:timetable_generator_engine:  [relaxed pass sub2] Computer Networks / CS1 placed on Friday P6 (theory-cap relaxed as last resort — check teacher load balance)
INFO:timetable_generator_engine:  Attempt 58 (seed=509194) score: 79/100
INFO:timetable_generator_engine:Greedy attempt 59/80 …
WARNING:timetable_generator_engine:Cannot place theory period:
  Subject  : Computer Networks
  Division : CS4
  Teacher  : Dr. Gokul G .N
  Required : 1 theory period(s)
  Conflicts:
    • division CS4 timetable completely full on: Mon, Tue, Thu, Fri
INFO:timetable_generator_engine:  [relaxed pass] Computer Networks / CS4: placing 1 missing period(s)
WARNING:timetable_generator_engine:  [relaxed pass] Cannot place Computer Networks / CS4 even with relaxed cap
INFO:timetable_generator_engine:  Attempt 59 (seed=973170) score: 83/100
INFO:timetable_generator_engine:Greedy attempt 60/80 …
WARNING:timetable_generator_engine:Cannot place theory period:
  Subject  : Microprocessors and Microcontrollers
  Division : CS4
  Teacher  : Ms. Neethu Roy
  Required : 1 theory period(s)
  Conflicts:
    • division CS4 timetable completely full on: Mon, Tue, Wed, Fri
WARNING:timetable_generator_engine:Cannot place theory period:
  Subject  : Microprocessors and Microcontrollers
  Division : CS3
  Teacher  : Ms. Smera Thomas
  Required : 1 theory period(s)
  Conflicts:
    • division CS3 timetable completely full on: Tue, Wed, Thu, Fri
INFO:timetable_generator_engine:  [relaxed pass] Microprocessors and Microcontrollers / CS4: placing 1 missing period(s)
WARNING:timetable_generator_engine:  [relaxed pass sub2] Microprocessors and Microcontrollers / CS4 placed on Thursday P7 (theory-cap relaxed as last resort — check teacher load balance)
INFO:timetable_generator_engine:  [relaxed pass] Microprocessors and Microcontrollers / CS3: placing 1 missing period(s)
WARNING:timetable_generator_engine:  [relaxed pass sub2] Microprocessors and Microcontrollers / CS3 placed on Monday P6 (theory-cap relaxed as last resort — check teacher load balance)
INFO:timetable_generator_engine:  Attempt 60 (seed=16356) score: 79/100
INFO:timetable_generator_engine:Greedy attempt 61/80 …
WARNING:timetable_generator_engine:Cannot place theory period:
  Subject  : Microprocessors and Microcontrollers
  Division : CS3
  Teacher  : Ms. Smera Thomas
  Required : 1 theory period(s)
  Conflicts:
    • division CS3 timetable completely full on: Mon, Tue, Thu, Fri
INFO:timetable_generator_engine:  [relaxed pass] Microprocessors and Microcontrollers / CS3: placing 1 missing period(s)
WARNING:timetable_generator_engine:  [relaxed pass sub2] Microprocessors and Microcontrollers / CS3 placed on Wednesday P6 (theory-cap relaxed as last resort — check teacher load balance)
INFO:timetable_generator_engine:  Attempt 61 (seed=766912) score: 81/100
INFO:timetable_generator_engine:Greedy attempt 62/80 …
WARNING:timetable_generator_engine:Cannot place theory period:
  Subject  : Microprocessors and Microcontrollers
  Division : CS4
  Teacher  : Ms. Neethu Roy
  Required : 1 theory period(s)
  Conflicts:
    • division CS4 timetable completely full on: Mon, Wed, Thu, Fri
WARNING:timetable_generator_engine:Cannot place theory period:
  Subject  : Formal Languages and Automata Theory
  Division : CS2
  Teacher  : Dr. Deepa K.
  Required : 1 theory period(s)
  Conflicts:
    • division CS2 timetable completely full on: Mon, Tue, Thu, Fri
WARNING:timetable_generator_engine:Cannot place theory period:
  Subject  : Computer Networks
  Division : CS1
  Teacher  : Ms. Annamol Eldho
  Required : 1 theory period(s)
  Conflicts:
    • division CS1 timetable completely full on: Mon, Tue, Wed, Fri
INFO:timetable_generator_engine:  [relaxed pass] Microprocessors and Microcontrollers / CS4: placing 1 missing period(s)
WARNING:timetable_generator_engine:  [relaxed pass sub2] Microprocessors and Microcontrollers / CS4 placed on Tuesday P7 (theory-cap relaxed as last resort — check teacher load balance)
INFO:timetable_generator_engine:  [relaxed pass] Formal Languages and Automata Theory / CS2: placing 1 missing period(s)
WARNING:timetable_generator_engine:  [relaxed pass sub2] Formal Languages and Automata Theory / CS2 placed on Wednesday P7 (theory-cap relaxed as last resort — check teacher load balance)
INFO:timetable_generator_engine:  [relaxed pass] Computer Networks / CS1: placing 1 missing period(s)
WARNING:timetable_generator_engine:  [relaxed pass sub2] Computer Networks / CS1 placed on Thursday P7 (theory-cap relaxed as last resort — check teacher load balance)
INFO:timetable_generator_engine:  Attempt 62 (seed=704873) score: 79/100
INFO:timetable_generator_engine:Greedy attempt 63/80 …
WARNING:timetable_generator_engine:Cannot place lab block:
  Subject  : Miniproject
  Division : CS4
  Teacher  : Dr. Dhanya K. A.
  Required : 3 lab block(s)
  Conflicts:
    • no continuous 3-period block available — per day: Mon(daily cap), Tue(daily cap), Wed(daily cap), Thu(lab already scheduled), Fri(lab already scheduled)
INFO:timetable_generator_engine:  Attempt 63 (seed=704913) score: 83/100
INFO:timetable_generator_engine:Greedy attempt 64/80 …
WARNING:timetable_generator_engine:Cannot place theory period:
  Subject  : Microprocessors and Microcontrollers
  Division : CS4
  Teacher  : Ms. Neethu Roy
  Required : 1 theory period(s)
  Conflicts:
    • division CS4 timetable completely full on: Tue, Wed, Thu, Fri
WARNING:timetable_generator_engine:Cannot place theory period:
  Subject  : Computer Networks
  Division : CS2
  Teacher  : Ms. Anisha V. Lal
  Required : 1 theory period(s)
  Conflicts:
    • division CS2 timetable completely full on: Mon, Tue, Wed, Fri
WARNING:timetable_generator_engine:Cannot place theory period:
  Subject  : Formal Languages and Automata Theory
  Division : CS3
  Teacher  : Dr. Noora V. T.
  Required : 1 theory period(s)
  Conflicts:
    • division CS3 timetable completely full on: Mon, Tue, Wed, Fri
WARNING:timetable_generator_engine:Cannot place theory period:
  Subject  : Computer Networks
  Division : CS1
  Teacher  : Ms. Annamol Eldho
  Required : 1 theory period(s)
  Conflicts:
    • division CS1 timetable completely full on: Mon, Tue, Thu, Fri
WARNING:timetable_generator_engine:Cannot place theory period:
  Subject  : Computer Networks
  Division : CS1
  Teacher  : Ms. Annamol Eldho
  Required : 1 theory period(s)
  Conflicts:
    • division CS1 timetable completely full on: Mon, Tue, Thu, Fri
INFO:timetable_generator_engine:  [relaxed pass] Microprocessors and Microcontrollers / CS4: placing 1 missing period(s)
WARNING:timetable_generator_engine:  [relaxed pass sub2] Microprocessors and Microcontrollers / CS4 placed on Monday P7 (theory-cap relaxed as last resort — check teacher load balance)
INFO:timetable_generator_engine:  [relaxed pass] Formal Languages and Automata Theory / CS3: placing 1 missing period(s)
WARNING:timetable_generator_engine:  [relaxed pass sub2] Formal Languages and Automata Theory / CS3 placed on Thursday P6 (theory-cap relaxed as last resort — check teacher load balance)
INFO:timetable_generator_engine:  [relaxed pass] Computer Networks / CS2: placing 1 missing period(s)
WARNING:timetable_generator_engine:  [relaxed pass sub2] Computer Networks / CS2 placed on Thursday P6 (theory-cap relaxed as last resort — check teacher load balance)
INFO:timetable_generator_engine:  [relaxed pass] Computer Networks / CS1: placing 2 missing period(s)
WARNING:timetable_generator_engine:  [relaxed pass sub2] Computer Networks / CS1 placed on Wednesday P5 (theory-cap relaxed as last resort — check teacher load balance)
WARNING:timetable_generator_engine:  [relaxed pass sub2] Computer Networks / CS1 placed on Wednesday P7 (theory-cap relaxed as last resort — check teacher load balance)
INFO:timetable_generator_engine:  Attempt 64 (seed=139161) score: 79/100
INFO:timetable_generator_engine:Greedy attempt 65/80 …
WARNING:timetable_generator_engine:Cannot place theory period:
  Subject  : Computer Networks
  Division : CS4
  Teacher  : Dr. Gokul G .N
  Required : 1 theory period(s)
  Conflicts:
    • division CS4 timetable completely full on: Mon, Tue, Wed, Fri
INFO:timetable_generator_engine:  [relaxed pass] Computer Networks / CS4: placing 1 missing period(s)
WARNING:timetable_generator_engine:  [relaxed pass sub2] Computer Networks / CS4 placed on Thursday P7 (theory-cap relaxed as last resort — check teacher load balance)
INFO:timetable_generator_engine:  Attempt 65 (seed=791629) score: 81/100
INFO:timetable_generator_engine:Greedy attempt 66/80 …
WARNING:timetable_generator_engine:Cannot place theory period:
  Subject  : Computer Networks
  Division : CS3
  Teacher  : Ms.Rini Joy
  Required : 1 theory period(s)
  Conflicts:
    • division CS3 timetable completely full on: Mon, Tue, Thu, Fri
WARNING:timetable_generator_engine:Cannot place theory period:
  Subject  : Computer Networks
  Division : CS4
  Teacher  : Dr. Gokul G .N
  Required : 1 theory period(s)
  Conflicts:
    • division CS4 timetable completely full on: Tue, Wed, Fri
WARNING:timetable_generator_engine:Cannot place theory period:
  Subject  : Computer Networks
  Division : CS4
  Teacher  : Dr. Gokul G .N
  Required : 1 theory period(s)
  Conflicts:
    • division CS4 timetable completely full on: Tue, Wed, Fri
INFO:timetable_generator_engine:  [relaxed pass] Computer Networks / CS3: placing 1 missing period(s)
WARNING:timetable_generator_engine:  [relaxed pass sub2] Computer Networks / CS3 placed on Wednesday P6 (theory-cap relaxed as last resort — check teacher load balance)
INFO:timetable_generator_engine:  [relaxed pass] Computer Networks / CS4: placing 2 missing period(s)
WARNING:timetable_generator_engine:  [relaxed pass sub2] Computer Networks / CS4 placed on Monday P7 (theory-cap relaxed as last resort — check teacher load balance)
WARNING:timetable_generator_engine:  [relaxed pass] Cannot place Computer Networks / CS4 even with relaxed cap
INFO:timetable_generator_engine:  Attempt 66 (seed=811698) score: 79/100
INFO:timetable_generator_engine:Greedy attempt 67/80 …
WARNING:timetable_generator_engine:Cannot place theory period:
  Subject  : Computer Networks
  Division : CS4
  Teacher  : Dr. Gokul G .N
  Required : 1 theory period(s)
  Conflicts:
    • division CS4 timetable completely full on: Mon, Wed, Thu, Fri
INFO:timetable_generator_engine:  [relaxed pass] Computer Networks / CS4: placing 1 missing period(s)
WARNING:timetable_generator_engine:  [relaxed pass sub2] Computer Networks / CS4 placed on Tuesday P7 (theory-cap relaxed as last resort — check teacher load balance)
INFO:timetable_generator_engine:  Attempt 67 (seed=816507) score: 81/100
INFO:timetable_generator_engine:Greedy attempt 68/80 …
WARNING:timetable_generator_engine:Cannot place theory period:
  Subject  : Computer Networks
  Division : CS3
  Teacher  : Ms.Rini Joy
  Required : 1 theory period(s)
  Conflicts:
    • division CS3 timetable completely full on: Mon, Tue, Wed, Thu
WARNING:timetable_generator_engine:Cannot place theory period:
  Subject  : Computer Networks
  Division : CS1
  Teacher  : Ms. Annamol Eldho
  Required : 1 theory period(s)
  Conflicts:
    • division CS1 timetable completely full on: Mon, Tue, Wed, Fri
INFO:timetable_generator_engine:  [relaxed pass] Computer Networks / CS3: placing 1 missing period(s)
WARNING:timetable_generator_engine:  [relaxed pass sub2] Computer Networks / CS3 placed on Friday P5 (theory-cap relaxed as last resort — check teacher load balance)
INFO:timetable_generator_engine:  [relaxed pass] Computer Networks / CS1: placing 1 missing period(s)
WARNING:timetable_generator_engine:  [relaxed pass sub2] Computer Networks / CS1 placed on Thursday P7 (theory-cap relaxed as last resort — check teacher load balance)
INFO:timetable_generator_engine:  Attempt 68 (seed=206688) score: 77/100
INFO:timetable_generator_engine:Greedy attempt 69/80 …
WARNING:timetable_generator_engine:Cannot place theory period:
  Subject  : Formal Languages and Automata Theory
  Division : CS2
  Teacher  : Dr. Deepa K.
  Required : 1 theory period(s)
  Conflicts:
    • division CS2 timetable completely full on: Mon, Tue, Thu, Fri
WARNING:timetable_generator_engine:Cannot place theory period:
  Subject  : Formal Languages and Automata Theory
  Division : CS3
  Teacher  : Dr. Noora V. T.
  Required : 1 theory period(s)
  Conflicts:
    • division CS3 timetable completely full on: Tue, Wed, Thu, Fri
INFO:timetable_generator_engine:  [relaxed pass] Formal Languages and Automata Theory / CS2: placing 1 missing period(s)
WARNING:timetable_generator_engine:  [relaxed pass sub2] Formal Languages and Automata Theory / CS2 placed on Wednesday P6 (theory-cap relaxed as last resort — check teacher load balance)
INFO:timetable_generator_engine:  [relaxed pass] Formal Languages and Automata Theory / CS3: placing 1 missing period(s)
WARNING:timetable_generator_engine:  [relaxed pass sub2] Formal Languages and Automata Theory / CS3 placed on Monday P7 (theory-cap relaxed as last resort — check teacher load balance)
INFO:timetable_generator_engine:  Attempt 69 (seed=178922) score: 79/100
INFO:timetable_generator_engine:Greedy attempt 70/80 …
WARNING:timetable_generator_engine:Cannot place theory period:
  Subject  : Computer Networks
  Division : CS1
  Teacher  : Ms. Annamol Eldho
  Required : 1 theory period(s)
  Conflicts:
    • division CS1 timetable completely full on: Mon, Tue, Thu, Fri
WARNING:timetable_generator_engine:Cannot place theory period:
  Subject  : Formal Languages and Automata Theory
  Division : CS3
  Teacher  : Dr. Noora V. T.
  Required : 1 theory period(s)
  Conflicts:
    • division CS3 timetable completely full on: Mon, Tue, Wed, Fri
WARNING:timetable_generator_engine:Cannot place theory period:
  Subject  : Computer Networks
  Division : CS2
  Teacher  : Ms. Anisha V. Lal
  Required : 1 theory period(s)
  Conflicts:
    • division CS2 timetable completely full on: Mon, Wed, Thu, Fri
INFO:timetable_generator_engine:  [relaxed pass] Formal Languages and Automata Theory / CS3: placing 1 missing period(s)
WARNING:timetable_generator_engine:  [relaxed pass sub2] Formal Languages and Automata Theory / CS3 placed on Thursday P6 (theory-cap relaxed as last resort — check teacher load balance)
INFO:timetable_generator_engine:  [relaxed pass] Computer Networks / CS1: placing 1 missing period(s)
WARNING:timetable_generator_engine:  [relaxed pass sub2] Computer Networks / CS1 placed on Wednesday P1 (theory-cap relaxed as last resort — check teacher load balance)
INFO:timetable_generator_engine:  [relaxed pass] Computer Networks / CS2: placing 1 missing period(s)
WARNING:timetable_generator_engine:  [relaxed pass sub2] Computer Networks / CS2 placed on Tuesday P6 (theory-cap relaxed as last resort — check teacher load balance)
INFO:timetable_generator_engine:  Attempt 70 (seed=492694) score: 79/100
INFO:timetable_generator_engine:Greedy attempt 71/80 …
WARNING:timetable_generator_engine:Cannot place theory period:
  Subject  : Computer Networks
  Division : CS3
  Teacher  : Ms.Rini Joy
  Required : 1 theory period(s)
  Conflicts:
    • division CS3 timetable completely full on: Mon, Tue, Wed, Fri
WARNING:timetable_generator_engine:Cannot place theory period:
  Subject  : Microprocessors and Microcontrollers
  Division : CS1
  Teacher  : Ms.Anugraha Raj
  Required : 1 theory period(s)
  Conflicts:
    • division CS1 timetable completely full on: Mon, Tue, Wed, Fri
WARNING:timetable_generator_engine:Cannot place theory period:
  Subject  : Computer Networks
  Division : CS2
  Teacher  : Ms. Anisha V. Lal
  Required : 1 theory period(s)
  Conflicts:
    • division CS2 timetable completely full on: Mon, Tue, Thu, Fri
INFO:timetable_generator_engine:  [relaxed pass] Microprocessors and Microcontrollers / CS1: placing 1 missing period(s)
WARNING:timetable_generator_engine:  [relaxed pass sub2] Microprocessors and Microcontrollers / CS1 placed on Thursday P7 (theory-cap relaxed as last resort — check teacher load balance)
INFO:timetable_generator_engine:  [relaxed pass] Computer Networks / CS3: placing 1 missing period(s)
WARNING:timetable_generator_engine:  [relaxed pass sub2] Computer Networks / CS3 placed on Thursday P6 (theory-cap relaxed as last resort — check teacher load balance)
INFO:timetable_generator_engine:  [relaxed pass] Computer Networks / CS2: placing 1 missing period(s)
WARNING:timetable_generator_engine:  [relaxed pass sub2] Computer Networks / CS2 placed on Wednesday P6 (theory-cap relaxed as last resort — check teacher load balance)
INFO:timetable_generator_engine:  Attempt 71 (seed=696051) score: 79/100
INFO:timetable_generator_engine:Greedy attempt 72/80 …
WARNING:timetable_generator_engine:Cannot place theory period:
  Subject  : Microprocessors and Microcontrollers
  Division : CS3
  Teacher  : Ms. Smera Thomas
  Required : 1 theory period(s)
  Conflicts:
    • division CS3 timetable completely full on: Mon, Tue, Wed, Fri
INFO:timetable_generator_engine:  [relaxed pass] Microprocessors and Microcontrollers / CS3: placing 1 missing period(s)
WARNING:timetable_generator_engine:  [relaxed pass sub2] Microprocessors and Microcontrollers / CS3 placed on Thursday P6 (theory-cap relaxed as last resort — check teacher load balance)
INFO:timetable_generator_engine:  Attempt 72 (seed=600863) score: 79/100
INFO:timetable_generator_engine:Greedy attempt 73/80 …
WARNING:timetable_generator_engine:Cannot place theory period:
  Subject  : Computer Networks
  Division : CS4
  Teacher  : Dr. Gokul G .N
  Required : 1 theory period(s)
  Conflicts:
    • division CS4 timetable completely full on: Tue, Wed, Thu, Fri
WARNING:timetable_generator_engine:Cannot place theory period:
  Subject  : Formal Languages and Automata Theory
  Division : CS3
  Teacher  : Dr. Noora V. T.
  Required : 1 theory period(s)
  Conflicts:
    • division CS3 timetable completely full on: Mon, Tue, Thu, Fri
INFO:timetable_generator_engine:  [relaxed pass] Computer Networks / CS4: placing 1 missing period(s)
WARNING:timetable_generator_engine:  [relaxed pass sub2] Computer Networks / CS4 placed on Monday P7 (theory-cap relaxed as last resort — check teacher load balance)
INFO:timetable_generator_engine:  [relaxed pass] Formal Languages and Automata Theory / CS3: placing 1 missing period(s)
WARNING:timetable_generator_engine:  [relaxed pass sub2] Formal Languages and Automata Theory / CS3 placed on Wednesday P6 (theory-cap relaxed as last resort — check teacher load balance)
INFO:timetable_generator_engine:  Attempt 73 (seed=858702) score: 77/100
INFO:timetable_generator_engine:Greedy attempt 74/80 …
WARNING:timetable_generator_engine:Cannot place theory period:
  Subject  : Microprocessors and Microcontrollers
  Division : CS1
  Teacher  : Ms.Anugraha Raj
  Required : 1 theory period(s)
  Conflicts:
    • division CS1 timetable completely full on: Mon, Wed, Thu, Fri
INFO:timetable_generator_engine:  [relaxed pass] Microprocessors and Microcontrollers / CS1: placing 1 missing period(s)
WARNING:timetable_generator_engine:  [relaxed pass sub2] Microprocessors and Microcontrollers / CS1 placed on Tuesday P7 (theory-cap relaxed as last resort — check teacher load balance)
INFO:timetable_generator_engine:  Attempt 74 (seed=606539) score: 84/100
INFO:timetable_generator_engine:Greedy attempt 75/80 …
WARNING:timetable_generator_engine:Cannot place theory period:
  Subject  : Microprocessors and Microcontrollers
  Division : CS4
  Teacher  : Ms. Neethu Roy
  Required : 1 theory period(s)
  Conflicts:
    • division CS4 timetable completely full on: Mon, Tue, Wed, Fri
WARNING:timetable_generator_engine:Cannot place theory period:
  Subject  : Computer Networks
  Division : CS1
  Teacher  : Ms. Annamol Eldho
  Required : 1 theory period(s)
  Conflicts:
    • division CS1 timetable completely full on: Mon, Tue, Thu, Fri
INFO:timetable_generator_engine:  [relaxed pass] Microprocessors and Microcontrollers / CS4: placing 1 missing period(s)
WARNING:timetable_generator_engine:  [relaxed pass sub2] Microprocessors and Microcontrollers / CS4 placed on Thursday P7 (theory-cap relaxed as last resort — check teacher load balance)
INFO:timetable_generator_engine:  [relaxed pass] Computer Networks / CS1: placing 1 missing period(s)
WARNING:timetable_generator_engine:  [relaxed pass sub2] Computer Networks / CS1 placed on Wednesday P7 (theory-cap relaxed as last resort — check teacher load balance)
INFO:timetable_generator_engine:  Attempt 75 (seed=687001) score: 79/100
INFO:timetable_generator_engine:Greedy attempt 76/80 …
WARNING:timetable_generator_engine:Cannot place lab block:
  Subject  : System Software and Microprocessors Lab
  Division : CS1
  Teacher  : Ms. Shruthi S
  Required : 3 lab block(s)
  Conflicts:
    • no continuous 3-period block available — per day: Mon(daily cap), Tue(daily cap), Wed(daily cap), Thu(lab already scheduled), Fri(lab already scheduled)
WARNING:timetable_generator_engine:Cannot place theory period:
  Subject  : Computer Networks
  Division : CS2
  Teacher  : Ms. Anisha V. Lal
  Required : 1 theory period(s)
  Conflicts:
    • division CS2 timetable completely full on: Mon, Tue, Wed, Fri
INFO:timetable_generator_engine:  [relaxed pass] Computer Networks / CS2: placing 1 missing period(s)
WARNING:timetable_generator_engine:  [relaxed pass sub2] Computer Networks / CS2 placed on Thursday P6 (theory-cap relaxed as last resort — check teacher load balance)
INFO:timetable_generator_engine:  Attempt 76 (seed=580644) score: 81/100
INFO:timetable_generator_engine:Greedy attempt 77/80 …
WARNING:timetable_generator_engine:Cannot place theory period:
  Subject  : Microprocessors and Microcontrollers
  Division : CS4
  Teacher  : Ms. Neethu Roy
  Required : 1 theory period(s)
  Conflicts:
    • division CS4 timetable completely full on: Mon, Tue, Thu, Fri
WARNING:timetable_generator_engine:Cannot place theory period:
  Subject  : Computer Networks
  Division : CS3
  Teacher  : Ms.Rini Joy
  Required : 1 theory period(s)
  Conflicts:
    • division CS3 timetable completely full on: Tue, Wed, Thu, Fri
INFO:timetable_generator_engine:  [relaxed pass] Microprocessors and Microcontrollers / CS4: placing 1 missing period(s)
WARNING:timetable_generator_engine:  [relaxed pass sub2] Microprocessors and Microcontrollers / CS4 placed on Wednesday P7 (theory-cap relaxed as last resort — check teacher load balance)
INFO:timetable_generator_engine:  [relaxed pass] Computer Networks / CS3: placing 1 missing period(s)
WARNING:timetable_generator_engine:  [relaxed pass sub2] Computer Networks / CS3 placed on Monday P6 (theory-cap relaxed as last resort — check teacher load balance)
INFO:timetable_generator_engine:  Attempt 77 (seed=58827) score: 79/100
INFO:timetable_generator_engine:Greedy attempt 78/80 …
WARNING:timetable_generator_engine:Cannot place theory period:
  Subject  : Microprocessors and Microcontrollers
  Division : CS4
  Teacher  : Ms. Neethu Roy
  Required : 1 theory period(s)
  Conflicts:
    • division CS4 timetable completely full on: Mon, Tue, Wed, Fri
WARNING:timetable_generator_engine:Cannot place theory period:
  Subject  : Computer Networks
  Division : CS2
  Teacher  : Ms. Anisha V. Lal
  Required : 1 theory period(s)
  Conflicts:
    • division CS2 timetable completely full on: Mon, Tue, Thu
WARNING:timetable_generator_engine:Cannot place theory period:
  Subject  : Computer Networks
  Division : CS2
  Teacher  : Ms. Anisha V. Lal
  Required : 1 theory period(s)
  Conflicts:
    • division CS2 timetable completely full on: Mon, Tue, Thu
INFO:timetable_generator_engine:  [relaxed pass] Computer Networks / CS2: placing 2 missing period(s)
WARNING:timetable_generator_engine:  [relaxed pass sub2] Computer Networks / CS2 placed on Friday P5 (theory-cap relaxed as last resort — check teacher load balance)
WARNING:timetable_generator_engine:  [relaxed pass sub2] Computer Networks / CS2 placed on Wednesday P6 (theory-cap relaxed as last resort — check teacher load balance)
INFO:timetable_generator_engine:  [relaxed pass] Microprocessors and Microcontrollers / CS4: placing 1 missing period(s)
WARNING:timetable_generator_engine:  [relaxed pass sub2] Microprocessors and Microcontrollers / CS4 placed on Thursday P7 (theory-cap relaxed as last resort — check teacher load balance)
INFO:timetable_generator_engine:  Attempt 78 (seed=318595) score: 79/100
INFO:timetable_generator_engine:Greedy attempt 79/80 …
WARNING:timetable_generator_engine:Cannot place theory period:
  Subject  : Formal Languages and Automata Theory
  Division : CS3
  Teacher  : Dr. Noora V. T.
  Required : 1 theory period(s)
  Conflicts:
    • division CS3 timetable completely full on: Tue, Wed, Thu, Fri
INFO:timetable_generator_engine:  [relaxed pass] Formal Languages and Automata Theory / CS3: placing 1 missing period(s)
WARNING:timetable_generator_engine:  [relaxed pass sub2] Formal Languages and Automata Theory / CS3 placed on Monday P7 (theory-cap relaxed as last resort — check teacher load balance)
INFO:timetable_generator_engine:  Attempt 79 (seed=567920) score: 84/100
INFO:timetable_generator_engine:Greedy attempt 80/80 …
WARNING:timetable_generator_engine:Cannot place theory period:
  Subject  : Computer Networks
  Division : CS4
  Teacher  : Dr. Gokul G .N
  Required : 1 theory period(s)
  Conflicts:
    • division CS4 timetable completely full on: Mon, Tue, Wed, Fri
WARNING:timetable_generator_engine:Cannot place theory period:
  Subject  : Computer Networks
  Division : CS3
  Teacher  : Ms.Rini Joy
  Required : 1 theory period(s)
  Conflicts:
    • division CS3 timetable completely full on: Mon, Tue, Thu, Fri
WARNING:timetable_generator_engine:Cannot place theory period:
  Subject  : Computer Networks
  Division : CS2
  Teacher  : Ms. Anisha V. Lal
  Required : 1 theory period(s)
  Conflicts:
    • division CS2 timetable completely full on: Mon, Tue, Wed, Thu
INFO:timetable_generator_engine:  [relaxed pass] Computer Networks / CS4: placing 1 missing period(s)
WARNING:timetable_generator_engine:  [relaxed pass sub2] Computer Networks / CS4 placed on Thursday P7 (theory-cap relaxed as last resort — check teacher load balance)
INFO:timetable_generator_engine:  [relaxed pass] Computer Networks / CS3: placing 1 missing period(s)
WARNING:timetable_generator_engine:  [relaxed pass sub2] Computer Networks / CS3 placed on Wednesday P6 (theory-cap relaxed as last resort — check teacher load balance)
INFO:timetable_generator_engine:  [relaxed pass] Computer Networks / CS2: placing 1 missing period(s)
WARNING:timetable_generator_engine:  [relaxed pass sub2] Computer Networks / CS2 placed on Friday P6 (theory-cap relaxed as last resort — check teacher load balance)
INFO:timetable_generator_engine:  Attempt 80 (seed=516699) score: 79/100
INFO:timetable_generator_engine:Greedy base schedule score: 84
INFO:timetable_generator_engine:✔ Timetable finalised.  Score: 84/100.
INFO:subject_assignment_engine:Semester 7 load: 26 periods — MISMATCH (expected 29, got 26)
WARNING:subject_assignment_engine:Load mismatch for semester 7: got 26, expected 29. Check HOURS_PER_WEEK values.
INFO:timetable_generator_engine:Loaded 36 assignments (24 main) across 3 divisions, semester 7.
INFO:timetable_generator_engine:Greedy attempt 1/80 …
INFO:timetable_generator_engine:  ✔ Elective group 'Program Elective III' anchored → Wednesday P4.
WARNING:timetable_generator_engine:  ✗ Elective group 'Program Elective III' subj 'Program Elective III- Programming Paradigms': cannot pin to anchor (Wednesday P4).
WARNING:timetable_generator_engine:  ✗ Elective group 'Program Elective III' subj 'Program Elective III- Programming Paradigms': cannot pin to anchor (Wednesday P4).
WARNING:timetable_generator_engine:  ✗ Elective group 'Program Elective III' subj 'Program Elective III- Programming Paradigms': cannot pin to anchor (Wednesday P4).
WARNING:timetable_generator_engine:  ✗ Elective group 'Program Elective III' subj 'Program Elective III-Soft Computing': cannot pin to anchor (Wednesday P4).
WARNING:timetable_generator_engine:  ✗ Elective group 'Program Elective III' subj 'Program Elective III-Soft Computing': cannot pin to anchor (Wednesday P4).
WARNING:timetable_generator_engine:  ✗ Elective group 'Program Elective III' subj 'Program Elective III-Soft Computing': cannot pin to anchor (Wednesday P4).
WARNING:timetable_generator_engine:  ✗ Elective group 'Program Elective III' subj 'Program Elective III-Soft Computing': cannot pin to anchor (Wednesday P4).
INFO:timetable_generator_engine:  ✔ Elective group 'Program Elective II' anchored → Tuesday P4.
WARNING:timetable_generator_engine:  ✗ Elective group 'Program Elective II' subj 'Program Elective II-Cloud Computing': cannot pin to anchor (Tuesday P4).
WARNING:timetable_generator_engine:  ✗ Elective group 'Program Elective II' subj 'Program Elective II-Cloud Computing': cannot pin to anchor (Tuesday P4).
WARNING:timetable_generator_engine:  ✗ Elective group 'Program Elective II' subj 'Program Elective II-Cloud Computing': cannot pin to anchor (Tuesday P4).
WARNING:timetable_generator_engine:  ✗ Elective group 'Program Elective II' subj 'Program Elective II-Machine Learning': cannot pin to anchor (Tuesday P4).
WARNING:timetable_generator_engine:  ✗ Elective group 'Program Elective II' subj 'Program Elective II-Machine Learning': cannot pin to anchor (Tuesday P4).
WARNING:timetable_generator_engine:  ✗ Elective group 'Program Elective II' subj 'Program Elective II-Machine Learning': cannot pin to anchor (Tuesday P4).
WARNING:timetable_generator_engine:  ✗ Elective group 'Program Elective II' subj 'Program Elective II-Machine Learning': cannot pin to anchor (Tuesday P4).
INFO:timetable_generator_engine:  Attempt 1 (seed=305942) score: 99/100
INFO:timetable_generator_engine:✔ Early stop on attempt 1 — score 99 ≥ 95.
INFO:timetable_generator_engine:Greedy base schedule score: 99
INFO:timetable_generator_engine:✔ Timetable finalised.  Score: 99/100.
INFO:subject_assignment_engine:Semester 1 load: 31 periods — MISMATCH (expected 34, got 31)
WARNING:subject_assignment_engine:Load mismatch for semester 1: got 31, expected 34. Check HOURS_PER_WEEK values.
INFO:timetable_generator_engine:Loaded 12 assignments (9 main) across 1 divisions, semester 1.
INFO:timetable_generator_engine:Greedy attempt 1/80 …
INFO:timetable_generator_engine:  Attempt 1 (seed=38599) score: 98/100
INFO:timetable_generator_engine:✔ Early stop on attempt 1 — score 98 ≥ 95.
INFO:timetable_generator_engine:Greedy base schedule score: 98
INFO:timetable_generator_engine:✔ Timetable finalised.  Score: 98/100.
INFO:subject_assignment_engine:Semester 3 load: 34 periods — OK
INFO:timetable_generator_engine:Loaded 11 assignments (9 main) across 1 divisions, semester 3.
INFO:timetable_generator_engine:Greedy attempt 1/80 …
INFO:timetable_generator_engine:  Attempt 1 (seed=434826) score: 92/100
INFO:timetable_generator_engine:Greedy attempt 2/80 …
INFO:timetable_generator_engine:  Attempt 2 (seed=343498) score: 92/100
INFO:timetable_generator_engine:Greedy attempt 3/80 …
INFO:timetable_generator_engine:  Attempt 3 (seed=888715) score: 95/100
INFO:timetable_generator_engine:✔ Early stop on attempt 3 — score 95 ≥ 95.
INFO:timetable_generator_engine:Greedy base schedule score: 95
INFO:timetable_generator_engine:✔ Timetable finalised.  Score: 95/100.
INFO:subject_assignment_engine:Semester 5 load: 34 periods — OK
INFO:timetable_generator_engine:Loaded 10 assignments (8 main) across 1 divisions, semester 5.
INFO:timetable_generator_engine:Greedy attempt 1/80 …
INFO:timetable_generator_engine:  Attempt 1 (seed=925008) score: 95/100
INFO:timetable_generator_engine:✔ Early stop on attempt 1 — score 95 ≥ 95.
INFO:timetable_generator_engine:Greedy base schedule score: 95
INFO:timetable_generator_engine:✔ Timetable finalised.  Score: 95/100.
INFO:subject_assignment_engine:Semester 7 load: 37 periods — MISMATCH (expected 29, got 37)
WARNING:subject_assignment_engine:Load mismatch for semester 7: got 37, expected 29. Check HOURS_PER_WEEK values.
INFO:timetable_generator_engine:Loaded 14 assignments (9 main) across 1 divisions, semester 7.
INFO:timetable_generator_engine:Greedy attempt 1/80 …
WARNING:timetable_generator_engine:Cannot place lab block:
  Subject  : Project Phase I
  Division : EC
  Teacher  : Mr. Dinesh Babu M.
  Required : 6 lab block(s)
  Conflicts:
    • no continuous 6-period block available — per day: Mon(daily cap), Tue(daily cap), Wed(daily cap), Thu(daily cap), Fri(daily cap)
WARNING:timetable_generator_engine:Cannot place theory period:
  Subject  : Optical Fibre Communication
  Division : EC
  Teacher  : Mr. Ajit Joseph
  Required : 1 theory period(s)
  Conflicts:
    • division EC timetable completely full on: Mon, Tue, Wed, Thu, Fri
WARNING:timetable_generator_engine:Cannot place theory period:
  Subject  : Microwaves and Antennas
  Division : EC
  Teacher  : Ms. Sukanya Singh
  Required : 1 theory period(s)
  Conflicts:
    • division EC timetable completely full on: Mon, Tue, Wed, Thu, Fri
INFO:timetable_generator_engine:  [relaxed pass] Microwaves and Antennas / EC: placing 1 missing period(s)
WARNING:timetable_generator_engine:  [relaxed pass] Cannot place Microwaves and Antennas / EC even with relaxed cap
INFO:timetable_generator_engine:  [relaxed pass] Optical Fibre Communication / EC: placing 1 missing period(s)
WARNING:timetable_generator_engine:  [relaxed pass] Cannot place Optical Fibre Communication / EC even with relaxed cap
INFO:timetable_generator_engine:  Attempt 1 (seed=273203) score: 97/100
INFO:timetable_generator_engine:✔ Early stop on attempt 1 — score 97 ≥ 95.
INFO:timetable_generator_engine:Greedy base schedule score: 97
INFO:timetable_generator_engine:✔ Timetable finalised.  Score: 97/100.
INFO:subject_assignment_engine:Semester 1 load: 25 periods — MISMATCH (expected 34, got 25)
WARNING:subject_assignment_engine:Load mismatch for semester 1: got 25, expected 34. Check HOURS_PER_WEEK values.
INFO:timetable_generator_engine:Loaded 9 assignments (7 main) across 1 divisions, semester 1.
INFO:timetable_generator_engine:Greedy attempt 1/80 …
INFO:timetable_generator_engine:  Attempt 1 (seed=750253) score: 98/100
INFO:timetable_generator_engine:✔ Early stop on attempt 1 — score 98 ≥ 95.
INFO:timetable_generator_engine:Greedy base schedule score: 98
INFO:timetable_generator_engine:✔ Timetable finalised.  Score: 98/100.
INFO:subject_assignment_engine:Semester 3 load: 34 periods — OK
INFO:timetable_generator_engine:Loaded 9 assignments (7 main) across 1 divisions, semester 3.
INFO:timetable_generator_engine:Greedy attempt 1/80 …
INFO:timetable_generator_engine:  Attempt 1 (seed=219491) score: 100/100
INFO:timetable_generator_engine:✔ Early stop on attempt 1 — score 100 ≥ 95.
INFO:timetable_generator_engine:Greedy base schedule score: 100
INFO:timetable_generator_engine:✔ Timetable finalised.  Score: 100/100.
INFO:subject_assignment_engine:Semester 5 load: 34 periods — OK
INFO:timetable_generator_engine:Loaded 2 assignments (1 main) across 1 divisions, semester 5.
INFO:timetable_generator_engine:Greedy attempt 1/80 …
INFO:timetable_generator_engine:  Attempt 1 (seed=599009) score: 100/100
INFO:timetable_generator_engine:✔ Early stop on attempt 1 — score 100 ≥ 95.
INFO:timetable_generator_engine:Greedy base schedule score: 100
INFO:timetable_generator_engine:✔ Timetable finalised.  Score: 100/100.
INFO:subject_assignment_engine:Semester 7 load: 26 periods — MISMATCH (expected 29, got 26)
WARNING:subject_assignment_engine:Load mismatch for semester 7: got 26, expected 29. Check HOURS_PER_WEEK values.
INFO:timetable_generator_engine:Loaded 6 assignments (2 main) across 1 divisions, semester 7.
INFO:timetable_generator_engine:Greedy attempt 1/80 …
INFO:timetable_generator_engine:  Attempt 1 (seed=533008) score: 100/100
INFO:timetable_generator_engine:✔ Early stop on attempt 1 — score 100 ≥ 95.
INFO:timetable_generator_engine:Greedy base schedule score: 100
INFO:timetable_generator_engine:✔ Timetable finalised.  Score: 100/100.
INFO:subject_assignment_engine:Semester 1 load: 34 periods — OK
INFO:timetable_generator_engine:Loaded 12 assignments (10 main) across 1 divisions, semester 1.
INFO:timetable_generator_engine:Greedy attempt 1/80 …
INFO:timetable_generator_engine:  Attempt 1 (seed=424812) score: 95/100
INFO:timetable_generator_engine:✔ Early stop on attempt 1 — score 95 ≥ 95.
INFO:timetable_generator_engine:Greedy base schedule score: 95
INFO:timetable_generator_engine:✔ Timetable finalised.  Score: 95/100.
INFO:subject_assignment_engine:Semester 3 load: 34 periods — OK
INFO:timetable_generator_engine:Loaded 9 assignments (9 main) across 1 divisions, semester 3.
INFO:timetable_generator_engine:Greedy attempt 1/80 …
INFO:timetable_generator_engine:  Attempt 1 (seed=378323) score: 99/100
INFO:timetable_generator_engine:✔ Early stop on attempt 1 — score 99 ≥ 95.
INFO:timetable_generator_engine:Greedy base schedule score: 99
INFO:timetable_generator_engine:✔ Timetable finalised.  Score: 99/100.
INFO:subject_assignment_engine:Semester 5 load: 34 periods — OK
INFO:timetable_generator_engine:Loaded 9 assignments (7 main) across 1 divisions, semester 5.
INFO:timetable_generator_engine:Greedy attempt 1/80 …
INFO:timetable_generator_engine:  Attempt 1 (seed=507805) score: 96/100
INFO:timetable_generator_engine:✔ Early stop on attempt 1 — score 96 ≥ 95.
INFO:timetable_generator_engine:Greedy base schedule score: 96
INFO:timetable_generator_engine:✔ Timetable finalised.  Score: 96/100.
INFO:subject_assignment_engine:Semester 7 load: 29 periods — OK
INFO:timetable_generator_engine:Loaded 12 assignments (7 main) across 1 divisions, semester 7.
INFO:timetable_generator_engine:Greedy attempt 1/80 …
WARNING:timetable_generator_engine:Cannot place lab block:
  Subject  : Mechanical Engineering Lab
  Division : ME
  Teacher  : Dr. Vidya Chandran
  Required : 6 lab block(s)
  Conflicts:
    • no continuous 6-period block available — per day: Mon(daily cap), Tue(daily cap), Wed(daily cap), Thu(daily cap), Fri(daily cap)
INFO:timetable_generator_engine:  Attempt 1 (seed=915031) score: 98/100
INFO:timetable_generator_engine:✔ Early stop on attempt 1 — score 98 ≥ 95.
INFO:timetable_generator_engine:Greedy base schedule score: 98
INFO:timetable_generator_engine:✔ Timetable finalised.  Score: 98/100.
POST /admin/assign-subjects
Final URL: http://localhost/admin
ERRORS FOUND in flash messages!
<div class="flash-msg error">Completed with errors: Validation failed for AIDS Sem 5: Assignment validation FAILED:
Generated 432 timetable rows.
